{
  "type" : "FeatureCollection",
  "features" : [{"type":"Feature","id":0,"geometry":{"type":"LineString","coordinates":[[106.62118000025686,43.086110000076474],[106.62163698805659,43.0855711514875]]},"properties":{"FID":0,"Source_id":2,"Shape_Leng":37.056524302100001,"Region":"ASIA","Segment":"Blasting Solutions","Method":"Road","Product_tr":"Initiating System","Segment_id":1,"Shape_Le_1":0.00070653779159199999,"Road":"Road_2","Length":70.485944381899998,"ID":"Road_2_1"}},{"type":"Feature","id":1,"geometry":{"type":"LineString","coordinates":[[106.62163698805659,43.0855711514875],[106.6221308012955,43.085049157092953]]},"properties":{"FID":1,"Source_id":2,"Shape_Leng":37.056524302100001,"Region":"ASIA","Segment":"Blasting Solutions","Method":"Road","Product_tr":"Initiating System","Segment_id":2,"Shape_Le_1":0.00071856082752600001,"Road":"Road_2","Length":70.567561085899996,"ID":"Road_2_2"}},{"type":"Feature","id":2,"geometry":{"type":"LineString","coordinates":[[106.6221308012955,43.085049157092953],[106.62266975240721,43.084557319664611]]},"properties":{"FID":2,"Source_id":2,"Shape_Leng":37.056524302100001,"Region":"ASIA","Segment":"Blasting Solutions","Method":"Road","Product_tr":"Initiating System","Segment_id":3,"Shape_Le_1":0.00072963851099599997,"Road":"Road_2","Length":70.082533657200003,"ID":"Road_2_3"}},{"type":"Feature","id":3,"geometry":{"type":"LineString","coordinates":[[106.62266975240721,43.084557319664611],[106.62327792703479,43.084105748481534]]},"properties":{"FID":3,"Source_id":2,"Shape_Leng":37.056524302100001,"Region":"ASIA","Segment":"Blasting Solutions","Method":"Road","Product_tr":"Initiating System","Segment_id":4,"Shape_Le_1":0.00075749119534600001,"Road":"Road_2","Length":70.493151884100001,"ID":"Road_2_4"}},{"type":"Feature","id":4,"geometry":{"type":"LineString","coordinates":[[106.62327792703479,43.084105748481534],[106.62394531662312,43.083700595805908]]},"properties":{"FID":4,"Source_id":2,"Shape_Leng":37.056524302100001,"Region":"ASIA","Segment":"Blasting Solutions","Method":"Road","Product_tr":"Initiating System","Segment_id":5,"Shape_Le_1":0.00078074166865700005,"Road":"Road_2","Length":70.564498870199998,"ID":"Road_2_5"}},{"type":"Feature","id":5,"geometry":{"type":"LineString","coordinates":[[106.62394531662312,43.083700595805908],[106.62463046872119,43.083312254157249]]},"properties":{"FID":5,"Source_id":2,"Shape_Leng":37.056524302100001,"Region":"ASIA","Segment":"Blasting Solutions","Method":"Road","Product_tr":"Initiating System","Segment_id":6,"Shape_Le_1":0.00078755484480500003,"Road":"Road_2","Length":70.526988475500005,"ID":"Road_2_6"}},{"type":"Feature","id":6,"geometry":{"type":"LineString","coordinates":[[106.62463046872119,43.083312254157249],[106.6253218989865,43.082931929065353]]},"properties":{"FID":6,"Source_id":2,"Shape_Leng":37.056524302100001,"Region":"ASIA","Segment":"Blasting Solutions","Method":"Road","Product_tr":"Initiating System","Segment_id":7,"Shape_Le_1":0.00078912799171400002,"Road":"Road_2","Length":70.394252292900006,"ID":"Road_2_7"}},{"type":"Feature","id":7,"geometry":{"type":"LineString","coordinates":[[106.6253218989865,43.082931929065353],[106.62602143394207,43.082557052066363]]},"properties":{"FID":7,"Source_id":2,"Shape_Leng":37.056524302100001,"Region":"ASIA","Segment":"Blasting Solutions","Method":"Road","Product_tr":"Initiating System","Segment_id":8,"Shape_Le_1":0.00079365100544199997,"Road":"Road_2","Length":70.564609101000002,"ID":"Road_2_8"}},{"type":"Feature","id":8,"geometry":{"type":"LineString","coordinates":[[106.62602143394207,43.082557052066363],[106.62671571865553,43.082176961697485]]},"properties":{"FID":8,"Source_id":2,"Shape_Leng":37.056524302100001,"Region":"ASIA","Segment":"Blasting Solutions","Method":"Road","Product_tr":"Initiating System","Segment_id":9,"Shape_Le_1":0.00079151749940200005,"Road":"Road_2","Length":70.565250094299998,"ID":"Road_2_9"}},{"type":"Feature","id":9,"geometry":{"type":"LineString","coordinates":[[106.62671571865553,43.082176961697485],[106.6274172869783,43.081804113569035]]},"properties":{"FID":9,"Source_id":2,"Shape_Leng":37.056524302100001,"Region":"ASIA","Segment":"Blasting Solutions","Method":"Road","Product_tr":"Initiating System","Segment_id":10,"Shape_Le_1":0.00079448967167599998,"Road":"Road_2","Length":70.566366744500002,"ID":"Road_2_10"}},{"type":"Feature","id":10,"geometry":{"type":"LineString","coordinates":[[106.6274172869783,43.081804113569035],[106.62809185315655,43.0814064711318]]},"properties":{"FID":10,"Source_id":2,"Shape_Leng":37.056524302100001,"Region":"ASIA","Segment":"Blasting Solutions","Method":"Road","Product_tr":"Initiating System","Segment_id":11,"Shape_Le_1":0.00078304472204699998,"Road":"Road_2","Length":70.491275242,"ID":"Road_2_11"}},{"type":"Feature","id":11,"geometry":{"type":"LineString","coordinates":[[106.62809185315655,43.0814064711318],[106.62873989293178,43.080986142396625]]},"properties":{"FID":11,"Source_id":2,"Shape_Leng":37.056524302100001,"Region":"ASIA","Segment":"Blasting Solutions","Method":"Road","Product_tr":"Initiating System","Segment_id":12,"Shape_Le_1":0.00077241944297900004,"Road":"Road_2","Length":70.465803932100002,"ID":"Road_2_12"}},{"type":"Feature","id":12,"geometry":{"type":"LineString","coordinates":[[106.62873989293178,43.080986142396625],[106.62931812193386,43.080513538768855]]},"properties":{"FID":12,"Source_id":2,"Shape_Leng":37.056524302100001,"Region":"ASIA","Segment":"Blasting Solutions","Method":"Road","Product_tr":"Initiating System","Segment_id":13,"Shape_Le_1":0.00074679513110100003,"Road":"Road_2","Length":70.525625002500007,"ID":"Road_2_13"}},{"type":"Feature","id":13,"geometry":{"type":"LineString","coordinates":[[106.62931812193386,43.080513538768855],[106.62983082633161,43.080001560123947]]},"properties":{"FID":13,"Source_id":2,"Shape_Leng":37.056524302100001,"Region":"ASIA","Segment":"Blasting Solutions","Method":"Road","Product_tr":"Initiating System","Segment_id":14,"Shape_Le_1":0.00072456050976699995,"Road":"Road_2","Length":70.557229470999999,"ID":"Road_2_14"}},{"type":"Feature","id":14,"geometry":{"type":"LineString","coordinates":[[106.62983082633161,43.080001560123947],[106.63028855877002,43.079464692741453]]},"properties":{"FID":14,"Source_id":2,"Shape_Leng":37.056524302100001,"Region":"ASIA","Segment":"Blasting Solutions","Method":"Road","Product_tr":"Initiating System","Segment_id":15,"Shape_Le_1":0.00070551085856599999,"Road":"Road_2","Length":70.3331327999,"ID":"Road_2_15"}},{"type":"Feature","id":15,"geometry":{"type":"LineString","coordinates":[[106.63028855877002,43.079464692741453],[106.63068387106387,43.07889955876766]]},"properties":{"FID":15,"Source_id":2,"Shape_Leng":37.056524302100001,"Region":"ASIA","Segment":"Blasting Solutions","Method":"Road","Product_tr":"Initiating System","Segment_id":16,"Shape_Le_1":0.00068967254404000001,"Road":"Road_2","Length":70.555620601200005,"ID":"Road_2_16"}},{"type":"Feature","id":16,"geometry":{"type":"LineString","coordinates":[[106.63068387106387,43.07889955876766],[106.63103941443751,43.078321053673733]]},"properties":{"FID":16,"Source_id":2,"Shape_Leng":37.056524302100001,"Region":"ASIA","Segment":"Blasting Solutions","Method":"Road","Product_tr":"Initiating System","Segment_id":17,"Shape_Le_1":0.00067902815423299999,"Road":"Road_2","Length":70.489773420800006,"ID":"Road_2_17"}},{"type":"Feature","id":17,"geometry":{"type":"LineString","coordinates":[[106.63103941443751,43.078321053673733],[106.63138789363643,43.07773956193131]]},"properties":{"FID":17,"Source_id":2,"Shape_Leng":37.056524302100001,"Region":"ASIA","Segment":"Blasting Solutions","Method":"Road","Product_tr":"Initiating System","Segment_id":18,"Shape_Le_1":0.00067791621796900003,"Road":"Road_2","Length":70.559181652999996,"ID":"Road_2_18"}},{"type":"Feature","id":18,"geometry":{"type":"LineString","coordinates":[[106.63138789363643,43.07773956193131],[106.63173573251811,43.077157833667115]]},"properties":{"FID":18,"Source_id":2,"Shape_Leng":37.056524302100001,"Region":"ASIA","Segment":"Blasting Solutions","Method":"Road","Product_tr":"Initiating System","Segment_id":19,"Shape_Le_1":0.00067779027801400001,"Road":"Road_2","Length":70.562390986099999,"ID":"Road_2_19"}},{"type":"Feature","id":19,"geometry":{"type":"LineString","coordinates":[[106.63173573251811,43.077157833667115],[106.63209822045656,43.076581530113572]]},"properties":{"FID":19,"Source_id":2,"Shape_Leng":37.056524302100001,"Region":"ASIA","Segment":"Blasting Solutions","Method":"Road","Product_tr":"Initiating System","Segment_id":20,"Shape_Le_1":0.00068082544851500002,"Road":"Road_2","Length":70.502107400499995,"ID":"Road_2_20"}},{"type":"Feature","id":20,"geometry":{"type":"LineString","coordinates":[[106.63209822045656,43.076581530113572],[106.63243866960897,43.07599756073887]]},"properties":{"FID":20,"Source_id":2,"Shape_Leng":37.056524302100001,"Region":"ASIA","Segment":"Blasting Solutions","Method":"Road","Product_tr":"Initiating System","Segment_id":21,"Shape_Le_1":0.00067596291020399996,"Road":"Road_2","Length":70.552022063300001,"ID":"Road_2_21"}},{"type":"Feature","id":21,"geometry":{"type":"LineString","coordinates":[[106.63243866960897,43.07599756073887],[106.63276254335676,43.075408641495642]]},"properties":{"FID":21,"Source_id":2,"Shape_Leng":37.056524302100001,"Region":"ASIA","Segment":"Blasting Solutions","Method":"Road","Product_tr":"Initiating System","Segment_id":22,"Shape_Le_1":0.00067210124203899999,"Road":"Road_2","Length":70.542328133400005,"ID":"Road_2_22"}},{"type":"Feature","id":22,"geometry":{"type":"LineString","coordinates":[[106.63276254335676,43.075408641495642],[106.63302667783898,43.074803820440025]]},"properties":{"FID":22,"Source_id":2,"Shape_Leng":37.056524302100001,"Region":"ASIA","Segment":"Blasting Solutions","Method":"Road","Product_tr":"Initiating System","Segment_id":23,"Shape_Le_1":0.00065998146490399998,"Road":"Road_2","Length":70.551581884399994,"ID":"Road_2_23"}},{"type":"Feature","id":23,"geometry":{"type":"LineString","coordinates":[[106.63302667783898,43.074803820440025],[106.63323390502075,43.074187312694391]]},"properties":{"FID":23,"Source_id":2,"Shape_Leng":37.056524302100001,"Region":"ASIA","Segment":"Blasting Solutions","Method":"Road","Product_tr":"Initiating System","Segment_id":24,"Shape_Le_1":0.00065040364796500004,"Road":"Road_2","Length":70.539168874699996,"ID":"Road_2_24"}},{"type":"Feature","id":24,"geometry":{"type":"LineString","coordinates":[[106.63323390502075,43.074187312694391],[106.6334001581908,43.073564328930672]]},"properties":{"FID":24,"Source_id":2,"Shape_Leng":37.056524302100001,"Region":"ASIA","Segment":"Blasting Solutions","Method":"Road","Product_tr":"Initiating System","Segment_id":25,"Shape_Le_1":0.000644785922931,"Road":"Road_2","Length":70.521929784999998,"ID":"Road_2_25"}},{"type":"Feature","id":25,"geometry":{"type":"LineString","coordinates":[[106.6334001581908,43.073564328930672],[106.63355778866105,43.072939818118186]]},"properties":{"FID":25,"Source_id":2,"Shape_Leng":37.056524302100001,"Region":"ASIA","Segment":"Blasting Solutions","Method":"Road","Product_tr":"Initiating System","Segment_id":26,"Shape_Le_1":0.000644097135582,"Road":"Road_2","Length":70.557293918799999,"ID":"Road_2_26"}},{"type":"Feature","id":26,"geometry":{"type":"LineString","coordinates":[[106.63355778866105,43.072939818118186],[106.63372446900911,43.072316593336154]]},"properties":{"FID":26,"Source_id":2,"Shape_Leng":37.056524302100001,"Region":"ASIA","Segment":"Blasting Solutions","Method":"Road","Product_tr":"Initiating System","Segment_id":27,"Shape_Le_1":0.000645129031565,"Road":"Road_2","Length":70.554931241199995,"ID":"Road_2_27"}},{"type":"Feature","id":27,"geometry":{"type":"LineString","coordinates":[[106.63372446900911,43.072316593336154],[106.63393210358379,43.071700007349534]]},"properties":{"FID":27,"Source_id":2,"Shape_Leng":37.056524302100001,"Region":"ASIA","Segment":"Blasting Solutions","Method":"Road","Product_tr":"Initiating System","Segment_id":28,"Shape_Le_1":0.00065060771244899996,"Road":"Road_2","Length":70.555688230000001,"ID":"Road_2_28"}},{"type":"Feature","id":28,"geometry":{"type":"LineString","coordinates":[[106.63393210358379,43.071700007349534],[106.63416510713404,43.071088765134448]]},"properties":{"FID":28,"Source_id":2,"Shape_Leng":37.056524302100001,"Region":"ASIA","Segment":"Blasting Solutions","Method":"Road","Product_tr":"Initiating System","Segment_id":29,"Shape_Le_1":0.00065414654316300002,"Road":"Road_2","Length":70.507339365000007,"ID":"Road_2_29"}},{"type":"Feature","id":29,"geometry":{"type":"LineString","coordinates":[[106.63416510713404,43.071088765134448],[106.63447830233184,43.070497546324759]]},"properties":{"FID":29,"Source_id":2,"Shape_Leng":37.056524302100001,"Region":"ASIA","Segment":"Blasting Solutions","Method":"Road","Product_tr":"Initiating System","Segment_id":30,"Shape_Le_1":0.00066905224972199997,"Road":"Road_2","Length":70.460547003399995,"ID":"Road_2_30"}},{"type":"Feature","id":30,"geometry":{"type":"LineString","coordinates":[[106.63447830233184,43.070497546324759],[106.63485753834476,43.069926562261116]]},"properties":{"FID":30,"Source_id":2,"Shape_Leng":37.056524302100001,"Region":"ASIA","Segment":"Blasting Solutions","Method":"Road","Product_tr":"Initiating System","Segment_id":31,"Shape_Le_1":0.00068545076732600004,"Road":"Road_2","Length":70.553608710700004,"ID":"Road_2_31"}},{"type":"Feature","id":31,"geometry":{"type":"LineString","coordinates":[[106.63485753834476,43.069926562261116],[106.63526362991263,43.069365700966387]]},"properties":{"FID":31,"Source_id":2,"Shape_Leng":37.056524302100001,"Region":"ASIA","Segment":"Blasting Solutions","Method":"Road","Product_tr":"Initiating System","Segment_id":32,"Shape_Le_1":0.00069244187728600005,"Road":"Road_2","Length":70.5431366798,"ID":"Road_2_32"}},{"type":"Feature","id":32,"geometry":{"type":"LineString","coordinates":[[106.63526362991263,43.069365700966387],[106.63570298020841,43.068818423931191]]},"properties":{"FID":32,"Source_id":2,"Shape_Leng":37.056524302100001,"Region":"ASIA","Segment":"Blasting Solutions","Method":"Road","Product_tr":"Initiating System","Segment_id":33,"Shape_Le_1":0.00070181253597600003,"Road":"Road_2","Length":70.548602595000006,"ID":"Road_2_33"}},{"type":"Feature","id":33,"geometry":{"type":"LineString","coordinates":[[106.63570298020841,43.068818423931191],[106.63614834876734,43.068273785506847]]},"properties":{"FID":33,"Source_id":2,"Shape_Leng":37.056524302100001,"Region":"ASIA","Segment":"Blasting Solutions","Method":"Road","Product_tr":"Initiating System","Segment_id":34,"Shape_Le_1":0.00070355111154299995,"Road":"Road_2","Length":70.547090283499998,"ID":"Road_2_34"}},{"type":"Feature","id":34,"geometry":{"type":"LineString","coordinates":[[106.63614834876734,43.068273785506847],[106.63660113583381,43.067732401729018]]},"properties":{"FID":34,"Source_id":2,"Shape_Leng":37.056524302100001,"Region":"ASIA","Segment":"Blasting Solutions","Method":"Road","Product_tr":"Initiating System","Segment_id":35,"Shape_Le_1":0.00070577087108099996,"Road":"Road_2","Length":70.551360960599993,"ID":"Road_2_35"}},{"type":"Feature","id":35,"geometry":{"type":"LineString","coordinates":[[106.63660113583381,43.067732401729018],[106.63707349484599,43.067200266579107]]},"properties":{"FID":35,"Source_id":2,"Shape_Leng":37.056524302100001,"Region":"ASIA","Segment":"Blasting Solutions","Method":"Road","Product_tr":"Initiating System","Segment_id":36,"Shape_Le_1":0.000711541182334,"Road":"Road_2","Length":70.534447567499996,"ID":"Road_2_36"}},{"type":"Feature","id":36,"geometry":{"type":"LineString","coordinates":[[106.63707349484599,43.067200266579107],[106.63760104345346,43.066697463717048]]},"properties":{"FID":36,"Source_id":2,"Shape_Leng":37.056524302100001,"Region":"ASIA","Segment":"Blasting Solutions","Method":"Road","Product_tr":"Initiating System","Segment_id":37,"Shape_Le_1":0.00072877860241100001,"Road":"Road_2","Length":70.474035820200001,"ID":"Road_2_37"}},{"type":"Feature","id":37,"geometry":{"type":"LineString","coordinates":[[106.63760104345346,43.066697463717048],[106.63817188002832,43.066219882341727]]},"properties":{"FID":37,"Source_id":2,"Shape_Leng":37.056524302100001,"Region":"ASIA","Segment":"Blasting Solutions","Method":"Road","Product_tr":"Initiating System","Segment_id":38,"Shape_Le_1":0.00074427035763800005,"Road":"Road_2","Length":70.547134568199994,"ID":"Road_2_38"}},{"type":"Feature","id":38,"geometry":{"type":"LineString","coordinates":[[106.63817188002832,43.066219882341727],[106.63877145803644,43.065762911629122]]},"properties":{"FID":38,"Source_id":2,"Shape_Leng":37.056524302100001,"Region":"ASIA","Segment":"Blasting Solutions","Method":"Road","Product_tr":"Initiating System","Segment_id":39,"Shape_Le_1":0.00075386737560499998,"Road":"Road_2","Length":70.444245073999994,"ID":"Road_2_39"}},{"type":"Feature","id":39,"geometry":{"type":"LineString","coordinates":[[106.63877145803644,43.065762911629122],[106.63937783941583,43.065309499533839]]},"properties":{"FID":39,"Source_id":2,"Shape_Leng":37.056524302100001,"Region":"ASIA","Segment":"Blasting Solutions","Method":"Road","Product_tr":"Initiating System","Segment_id":40,"Shape_Le_1":0.00075715315849100005,"Road":"Road_2","Length":70.546993420600003,"ID":"Road_2_40"}},{"type":"Feature","id":40,"geometry":{"type":"LineString","coordinates":[[106.63937783941583,43.065309499533839],[106.63998817511424,43.064862008574892]]},"properties":{"FID":40,"Source_id":2,"Shape_Leng":37.056524302100001,"Region":"ASIA","Segment":"Blasting Solutions","Method":"Road","Product_tr":"Initiating System","Segment_id":41,"Shape_Le_1":0.00075680765263999995,"Road":"Road_2","Length":70.306470815799997,"ID":"Road_2_41"}},{"type":"Feature","id":41,"geometry":{"type":"LineString","coordinates":[[106.63998817511424,43.064862008574892],[106.64060091290185,43.064413180324038]]},"properties":{"FID":41,"Source_id":2,"Shape_Leng":37.056524302100001,"Region":"ASIA","Segment":"Blasting Solutions","Method":"Road","Product_tr":"Initiating System","Segment_id":42,"Shape_Le_1":0.00075953564440600001,"Road":"Road_2","Length":70.550138718599996,"ID":"Road_2_42"}},{"type":"Feature","id":42,"geometry":{"type":"LineString","coordinates":[[106.64060091290185,43.064413180324038],[106.64121578747864,43.06396595376583]]},"properties":{"FID":42,"Source_id":2,"Shape_Leng":37.056524302100001,"Region":"ASIA","Segment":"Blasting Solutions","Method":"Road","Product_tr":"Initiating System","Segment_id":43,"Shape_Le_1":0.00076031726243599995,"Road":"Road_2","Length":70.548208121100004,"ID":"Road_2_43"}},{"type":"Feature","id":43,"geometry":{"type":"LineString","coordinates":[[106.64121578747864,43.06396595376583],[106.64184163918037,43.063527962345631]]},"properties":{"FID":43,"Source_id":2,"Shape_Leng":37.056524302100001,"Region":"ASIA","Segment":"Blasting Solutions","Method":"Road","Product_tr":"Initiating System","Segment_id":44,"Shape_Le_1":0.00076388928302699997,"Road":"Road_2","Length":70.473809152200005,"ID":"Road_2_44"}},{"type":"Feature","id":44,"geometry":{"type":"LineString","coordinates":[[106.64184163918037,43.063527962345631],[106.64251783043358,43.063131239914867]]},"properties":{"FID":44,"Source_id":2,"Shape_Leng":37.056524302100001,"Region":"ASIA","Segment":"Blasting Solutions","Method":"Road","Product_tr":"Initiating System","Segment_id":45,"Shape_Le_1":0.00078397914384500001,"Road":"Road_2","Length":70.543223459100005,"ID":"Road_2_45"}},{"type":"Feature","id":45,"geometry":{"type":"LineString","coordinates":[[106.64251783043358,43.063131239914867],[106.64319467189665,43.062736663266435]]},"properties":{"FID":45,"Source_id":2,"Shape_Leng":37.056524302100001,"Region":"ASIA","Segment":"Blasting Solutions","Method":"Road","Product_tr":"Initiating System","Segment_id":46,"Shape_Le_1":0.00078345714472900004,"Road":"Road_2","Length":70.436259626899997,"ID":"Road_2_46"}},{"type":"Feature","id":46,"geometry":{"type":"LineString","coordinates":[[106.64319467189665,43.062736663266435],[106.64388815261623,43.062358449782664]]},"properties":{"FID":46,"Source_id":2,"Shape_Leng":37.056524302100001,"Region":"ASIA","Segment":"Blasting Solutions","Method":"Road","Product_tr":"Initiating System","Segment_id":47,"Shape_Le_1":0.00078991198733099996,"Road":"Road_2","Length":70.402653962399995,"ID":"Road_2_47"}},{"type":"Feature","id":47,"geometry":{"type":"LineString","coordinates":[[106.64388815261623,43.062358449782664],[106.64455499631606,43.061953790834821]]},"properties":{"FID":47,"Source_id":2,"Shape_Leng":37.056524302100001,"Region":"ASIA","Segment":"Blasting Solutions","Method":"Road","Product_tr":"Initiating System","Segment_id":48,"Shape_Le_1":0.00078001883571900002,"Road":"Road_2","Length":70.509962248799994,"ID":"Road_2_48"}},{"type":"Feature","id":48,"geometry":{"type":"LineString","coordinates":[[106.64455499631606,43.061953790834821],[106.64523863125788,43.061563976996013]]},"properties":{"FID":48,"Source_id":2,"Shape_Leng":37.056524302100001,"Region":"ASIA","Segment":"Blasting Solutions","Method":"Road","Product_tr":"Initiating System","Segment_id":49,"Shape_Le_1":0.00078696350779900001,"Road":"Road_2","Length":70.545040452799995,"ID":"Road_2_49"}},{"type":"Feature","id":49,"geometry":{"type":"LineString","coordinates":[[106.64523863125788,43.061563976996013],[106.64593324692186,43.061185266187124]]},"properties":{"FID":49,"Source_id":2,"Shape_Leng":37.056524302100001,"Region":"ASIA","Segment":"Blasting Solutions","Method":"Road","Product_tr":"Initiating System","Segment_id":50,"Shape_Le_1":0.00079114650818100005,"Road":"Road_2","Length":70.510669507000003,"ID":"Road_2_50"}},{"type":"Feature","id":50,"geometry":{"type":"LineString","coordinates":[[106.64593324692186,43.061185266187124],[106.6466144447009,43.060793225626924]]},"properties":{"FID":50,"Source_id":2,"Shape_Leng":37.056524302100001,"Region":"ASIA","Segment":"Blasting Solutions","Method":"Road","Product_tr":"Initiating System","Segment_id":51,"Shape_Le_1":0.00078595560626400001,"Road":"Road_2","Length":70.541434124999995,"ID":"Road_2_51"}},{"type":"Feature","id":51,"geometry":{"type":"LineString","coordinates":[[106.6466144447009,43.060793225626924],[106.64728008960452,43.060387142152933]]},"properties":{"FID":51,"Source_id":2,"Shape_Leng":37.056524302100001,"Region":"ASIA","Segment":"Blasting Solutions","Method":"Road","Product_tr":"Initiating System","Segment_id":52,"Shape_Le_1":0.00077973516373400003,"Road":"Road_2","Length":70.536924759399994,"ID":"Road_2_52"}},{"type":"Feature","id":52,"geometry":{"type":"LineString","coordinates":[[106.64728008960452,43.060387142152933],[106.64792109937929,43.059960439922406]]},"properties":{"FID":52,"Source_id":2,"Shape_Leng":37.056524302100001,"Region":"ASIA","Segment":"Blasting Solutions","Method":"Road","Product_tr":"Initiating System","Segment_id":53,"Shape_Le_1":0.00077004436553000004,"Road":"Road_2","Length":70.525248403099994,"ID":"Road_2_53"}},{"type":"Feature","id":53,"geometry":{"type":"LineString","coordinates":[[106.64792109937929,43.059960439922406],[106.64853470771067,43.059512836548208]]},"properties":{"FID":53,"Source_id":2,"Shape_Leng":37.056524302100001,"Region":"ASIA","Segment":"Blasting Solutions","Method":"Road","Product_tr":"Initiating System","Segment_id":54,"Shape_Le_1":0.00075951561203800003,"Road":"Road_2","Length":70.507075218400004,"ID":"Road_2_54"}},{"type":"Feature","id":54,"geometry":{"type":"LineString","coordinates":[[106.64853470771067,43.059512836548208],[106.64911950626026,43.059048395167338]]},"properties":{"FID":54,"Source_id":2,"Shape_Leng":37.056524302100001,"Region":"ASIA","Segment":"Blasting Solutions","Method":"Road","Product_tr":"Initiating System","Segment_id":55,"Shape_Le_1":0.00074678989004599999,"Road":"Road_2","Length":70.226062478000003,"ID":"Road_2_55"}},{"type":"Feature","id":55,"geometry":{"type":"LineString","coordinates":[[106.64911950626026,43.059048395167338],[106.64970822045808,43.058582714520696]]},"properties":{"FID":55,"Source_id":2,"Shape_Leng":37.056524302100001,"Region":"ASIA","Segment":"Blasting Solutions","Method":"Road","Product_tr":"Initiating System","Segment_id":56,"Shape_Le_1":0.00075062831772400003,"Road":"Road_2","Length":70.5439844733,"ID":"Road_2_56"}},{"type":"Feature","id":56,"geometry":{"type":"LineString","coordinates":[[106.64970822045808,43.058582714520696],[106.65030531453868,43.0581228407965]]},"properties":{"FID":56,"Source_id":2,"Shape_Leng":37.056524302100001,"Region":"ASIA","Segment":"Blasting Solutions","Method":"Road","Product_tr":"Initiating System","Segment_id":57,"Shape_Le_1":0.00075366118601000003,"Road":"Road_2","Length":70.541477504599996,"ID":"Road_2_57"}},{"type":"Feature","id":57,"geometry":{"type":"LineString","coordinates":[[106.65030531453868,43.0581228407965],[106.65088934416798,43.057654098857654]]},"properties":{"FID":57,"Source_id":2,"Shape_Leng":37.056524302100001,"Region":"ASIA","Segment":"Blasting Solutions","Method":"Road","Product_tr":"Initiating System","Segment_id":58,"Shape_Le_1":0.00074887222750400005,"Road":"Road_2","Length":70.536283132400001,"ID":"Road_2_58"}},{"type":"Feature","id":58,"geometry":{"type":"LineString","coordinates":[[106.65088934416798,43.057654098857654],[106.65144603620564,43.057168567475458]]},"properties":{"FID":58,"Source_id":2,"Shape_Leng":37.056524302100001,"Region":"ASIA","Segment":"Blasting Solutions","Method":"Road","Product_tr":"Initiating System","Segment_id":59,"Shape_Le_1":0.00073867905608200005,"Road":"Road_2","Length":70.471139242899994,"ID":"Road_2_59"}},{"type":"Feature","id":59,"geometry":{"type":"LineString","coordinates":[[106.65144603620564,43.057168567475458],[106.65196488746966,43.056660964931666]]},"properties":{"FID":59,"Source_id":2,"Shape_Leng":37.056524302100001,"Region":"ASIA","Segment":"Blasting Solutions","Method":"Road","Product_tr":"Initiating System","Segment_id":60,"Shape_Le_1":0.00072585603024100001,"Road":"Road_2","Length":70.474355870500005,"ID":"Road_2_60"}},{"type":"Feature","id":60,"geometry":{"type":"LineString","coordinates":[[106.65196488746966,43.056660964931666],[106.65239488751411,43.056110149963501]]},"properties":{"FID":60,"Source_id":2,"Shape_Leng":37.056524302100001,"Region":"ASIA","Segment":"Blasting Solutions","Method":"Road","Product_tr":"Initiating System","Segment_id":61,"Shape_Le_1":0.000698782632424,"Road":"Road_2","Length":70.509699256199994,"ID":"Road_2_61"}},{"type":"Feature","id":61,"geometry":{"type":"LineString","coordinates":[[106.65239488751411,43.056110149963501],[106.65276062560247,43.055534645907244]]},"properties":{"FID":61,"Source_id":2,"Shape_Leng":37.056524302100001,"Region":"ASIA","Segment":"Blasting Solutions","Method":"Road","Product_tr":"Initiating System","Segment_id":62,"Shape_Le_1":0.00068188655071599997,"Road":"Road_2","Length":70.536917097499995,"ID":"Road_2_62"}},{"type":"Feature","id":62,"geometry":{"type":"LineString","coordinates":[[106.65276062560247,43.055534645907244],[106.65312115481748,43.054957318925176]]},"properties":{"FID":62,"Source_id":2,"Shape_Leng":37.056524302100001,"Region":"ASIA","Segment":"Blasting Solutions","Method":"Road","Product_tr":"Initiating System","Segment_id":63,"Shape_Le_1":0.00068065245103699997,"Road":"Road_2","Length":70.542902570999999,"ID":"Road_2_63"}},{"type":"Feature","id":63,"geometry":{"type":"LineString","coordinates":[[106.65312115481748,43.054957318925176],[106.65348319489357,43.054380505456038]]},"properties":{"FID":63,"Source_id":2,"Shape_Leng":37.056524302100001,"Region":"ASIA","Segment":"Blasting Solutions","Method":"Road","Product_tr":"Initiating System","Segment_id":64,"Shape_Le_1":0.00068101893870099999,"Road":"Road_2","Length":70.542523629599998,"ID":"Road_2_64"}},{"type":"Feature","id":64,"geometry":{"type":"LineString","coordinates":[[106.65348319489357,43.054380505456038],[106.65386062956446,43.053809056442844]]},"properties":{"FID":64,"Source_id":2,"Shape_Leng":37.056524302100001,"Region":"ASIA","Segment":"Blasting Solutions","Method":"Road","Product_tr":"Initiating System","Segment_id":65,"Shape_Le_1":0.00068484370879299996,"Road":"Road_2","Length":70.539335312600002,"ID":"Road_2_65"}},{"type":"Feature","id":65,"geometry":{"type":"LineString","coordinates":[[106.65386062956446,43.053809056442844],[106.6542667040452,43.053249956020693]]},"properties":{"FID":65,"Source_id":2,"Shape_Leng":37.056524302100001,"Region":"ASIA","Segment":"Blasting Solutions","Method":"Road","Product_tr":"Initiating System","Segment_id":66,"Shape_Le_1":0.00069100634291999999,"Road":"Road_2","Length":70.373673217199993,"ID":"Road_2_66"}},{"type":"Feature","id":66,"geometry":{"type":"LineString","coordinates":[[106.6542667040452,43.053249956020693],[106.65473755219631,43.052718050197939]]},"properties":{"FID":66,"Source_id":2,"Shape_Leng":37.056524302100001,"Region":"ASIA","Segment":"Blasting Solutions","Method":"Road","Product_tr":"Initiating System","Segment_id":67,"Shape_Le_1":0.00071036735966900004,"Road":"Road_2","Length":70.450813439599997,"ID":"Road_2_67"}},{"type":"Feature","id":67,"geometry":{"type":"LineString","coordinates":[[106.65473755219631,43.052718050197939],[106.65523937479736,43.052200627057346]]},"properties":{"FID":67,"Source_id":2,"Shape_Leng":37.056524302100001,"Region":"ASIA","Segment":"Blasting Solutions","Method":"Road","Product_tr":"Initiating System","Segment_id":68,"Shape_Le_1":0.00072079999261099995,"Road":"Road_2","Length":70.539062673499998,"ID":"Road_2_68"}},{"type":"Feature","id":68,"geometry":{"type":"LineString","coordinates":[[106.65523937479736,43.052200627057346],[106.65575140020701,43.051688600748378]]},"properties":{"FID":68,"Source_id":2,"Shape_Leng":37.056524302100001,"Region":"ASIA","Segment":"Blasting Solutions","Method":"Road","Product_tr":"Initiating System","Segment_id":69,"Shape_Le_1":0.00072411391451999995,"Road":"Road_2","Length":70.539916022900002,"ID":"Road_2_69"}},{"type":"Feature","id":69,"geometry":{"type":"LineString","coordinates":[[106.65575140020701,43.051688600748378],[106.65625601520298,43.05117265159663]]},"properties":{"FID":69,"Source_id":2,"Shape_Leng":37.056524302100001,"Region":"ASIA","Segment":"Blasting Solutions","Method":"Road","Product_tr":"Initiating System","Segment_id":70,"Shape_Le_1":0.00072169233150400005,"Road":"Road_2","Length":70.538429454899997,"ID":"Road_2_70"}},{"type":"Feature","id":70,"geometry":{"type":"LineString","coordinates":[[106.65625601520298,43.05117265159663],[106.65675591595283,43.050654235604554]]},"properties":{"FID":70,"Source_id":2,"Shape_Leng":37.056524302100001,"Region":"ASIA","Segment":"Blasting Solutions","Method":"Road","Product_tr":"Initiating System","Segment_id":71,"Shape_Le_1":0.000720177686779,"Road":"Road_2","Length":70.539032796900003,"ID":"Road_2_71"}},{"type":"Feature","id":71,"geometry":{"type":"LineString","coordinates":[[106.65675591595283,43.050654235604554],[106.65726237006237,43.050139258619936]]},"properties":{"FID":71,"Source_id":2,"Shape_Leng":37.056524302100001,"Region":"ASIA","Segment":"Blasting Solutions","Method":"Road","Product_tr":"Initiating System","Segment_id":72,"Shape_Le_1":0.00072228599581999995,"Road":"Road_2","Length":70.538638575299998,"ID":"Road_2_72"}},{"type":"Feature","id":72,"geometry":{"type":"LineString","coordinates":[[106.65726237006237,43.050139258619936],[106.65777978241107,43.049630217160825]]},"properties":{"FID":72,"Source_id":2,"Shape_Leng":37.056524302100001,"Region":"ASIA","Segment":"Blasting Solutions","Method":"Road","Product_tr":"Initiating System","Segment_id":73,"Shape_Le_1":0.00072583658331599999,"Road":"Road_2","Length":70.535036897099999,"ID":"Road_2_73"}},{"type":"Feature","id":73,"geometry":{"type":"LineString","coordinates":[[106.65777978241107,43.049630217160825],[106.65829556878555,43.049120284473588]]},"properties":{"FID":73,"Source_id":2,"Shape_Leng":37.056524302100001,"Region":"ASIA","Segment":"Blasting Solutions","Method":"Road","Product_tr":"Initiating System","Segment_id":74,"Shape_Le_1":0.00072530471500600001,"Road":"Road_2","Length":70.535638781299994,"ID":"Road_2_74"}},{"type":"Feature","id":74,"geometry":{"type":"LineString","coordinates":[[106.65829556878555,43.049120284473588],[106.65881088931116,43.048610099976202]]},"properties":{"FID":74,"Source_id":2,"Shape_Leng":37.056524302100001,"Region":"ASIA","Segment":"Blasting Solutions","Method":"Road","Product_tr":"Initiating System","Segment_id":75,"Shape_Le_1":0.00072515065020099996,"Road":"Road_2","Length":70.535711937000002,"ID":"Road_2_75"}},{"type":"Feature","id":75,"geometry":{"type":"LineString","coordinates":[[106.65881088931116,43.048610099976202],[106.65932696796528,43.048100317475701]]},"properties":{"FID":75,"Source_id":2,"Shape_Leng":37.056524302100001,"Region":"ASIA","Segment":"Blasting Solutions","Method":"Road","Product_tr":"Initiating System","Segment_id":76,"Shape_Le_1":0.00072540704095400003,"Road":"Road_2","Length":70.536839493200006,"ID":"Road_2_76"}},{"type":"Feature","id":76,"geometry":{"type":"LineString","coordinates":[[106.65932696796528,43.048100317475701],[106.65983092825479,43.047584149788747]]},"properties":{"FID":76,"Source_id":2,"Shape_Leng":37.056524302100001,"Region":"ASIA","Segment":"Blasting Solutions","Method":"Road","Product_tr":"Initiating System","Segment_id":77,"Shape_Le_1":0.00072139105515300005,"Road":"Road_2","Length":70.528455935899999,"ID":"Road_2_77"}},{"type":"Feature","id":77,"geometry":{"type":"LineString","coordinates":[[106.65983092825479,43.047584149788747],[106.660333027847,43.047066973062385]]},"properties":{"FID":77,"Source_id":2,"Shape_Leng":37.056524302100001,"Region":"ASIA","Segment":"Blasting Solutions","Method":"Road","Product_tr":"Initiating System","Segment_id":78,"Shape_Le_1":0.000720816042267,"Road":"Road_2","Length":70.531779408600002,"ID":"Road_2_78"}},{"type":"Feature","id":78,"geometry":{"type":"LineString","coordinates":[[106.660333027847,43.047066973062385],[106.66083853676912,43.04655157519511]]},"properties":{"FID":78,"Source_id":2,"Shape_Leng":37.056524302100001,"Region":"ASIA","Segment":"Blasting Solutions","Method":"Road","Product_tr":"Initiating System","Segment_id":79,"Shape_Le_1":0.00072192397932999998,"Road":"Road_2","Length":70.5329433279,"ID":"Road_2_79"}},{"type":"Feature","id":79,"geometry":{"type":"LineString","coordinates":[[106.66083853676912,43.04655157519511],[106.66135486453544,43.046041957270575]]},"properties":{"FID":79,"Source_id":2,"Shape_Leng":37.056524302100001,"Region":"ASIA","Segment":"Blasting Solutions","Method":"Road","Product_tr":"Initiating System","Segment_id":80,"Shape_Le_1":0.00072546867008899997,"Road":"Road_2","Length":70.535087168399997,"ID":"Road_2_80"}},{"type":"Feature","id":80,"geometry":{"type":"LineString","coordinates":[[106.66135486453544,43.046041957270575],[106.66187460792685,43.045534292673494]]},"properties":{"FID":80,"Source_id":2,"Shape_Leng":37.056524302100001,"Region":"ASIA","Segment":"Blasting Solutions","Method":"Road","Product_tr":"Initiating System","Segment_id":81,"Shape_Le_1":0.00072653736038899997,"Road":"Road_2","Length":70.527990759000005,"ID":"Road_2_81"}},{"type":"Feature","id":81,"geometry":{"type":"LineString","coordinates":[[106.66187460792685,43.045534292673494],[106.66237773724282,43.045017665432965]]},"properties":{"FID":81,"Source_id":2,"Shape_Leng":37.056524302100001,"Region":"ASIA","Segment":"Blasting Solutions","Method":"Road","Product_tr":"Initiating System","Segment_id":82,"Shape_Le_1":0.00072113994082200004,"Road":"Road_2","Length":70.531569831300004,"ID":"Road_2_82"}},{"type":"Feature","id":82,"geometry":{"type":"LineString","coordinates":[[106.66237773724282,43.045017665432965],[106.66288617345822,43.04450382968804]]},"properties":{"FID":82,"Source_id":2,"Shape_Leng":37.056524302100001,"Region":"ASIA","Segment":"Blasting Solutions","Method":"Road","Product_tr":"Initiating System","Segment_id":83,"Shape_Le_1":0.00072286551853800003,"Road":"Road_2","Length":70.532756809600002,"ID":"Road_2_83"}},{"type":"Feature","id":83,"geometry":{"type":"LineString","coordinates":[[106.66288617345822,43.04450382968804],[106.66340171431773,43.043993897000803]]},"properties":{"FID":83,"Source_id":2,"Shape_Leng":37.056524302100001,"Region":"ASIA","Segment":"Blasting Solutions","Method":"Road","Product_tr":"Initiating System","Segment_id":84,"Shape_Le_1":0.00072513014234499998,"Road":"Road_2","Length":70.525765326699997,"ID":"Road_2_84"}},{"type":"Feature","id":84,"geometry":{"type":"LineString","coordinates":[[106.66340171431773,43.043993897000803],[106.66394431397896,43.043499233003274]]},"properties":{"FID":84,"Source_id":2,"Shape_Leng":37.056524302100001,"Region":"ASIA","Segment":"Blasting Solutions","Method":"Road","Product_tr":"Initiating System","Segment_id":85,"Shape_Le_1":0.000734238968469,"Road":"Road_2","Length":70.531587332000001,"ID":"Road_2_85"}},{"type":"Feature","id":85,"geometry":{"type":"LineString","coordinates":[[106.66394431397896,43.043499233003274],[106.66448824913346,43.043005364006376]]},"properties":{"FID":85,"Source_id":2,"Shape_Leng":37.056524302100001,"Region":"ASIA","Segment":"Blasting Solutions","Method":"Road","Product_tr":"Initiating System","Segment_id":86,"Shape_Le_1":0.00073469179823500001,"Road":"Road_2","Length":70.5313470623,"ID":"Road_2_86"}},{"type":"Feature","id":86,"geometry":{"type":"LineString","coordinates":[[106.66448824913346,43.043005364006376],[106.66506501673717,43.042532261254905]]},"properties":{"FID":86,"Source_id":2,"Shape_Leng":37.056524302100001,"Region":"ASIA","Segment":"Blasting Solutions","Method":"Road","Product_tr":"Initiating System","Segment_id":87,"Shape_Le_1":0.00074598061781000003,"Road":"Road_2","Length":70.506626864599994,"ID":"Road_2_87"}},{"type":"Feature","id":87,"geometry":{"type":"LineString","coordinates":[[106.66506501673717,43.042532261254905],[106.6656405010084,43.042058038847472]]},"properties":{"FID":87,"Source_id":2,"Shape_Leng":37.056524302100001,"Region":"ASIA","Segment":"Blasting Solutions","Method":"Road","Product_tr":"Initiating System","Segment_id":88,"Shape_Le_1":0.00074570036753200003,"Road":"Road_2","Length":70.530065798899997,"ID":"Road_2_88"}},{"type":"Feature","id":88,"geometry":{"type":"LineString","coordinates":[[106.6656405010084,43.042058038847472],[106.66620621864212,43.041577527480968]]},"properties":{"FID":88,"Source_id":2,"Shape_Leng":37.056524302100001,"Region":"ASIA","Segment":"Blasting Solutions","Method":"Road","Product_tr":"Initiating System","Segment_id":89,"Shape_Le_1":0.00074224498276599996,"Road":"Road_2","Length":70.530991979700005,"ID":"Road_2_89"}},{"type":"Feature","id":89,"geometry":{"type":"LineString","coordinates":[[106.66620621864212,43.041577527480968],[106.66677743023428,43.041100546852817]]},"properties":{"FID":89,"Source_id":2,"Shape_Leng":37.056524302100001,"Region":"ASIA","Segment":"Blasting Solutions","Method":"Road","Product_tr":"Initiating System","Segment_id":90,"Shape_Le_1":0.00074417283116799996,"Road":"Road_2","Length":70.529463795200002,"ID":"Road_2_90"}},{"type":"Feature","id":90,"geometry":{"type":"LineString","coordinates":[[106.66677743023428,43.041100546852817],[106.66735038381324,43.040624681383974]]},"properties":{"FID":90,"Source_id":2,"Shape_Leng":37.056524302100001,"Region":"ASIA","Segment":"Blasting Solutions","Method":"Road","Product_tr":"Initiating System","Segment_id":91,"Shape_Le_1":0.00074479779006699995,"Road":"Road_2","Length":70.530552332100001,"ID":"Road_2_91"}},{"type":"Feature","id":91,"geometry":{"type":"LineString","coordinates":[[106.66735038381324,43.040624681383974],[106.66791690634022,43.040144732093779]]},"properties":{"FID":91,"Source_id":2,"Shape_Leng":37.056524302100001,"Region":"ASIA","Segment":"Blasting Solutions","Method":"Road","Product_tr":"Initiating System","Segment_id":92,"Shape_Le_1":0.000742495181625,"Road":"Road_2","Length":70.527349515599994,"ID":"Road_2_92"}},{"type":"Feature","id":92,"geometry":{"type":"LineString","coordinates":[[106.66791690634022,43.040144732093779],[106.66847513082269,43.039659554145146]]},"properties":{"FID":92,"Source_id":2,"Shape_Leng":37.056524302100001,"Region":"ASIA","Segment":"Blasting Solutions","Method":"Road","Product_tr":"Initiating System","Segment_id":93,"Shape_Le_1":0.00073960274111100005,"Road":"Road_2","Length":70.529745479900001,"ID":"Road_2_93"}},{"type":"Feature","id":93,"geometry":{"type":"LineString","coordinates":[[106.66847513082269,43.039659554145146],[106.66903929622657,43.039178100289178]]},"properties":{"FID":93,"Source_id":2,"Shape_Leng":37.056524302100001,"Region":"ASIA","Segment":"Blasting Solutions","Method":"Road","Product_tr":"Initiating System","Segment_id":94,"Shape_Le_1":0.00074167406478199997,"Road":"Road_2","Length":70.528911412400006,"ID":"Road_2_94"}},{"type":"Feature","id":94,"geometry":{"type":"LineString","coordinates":[[106.66903929622657,43.039178100289178],[106.66959715828227,43.0386927541673]]},"properties":{"FID":94,"Source_id":2,"Shape_Leng":37.056524302100001,"Region":"ASIA","Segment":"Blasting Solutions","Method":"Road","Product_tr":"Initiating System","Segment_id":95,"Shape_Le_1":0.00073943960619600002,"Road":"Road_2","Length":70.525437009300006,"ID":"Road_2_95"}},{"type":"Feature","id":95,"geometry":{"type":"LineString","coordinates":[[106.66959715828227,43.0386927541673],[106.67015535848304,43.038207666150925]]},"properties":{"FID":95,"Source_id":2,"Shape_Leng":37.056524302100001,"Region":"ASIA","Segment":"Blasting Solutions","Method":"Road","Product_tr":"Initiating System","Segment_id":96,"Shape_Le_1":0.00073952542064000004,"Road":"Road_2","Length":70.521515575999999,"ID":"Road_2_96"}},{"type":"Feature","id":96,"geometry":{"type":"LineString","coordinates":[[106.67015535848304,43.038207666150925],[106.67071916146017,43.037726032430498]]},"properties":{"FID":96,"Source_id":2,"Shape_Leng":37.056524302100001,"Region":"ASIA","Segment":"Blasting Solutions","Method":"Road","Product_tr":"Initiating System","Segment_id":97,"Shape_Le_1":0.00074151523090799996,"Road":"Road_2","Length":70.525517998599994,"ID":"Road_2_97"}},{"type":"Feature","id":97,"geometry":{"type":"LineString","coordinates":[[106.67071916146017,43.037726032430498],[106.67128117118915,43.037243276356151]]},"properties":{"FID":97,"Source_id":2,"Shape_Leng":37.056524302100001,"Region":"ASIA","Segment":"Blasting Solutions","Method":"Road","Product_tr":"Initiating System","Segment_id":98,"Shape_Le_1":0.00074088350149600002,"Road":"Road_2","Length":70.525405845199998,"ID":"Road_2_98"}},{"type":"Feature","id":98,"geometry":{"type":"LineString","coordinates":[[106.67128117118915,43.037243276356151],[106.67183587122855,43.036755971510956]]},"properties":{"FID":98,"Source_id":2,"Shape_Leng":37.056524302100001,"Region":"ASIA","Segment":"Blasting Solutions","Method":"Road","Product_tr":"Initiating System","Segment_id":99,"Shape_Le_1":0.000738348255136,"Road":"Road_2","Length":70.527411048000005,"ID":"Road_2_99"}},{"type":"Feature","id":99,"geometry":{"type":"LineString","coordinates":[[106.67183587122855,43.036755971510956],[106.67240509891622,43.036278050191925]]},"properties":{"FID":99,"Source_id":2,"Shape_Leng":37.056524302100001,"Region":"ASIA","Segment":"Blasting Solutions","Method":"Road","Product_tr":"Initiating System","Segment_id":100,"Shape_Le_1":0.00074325564080399999,"Road":"Road_2","Length":70.503904178799999,"ID":"Road_2_100"}},{"type":"Feature","id":100,"geometry":{"type":"LineString","coordinates":[[106.67240509891622,43.036278050191925],[106.67300364090534,43.035819999393482]]},"properties":{"FID":100,"Source_id":2,"Shape_Leng":37.056524302100001,"Region":"ASIA","Segment":"Blasting Solutions","Method":"Road","Product_tr":"Initiating System","Segment_id":101,"Shape_Le_1":0.00075369957323499998,"Road":"Road_2","Length":70.488581158000002,"ID":"Road_2_101"}},{"type":"Feature","id":101,"geometry":{"type":"LineString","coordinates":[[106.67300364090534,43.035819999393482],[106.67364113882758,43.035390664847341]]},"properties":{"FID":101,"Source_id":2,"Shape_Leng":37.056524302100001,"Region":"ASIA","Segment":"Blasting Solutions","Method":"Road","Product_tr":"Initiating System","Segment_id":102,"Shape_Le_1":0.00076859075805800004,"Road":"Road_2","Length":70.526308674999996,"ID":"Road_2_102"}},{"type":"Feature","id":102,"geometry":{"type":"LineString","coordinates":[[106.67364113882758,43.035390664847341],[106.67429319047841,43.034973858756643]]},"properties":{"FID":102,"Source_id":2,"Shape_Leng":37.056524302100001,"Region":"ASIA","Segment":"Blasting Solutions","Method":"Road","Product_tr":"Initiating System","Segment_id":103,"Shape_Le_1":0.00077388543893499998,"Road":"Road_2","Length":70.482673008399999,"ID":"Road_2_103"}},{"type":"Feature","id":103,"geometry":{"type":"LineString","coordinates":[[106.67429319047841,43.034973858756643],[106.67495507801448,43.034564953210065]]},"properties":{"FID":103,"Source_id":2,"Shape_Leng":37.056524302100001,"Region":"ASIA","Segment":"Blasting Solutions","Method":"Road","Product_tr":"Initiating System","Segment_id":104,"Shape_Le_1":0.000778009547773,"Road":"Road_2","Length":70.520668646999994,"ID":"Road_2_104"}},{"type":"Feature","id":104,"geometry":{"type":"LineString","coordinates":[[106.67495507801448,43.034564953210065],[106.67562537870833,43.034163612760551]]},"properties":{"FID":104,"Source_id":2,"Shape_Leng":37.056524302100001,"Region":"ASIA","Segment":"Blasting Solutions","Method":"Road","Product_tr":"Initiating System","Segment_id":105,"Shape_Le_1":0.00078126639285099996,"Road":"Road_2","Length":70.512342175499995,"ID":"Road_2_105"}},{"type":"Feature","id":105,"geometry":{"type":"LineString","coordinates":[[106.67562537870833,43.034163612760551],[106.67631168283793,43.033777001407543]]},"properties":{"FID":105,"Source_id":2,"Shape_Leng":37.056524302100001,"Region":"ASIA","Segment":"Blasting Solutions","Method":"Road","Product_tr":"Initiating System","Segment_id":106,"Shape_Le_1":0.00078770660564900002,"Road":"Road_2","Length":70.519385489599998,"ID":"Road_2_106"}},{"type":"Feature","id":106,"geometry":{"type":"LineString","coordinates":[[106.67631168283793,43.033777001407543],[106.67697542027946,43.033369741620334]]},"properties":{"FID":106,"Source_id":2,"Shape_Leng":37.056524302100001,"Region":"ASIA","Segment":"Blasting Solutions","Method":"Road","Product_tr":"Initiating System","Segment_id":107,"Shape_Le_1":0.00077872198220100002,"Road":"Road_2","Length":70.519405570399996,"ID":"Road_2_107"}},{"type":"Feature","id":107,"geometry":{"type":"LineString","coordinates":[[106.67697542027946,43.033369741620334],[106.67763823951321,43.032961608591393]]},"properties":{"FID":107,"Source_id":2,"Shape_Leng":37.056524302100001,"Region":"ASIA","Segment":"Blasting Solutions","Method":"Road","Product_tr":"Initiating System","Segment_id":108,"Shape_Le_1":0.00077839701049399999,"Road":"Road_2","Length":70.524624844300007,"ID":"Road_2_108"}},{"type":"Feature","id":108,"geometry":{"type":"LineString","coordinates":[[106.67763823951321,43.032961608591393],[106.67825683638398,43.032518866952216]]},"properties":{"FID":108,"Source_id":2,"Shape_Leng":37.056524302100001,"Region":"ASIA","Segment":"Blasting Solutions","Method":"Road","Product_tr":"Initiating System","Segment_id":109,"Shape_Le_1":0.00076071167177900001,"Road":"Road_2","Length":70.433093967000005,"ID":"Road_2_109"}},{"type":"Feature","id":109,"geometry":{"type":"LineString","coordinates":[[106.67825683638398,43.032518866952216],[106.67882692112556,43.032042053597934]]},"properties":{"FID":109,"Source_id":2,"Shape_Leng":37.056524302100001,"Region":"ASIA","Segment":"Blasting Solutions","Method":"Road","Product_tr":"Initiating System","Segment_id":110,"Shape_Le_1":0.00074320090648999999,"Road":"Road_2","Length":70.459369114200001,"ID":"Road_2_110"}},{"type":"Feature","id":110,"geometry":{"type":"LineString","coordinates":[[106.67882692112556,43.032042053597934],[106.67933929996877,43.031530699981886]]},"properties":{"FID":110,"Source_id":2,"Shape_Leng":37.056524302100001,"Region":"ASIA","Segment":"Blasting Solutions","Method":"Road","Product_tr":"Initiating System","Segment_id":111,"Shape_Le_1":0.00072388852706500005,"Road":"Road_2","Length":70.504646736300003,"ID":"Road_2_111"}},{"type":"Feature","id":111,"geometry":{"type":"LineString","coordinates":[[106.67933929996877,43.031530699981886],[106.67978894210603,43.030989175909781]]},"properties":{"FID":111,"Source_id":2,"Shape_Leng":37.056524302100001,"Region":"ASIA","Segment":"Blasting Solutions","Method":"Road","Product_tr":"Initiating System","Segment_id":112,"Shape_Le_1":0.00070386530832599996,"Road":"Road_2","Length":70.4421507542,"ID":"Road_2_112"}},{"type":"Feature","id":112,"geometry":{"type":"LineString","coordinates":[[106.67978894210603,43.030989175909781],[106.68023560568872,43.030445492565491]]},"properties":{"FID":112,"Source_id":2,"Shape_Leng":37.056524302100001,"Region":"ASIA","Segment":"Blasting Solutions","Method":"Road","Product_tr":"Initiating System","Segment_id":113,"Shape_Le_1":0.00070363338107499996,"Road":"Road_2","Length":70.521673969999995,"ID":"Road_2_113"}},{"type":"Feature","id":113,"geometry":{"type":"LineString","coordinates":[[106.68023560568872,43.030445492565491],[106.6806799697049,43.029900809175047]]},"properties":{"FID":113,"Source_id":2,"Shape_Leng":37.056524302100001,"Region":"ASIA","Segment":"Blasting Solutions","Method":"Road","Product_tr":"Initiating System","Segment_id":114,"Shape_Le_1":0.00070295047812599998,"Road":"Road_2","Length":70.520578492400006,"ID":"Road_2_114"}},{"type":"Feature","id":114,"geometry":{"type":"LineString","coordinates":[[106.6806799697049,43.029900809175047],[106.6811248652204,43.029356357809718]]},"properties":{"FID":114,"Source_id":2,"Shape_Leng":37.056524302100001,"Region":"ASIA","Segment":"Blasting Solutions","Method":"Road","Product_tr":"Initiating System","Segment_id":115,"Shape_Le_1":0.00070310689722099997,"Road":"Road_2","Length":70.520884725200006,"ID":"Road_2_115"}},{"type":"Feature","id":115,"geometry":{"type":"LineString","coordinates":[[106.6811248652204,43.029356357809718],[106.68152096891765,43.028792042219038]]},"properties":{"FID":115,"Source_id":2,"Shape_Leng":37.056524302100001,"Region":"ASIA","Segment":"Blasting Solutions","Method":"Road","Product_tr":"Initiating System","Segment_id":116,"Shape_Le_1":0.00068945647060800002,"Road":"Road_2","Length":70.515728477899998,"ID":"Road_2_116"}},{"type":"Feature","id":116,"geometry":{"type":"LineString","coordinates":[[106.68152096891765,43.028792042219038],[106.68194728623831,43.028239743369511]]},"properties":{"FID":116,"Source_id":2,"Shape_Leng":37.056524302100001,"Region":"ASIA","Segment":"Blasting Solutions","Method":"Road","Product_tr":"Initiating System","Segment_id":117,"Shape_Le_1":0.00069769655086099997,"Road":"Road_2","Length":70.512027187499996,"ID":"Road_2_117"}},{"type":"Feature","id":117,"geometry":{"type":"LineString","coordinates":[[106.68194728623831,43.028239743369511],[106.68234545298031,43.027676756976803]]},"properties":{"FID":117,"Source_id":2,"Shape_Leng":37.056524302100001,"Region":"ASIA","Segment":"Blasting Solutions","Method":"Road","Product_tr":"Initiating System","Segment_id":118,"Shape_Le_1":0.00068955814316900004,"Road":"Road_2","Length":70.462021136299995,"ID":"Road_2_118"}},{"type":"Feature","id":118,"geometry":{"type":"LineString","coordinates":[[106.68234545298031,43.027676756976803],[106.68270056557867,43.027097911039789]]},"properties":{"FID":118,"Source_id":2,"Shape_Leng":37.056524302100001,"Region":"ASIA","Segment":"Blasting Solutions","Method":"Road","Product_tr":"Initiating System","Segment_id":119,"Shape_Le_1":0.00067909320148900004,"Road":"Road_2","Length":70.519255228800006,"ID":"Road_2_119"}},{"type":"Feature","id":119,"geometry":{"type":"LineString","coordinates":[[106.68270056557867,43.027097911039789],[106.68307641834207,43.026532643067071]]},"properties":{"FID":119,"Source_id":2,"Shape_Leng":37.056524302100001,"Region":"ASIA","Segment":"Blasting Solutions","Method":"Road","Product_tr":"Initiating System","Segment_id":120,"Shape_Le_1":0.00067881748705700005,"Road":"Road_2","Length":69.871075547800004,"ID":"Road_2_120"}},{"type":"Feature","id":120,"geometry":{"type":"LineString","coordinates":[[106.68307641834207,43.026532643067071],[106.6837918712979,43.026887122542746]]},"properties":{"FID":120,"Source_id":2,"Shape_Leng":37.056524302100001,"Region":"ASIA","Segment":"Blasting Solutions","Method":"Road","Product_tr":"Initiating System","Segment_id":121,"Shape_Le_1":0.00079845390016099996,"Road":"Road_2","Length":70.365225045700001,"ID":"Road_2_121"}},{"type":"Feature","id":121,"geometry":{"type":"LineString","coordinates":[[106.6837918712979,43.026887122542746],[106.68447957027598,43.027272076445229]]},"properties":{"FID":121,"Source_id":2,"Shape_Leng":37.056524302100001,"Region":"ASIA","Segment":"Blasting Solutions","Method":"Road","Product_tr":"Initiating System","Segment_id":122,"Shape_Le_1":0.00078811128116099995,"Road":"Road_2","Length":70.502680340200001,"ID":"Road_2_122"}},{"type":"Feature","id":122,"geometry":{"type":"LineString","coordinates":[[106.68447957027598,43.027272076445229],[106.68514792393762,43.027674754186592]]},"properties":{"FID":122,"Source_id":2,"Shape_Leng":37.056524302100001,"Region":"ASIA","Segment":"Blasting Solutions","Method":"Road","Product_tr":"Initiating System","Segment_id":123,"Shape_Le_1":0.00078028583250900002,"Road":"Road_2","Length":70.488359849899993,"ID":"Road_2_123"}},{"type":"Feature","id":123,"geometry":{"type":"LineString","coordinates":[[106.68514792393762,43.027674754186592],[106.6858887089968,43.027999570423901]]},"properties":{"FID":123,"Source_id":2,"Shape_Leng":37.056524302100001,"Region":"ASIA","Segment":"Blasting Solutions","Method":"Road","Product_tr":"Initiating System","Segment_id":124,"Shape_Le_1":0.00080886840210399997,"Road":"Road_2","Length":70.338530045799999,"ID":"Road_2_124"}},{"type":"Feature","id":124,"geometry":{"type":"LineString","coordinates":[[106.6858887089968,43.027999570423901],[106.68667970320581,43.02825647885345]]},"properties":{"FID":124,"Source_id":2,"Shape_Leng":37.056524302100001,"Region":"ASIA","Segment":"Blasting Solutions","Method":"Road","Product_tr":"Initiating System","Segment_id":125,"Shape_Le_1":0.00083166927312700002,"Road":"Road_2","Length":70.504112347000003,"ID":"Road_2_125"}},{"type":"Feature","id":125,"geometry":{"type":"LineString","coordinates":[[106.68667970320581,43.02825647885345],[106.68746302080183,43.028524964255723]]},"properties":{"FID":125,"Source_id":2,"Shape_Leng":37.056524302100001,"Region":"ASIA","Segment":"Blasting Solutions","Method":"Road","Product_tr":"Initiating System","Segment_id":126,"Shape_Le_1":0.00082805245453699996,"Road":"Road_2","Length":70.466884151100004,"ID":"Road_2_126"}},{"type":"Feature","id":126,"geometry":{"type":"LineString","coordinates":[[106.68746302080183,43.028524964255723],[106.68824915057792,43.028785521234852]]},"properties":{"FID":126,"Source_id":2,"Shape_Leng":37.056524302100001,"Region":"ASIA","Segment":"Blasting Solutions","Method":"Road","Product_tr":"Initiating System","Segment_id":127,"Shape_Le_1":0.00082818474039599997,"Road":"Road_2","Length":70.307169434200006,"ID":"Road_2_127"}},{"type":"Feature","id":127,"geometry":{"type":"LineString","coordinates":[[106.68824915057792,43.028785521234852],[106.68904152164896,43.029040507813249]]},"properties":{"FID":127,"Source_id":2,"Shape_Leng":37.056524302100001,"Region":"ASIA","Segment":"Blasting Solutions","Method":"Road","Product_tr":"Initiating System","Segment_id":128,"Shape_Le_1":0.00083238817230200002,"Road":"Road_2","Length":70.519955472999996,"ID":"Road_2_128"}},{"type":"Feature","id":128,"geometry":{"type":"LineString","coordinates":[[106.68904152164896,43.029040507813249],[106.68982868024943,43.029303504653058]]},"properties":{"FID":128,"Source_id":2,"Shape_Leng":37.056524302100001,"Region":"ASIA","Segment":"Blasting Solutions","Method":"Road","Product_tr":"Initiating System","Segment_id":129,"Shape_Le_1":0.00082993132248999999,"Road":"Road_2","Length":70.495011661500001,"ID":"Road_2_129"}},{"type":"Feature","id":129,"geometry":{"type":"LineString","coordinates":[[106.68982868024943,43.029303504653058],[106.69060140473113,43.029587744378944]]},"properties":{"FID":129,"Source_id":2,"Shape_Leng":37.056524302100001,"Region":"ASIA","Segment":"Blasting Solutions","Method":"Road","Product_tr":"Initiating System","Segment_id":130,"Shape_Le_1":0.00082334400245500001,"Road":"Road_2","Length":70.451543980099999,"ID":"Road_2_130"}},{"type":"Feature","id":130,"geometry":{"type":"LineString","coordinates":[[106.69060140473113,43.029587744378944],[106.69136270422547,43.029889217813206]]},"properties":{"FID":130,"Source_id":2,"Shape_Leng":37.056524302100001,"Region":"ASIA","Segment":"Blasting Solutions","Method":"Road","Product_tr":"Initiating System","Segment_id":131,"Shape_Le_1":0.000818818143212,"Road":"Road_2","Length":70.509161356700005,"ID":"Road_2_131"}},{"type":"Feature","id":131,"geometry":{"type":"LineString","coordinates":[[106.69136270422547,43.029889217813206],[106.69213896034478,43.030169634521087]]},"properties":{"FID":131,"Source_id":2,"Shape_Leng":37.056524302100001,"Region":"ASIA","Segment":"Blasting Solutions","Method":"Road","Product_tr":"Initiating System","Segment_id":132,"Shape_Le_1":0.00082535270813299995,"Road":"Road_2","Length":70.519786030099993,"ID":"Road_2_132"}},{"type":"Feature","id":132,"geometry":{"type":"LineString","coordinates":[[106.69213896034478,43.030169634521087],[106.69291288991798,43.030451520721158]]},"properties":{"FID":132,"Source_id":2,"Shape_Leng":37.056524302100001,"Region":"ASIA","Segment":"Blasting Solutions","Method":"Road","Product_tr":"Initiating System","Segment_id":133,"Shape_Le_1":0.00082366668869300001,"Road":"Road_2","Length":70.421910195199999,"ID":"Road_2_133"}},{"type":"Feature","id":133,"geometry":{"type":"LineString","coordinates":[[106.69291288991798,43.030451520721158],[106.6936475416008,43.030786716034186]]},"properties":{"FID":133,"Source_id":2,"Shape_Leng":37.056524302100001,"Region":"ASIA","Segment":"Blasting Solutions","Method":"Road","Product_tr":"Initiating System","Segment_id":134,"Shape_Le_1":0.00080750789033,"Road":"Road_2","Length":70.509689930899995,"ID":"Road_2_134"}},{"type":"Feature","id":134,"geometry":{"type":"LineString","coordinates":[[106.6936475416008,43.030786716034186],[106.69437620559745,43.031129145493708]]},"properties":{"FID":134,"Source_id":2,"Shape_Leng":37.056524302100001,"Region":"ASIA","Segment":"Blasting Solutions","Method":"Road","Product_tr":"Initiating System","Segment_id":135,"Shape_Le_1":0.00080511437371800002,"Road":"Road_2","Length":70.525726696600003,"ID":"Road_2_135"}},{"type":"Feature","id":135,"geometry":{"type":"LineString","coordinates":[[106.69437620559745,43.031129145493708],[106.69508376070706,43.03149400584374]]},"properties":{"FID":135,"Source_id":2,"Shape_Leng":37.056524302100001,"Region":"ASIA","Segment":"Blasting Solutions","Method":"Road","Product_tr":"Initiating System","Segment_id":136,"Shape_Le_1":0.00079608875646300001,"Road":"Road_2","Length":70.485958368300004,"ID":"Road_2_136"}},{"type":"Feature","id":136,"geometry":{"type":"LineString","coordinates":[[106.69508376070706,43.03149400584374],[106.69577415495337,43.031876697051985]]},"properties":{"FID":136,"Source_id":2,"Shape_Leng":37.056524302100001,"Region":"ASIA","Segment":"Blasting Solutions","Method":"Road","Product_tr":"Initiating System","Segment_id":137,"Shape_Le_1":0.00078936479285500005,"Road":"Road_2","Length":70.522302419799999,"ID":"Road_2_137"}},{"type":"Feature","id":137,"geometry":{"type":"LineString","coordinates":[[106.69577415495337,43.031876697051985],[106.69642869233036,43.032290763807737]]},"properties":{"FID":137,"Source_id":2,"Shape_Leng":37.056524302100001,"Region":"ASIA","Segment":"Blasting Solutions","Method":"Road","Product_tr":"Initiating System","Segment_id":138,"Shape_Le_1":0.00077451304449599999,"Road":"Road_2","Length":70.438418422300003,"ID":"Road_2_138"}},{"type":"Feature","id":138,"geometry":{"type":"LineString","coordinates":[[106.69642869233036,43.032290763807737],[106.69710126561097,43.032687608546325]]},"properties":{"FID":138,"Source_id":2,"Shape_Leng":37.056524302100001,"Region":"ASIA","Segment":"Blasting Solutions","Method":"Road","Product_tr":"Initiating System","Segment_id":139,"Shape_Le_1":0.000780922892696,"Road":"Road_2","Length":70.343111854499995,"ID":"Road_2_139"}},{"type":"Feature","id":139,"geometry":{"type":"LineString","coordinates":[[106.69710126561097,43.032687608546325],[106.69775138371944,43.03310552080319]]},"properties":{"FID":139,"Source_id":2,"Shape_Leng":37.056524302100001,"Region":"ASIA","Segment":"Blasting Solutions","Method":"Road","Product_tr":"Initiating System","Segment_id":140,"Shape_Le_1":0.00077285458489600002,"Road":"Road_2","Length":70.446347232400001,"ID":"Road_2_140"}},{"type":"Feature","id":140,"geometry":{"type":"LineString","coordinates":[[106.69775138371944,43.03310552080319],[106.69839071805723,43.033532287784908]]},"properties":{"FID":140,"Source_id":2,"Shape_Leng":37.056524302100001,"Region":"ASIA","Segment":"Blasting Solutions","Method":"Road","Product_tr":"Initiating System","Segment_id":141,"Shape_Le_1":0.00076868618575,"Road":"Road_2","Length":70.445752125499993,"ID":"Road_2_141"}},{"type":"Feature","id":141,"geometry":{"type":"LineString","coordinates":[[106.69839071805723,43.033532287784908],[106.69904941659735,43.033942717682351]]},"properties":{"FID":141,"Source_id":2,"Shape_Leng":37.056524302100001,"Region":"ASIA","Segment":"Blasting Solutions","Method":"Road","Product_tr":"Initiating System","Segment_id":142,"Shape_Le_1":0.00077610338710300004,"Road":"Road_2","Length":70.432275623400002,"ID":"Road_2_142"}},{"type":"Feature","id":142,"geometry":{"type":"LineString","coordinates":[[106.69904941659735,43.033942717682351],[106.69969532857664,43.034364473641574]]},"properties":{"FID":142,"Source_id":2,"Shape_Leng":37.056524302100001,"Region":"ASIA","Segment":"Blasting Solutions","Method":"Road","Product_tr":"Initiating System","Segment_id":143,"Shape_Le_1":0.00077141452807900001,"Road":"Road_2","Length":70.471280822300002,"ID":"Road_2_143"}},{"type":"Feature","id":143,"geometry":{"type":"LineString","coordinates":[[106.69969532857664,43.034364473641574],[106.70037783486924,43.034753917859064]]},"properties":{"FID":143,"Source_id":2,"Shape_Leng":37.056524302100001,"Region":"ASIA","Segment":"Blasting Solutions","Method":"Road","Product_tr":"Initiating System","Segment_id":144,"Shape_Le_1":0.00078579999871599999,"Road":"Road_2","Length":70.466526000299993,"ID":"Road_2_144"}},{"type":"Feature","id":144,"geometry":{"type":"LineString","coordinates":[[106.70037783486924,43.034753917859064],[106.70110318396485,43.035098379786461]]},"properties":{"FID":144,"Source_id":2,"Shape_Leng":37.056524302100001,"Region":"ASIA","Segment":"Blasting Solutions","Method":"Road","Product_tr":"Initiating System","Segment_id":145,"Shape_Le_1":0.000802985261334,"Road":"Road_2","Length":70.417646431600005,"ID":"Road_2_145"}},{"type":"Feature","id":145,"geometry":{"type":"LineString","coordinates":[[106.70110318396485,43.035098379786461],[106.70185582118927,43.035411553400536]]},"properties":{"FID":145,"Source_id":2,"Shape_Leng":37.056524302100001,"Region":"ASIA","Segment":"Blasting Solutions","Method":"Road","Product_tr":"Initiating System","Segment_id":146,"Shape_Le_1":0.00081519353784199997,"Road":"Road_2","Length":70.516059902099997,"ID":"Road_2_146"}},{"type":"Feature","id":146,"geometry":{"type":"LineString","coordinates":[[106.70185582118927,43.035411553400536],[106.70261384265478,43.035716059348715]]},"properties":{"FID":146,"Source_id":2,"Shape_Leng":37.056524302100001,"Region":"ASIA","Segment":"Blasting Solutions","Method":"Road","Product_tr":"Initiating System","Segment_id":147,"Shape_Le_1":0.00081689682008099997,"Road":"Road_2","Length":70.430247042900007,"ID":"Road_2_147"}},{"type":"Feature","id":147,"geometry":{"type":"LineString","coordinates":[[106.70261384265478,43.035716059348715],[106.70337679959971,43.036015704461249]]},"properties":{"FID":147,"Source_id":2,"Shape_Leng":37.056524302100001,"Region":"ASIA","Segment":"Blasting Solutions","Method":"Road","Product_tr":"Initiating System","Segment_id":148,"Shape_Le_1":0.00081968926629200003,"Road":"Road_2","Length":70.526537281700001,"ID":"Road_2_148"}},{"type":"Feature","id":148,"geometry":{"type":"LineString","coordinates":[[106.70337679959971,43.036015704461249],[106.70416256065369,43.036275640008853]]},"properties":{"FID":148,"Source_id":2,"Shape_Leng":37.056524302100001,"Region":"ASIA","Segment":"Blasting Solutions","Method":"Road","Product_tr":"Initiating System","Segment_id":149,"Shape_Le_1":0.00082763936763099999,"Road":"Road_2","Length":70.2442939628,"ID":"Road_2_149"}},{"type":"Feature","id":149,"geometry":{"type":"LineString","coordinates":[[106.70416256065369,43.036275640008853],[106.70499165643986,43.036455756228236]]},"properties":{"FID":149,"Source_id":2,"Shape_Leng":37.056524302100001,"Region":"ASIA","Segment":"Blasting Solutions","Method":"Road","Product_tr":"Initiating System","Segment_id":150,"Shape_Le_1":0.00084843483847300003,"Road":"Road_2","Length":70.466099554899998,"ID":"Road_2_150"}},{"type":"Feature","id":150,"geometry":{"type":"LineString","coordinates":[[106.70499165643986,43.036455756228236],[106.70582995229051,43.036613520697472]]},"properties":{"FID":150,"Source_id":2,"Shape_Leng":37.056524302100001,"Region":"ASIA","Segment":"Blasting Solutions","Method":"Road","Product_tr":"Initiating System","Segment_id":151,"Shape_Le_1":0.00085301205207200003,"Road":"Road_2","Length":70.527391194200007,"ID":"Road_2_151"}},{"type":"Feature","id":151,"geometry":{"type":"LineString","coordinates":[[106.70582995229051,43.036613520697472],[106.70666622376729,43.036776852869536]]},"properties":{"FID":151,"Source_id":2,"Shape_Leng":37.056524302100001,"Region":"ASIA","Segment":"Blasting Solutions","Method":"Road","Product_tr":"Initiating System","Segment_id":152,"Shape_Le_1":0.00085207240378499995,"Road":"Road_2","Length":70.524039215000002,"ID":"Road_2_152"}},{"type":"Feature","id":152,"geometry":{"type":"LineString","coordinates":[[106.70666622376729,43.036776852869536],[106.70748676340349,43.036975029274231]]},"properties":{"FID":152,"Source_id":2,"Shape_Leng":37.056524302100001,"Region":"ASIA","Segment":"Blasting Solutions","Method":"Road","Product_tr":"Initiating System","Segment_id":153,"Shape_Le_1":0.000844132206451,"Road":"Road_2","Length":70.398726313799997,"ID":"Road_2_153"}},{"type":"Feature","id":153,"geometry":{"type":"LineString","coordinates":[[106.70748676340349,43.036975029274231],[106.70824989931344,43.037273807440329]]},"properties":{"FID":153,"Source_id":2,"Shape_Leng":37.056524302100001,"Region":"ASIA","Segment":"Blasting Solutions","Method":"Road","Product_tr":"Initiating System","Segment_id":154,"Shape_Le_1":0.00081953938867500005,"Road":"Road_2","Length":70.492877546299994,"ID":"Road_2_154"}},{"type":"Feature","id":154,"geometry":{"type":"LineString","coordinates":[[106.70824989931344,43.037273807440329],[106.70902386485955,43.037553545160051]]},"properties":{"FID":154,"Source_id":2,"Shape_Leng":37.056524302100001,"Region":"ASIA","Segment":"Blasting Solutions","Method":"Road","Product_tr":"Initiating System","Segment_id":155,"Shape_Le_1":0.00082296771406200004,"Road":"Road_2","Length":70.312218340499996,"ID":"Road_2_155"}},{"type":"Feature","id":155,"geometry":{"type":"LineString","coordinates":[[106.70902386485955,43.037553545160051],[106.70987631603924,43.037654035405467]]},"properties":{"FID":155,"Source_id":2,"Shape_Leng":37.056524302100001,"Region":"ASIA","Segment":"Blasting Solutions","Method":"Road","Product_tr":"Initiating System","Segment_id":156,"Shape_Le_1":0.00085835383332799999,"Road":"Road_2","Length":70.358617979499996,"ID":"Road_2_156"}},{"type":"Feature","id":156,"geometry":{"type":"LineString","coordinates":[[106.70987631603924,43.037654035405467],[106.71073540151764,43.037730922044489]]},"properties":{"FID":156,"Source_id":2,"Shape_Leng":37.056524302100001,"Region":"ASIA","Segment":"Blasting Solutions","Method":"Road","Product_tr":"Initiating System","Segment_id":157,"Shape_Le_1":0.00086251922555400002,"Road":"Road_2","Length":70.526979429999997,"ID":"Road_2_157"}},{"type":"Feature","id":157,"geometry":{"type":"LineString","coordinates":[[106.71073540151764,43.037730922044489],[106.71159322614653,43.037814949300525]]},"properties":{"FID":157,"Source_id":2,"Shape_Leng":37.056524302100001,"Region":"ASIA","Segment":"Blasting Solutions","Method":"Road","Product_tr":"Initiating System","Segment_id":158,"Shape_Le_1":0.00086193020233400004,"Road":"Road_2","Length":70.525507940300002,"ID":"Road_2_158"}},{"type":"Feature","id":158,"geometry":{"type":"LineString","coordinates":[[106.71159322614653,43.037814949300525],[106.71245355358866,43.03788483921403]]},"properties":{"FID":158,"Source_id":2,"Shape_Leng":37.056524302100001,"Region":"ASIA","Segment":"Blasting Solutions","Method":"Road","Product_tr":"Initiating System","Segment_id":159,"Shape_Le_1":0.00086316157681199995,"Road":"Road_2","Length":70.537481917600005,"ID":"Road_2_159"}},{"type":"Feature","id":159,"geometry":{"type":"LineString","coordinates":[[106.71245355358866,43.03788483921403],[106.71331383156814,43.037955008816652]]},"properties":{"FID":159,"Source_id":2,"Shape_Leng":37.056524302100001,"Region":"ASIA","Segment":"Blasting Solutions","Method":"Road","Product_tr":"Initiating System","Segment_id":160,"Shape_Le_1":0.00086313496923600005,"Road":"Road_2","Length":70.536823553399998,"ID":"Road_2_160"}},{"type":"Feature","id":160,"geometry":{"type":"LineString","coordinates":[[106.71331383156814,43.037955008816652],[106.71417552058386,43.03801508712661]]},"properties":{"FID":160,"Source_id":2,"Shape_Leng":37.056524302100001,"Region":"ASIA","Segment":"Blasting Solutions","Method":"Road","Product_tr":"Initiating System","Segment_id":161,"Shape_Le_1":0.00086378085365600003,"Road":"Road_2","Length":70.536138470400005,"ID":"Road_2_161"}},{"type":"Feature","id":161,"geometry":{"type":"LineString","coordinates":[[106.71417552058386,43.03801508712661],[106.7150336231033,43.038088261364237]]},"properties":{"FID":161,"Source_id":2,"Shape_Leng":37.056524302100001,"Region":"ASIA","Segment":"Blasting Solutions","Method":"Road","Product_tr":"Initiating System","Segment_id":162,"Shape_Le_1":0.00086121681527099995,"Road":"Road_2","Length":70.398247088999995,"ID":"Road_2_162"}},{"type":"Feature","id":162,"geometry":{"type":"LineString","coordinates":[[106.7150336231033,43.038088261364237],[106.71588801142263,43.038189044788624]]},"properties":{"FID":162,"Source_id":2,"Shape_Leng":37.056524302100001,"Region":"ASIA","Segment":"Blasting Solutions","Method":"Road","Product_tr":"Initiating System","Segment_id":163,"Shape_Le_1":0.00086031197763100002,"Road":"Road_2","Length":70.519049440700002,"ID":"Road_2_163"}},{"type":"Feature","id":163,"geometry":{"type":"LineString","coordinates":[[106.71588801142263,43.038189044788624],[106.71673834200095,43.038307560145824]]},"properties":{"FID":163,"Source_id":2,"Shape_Leng":37.056524302100001,"Region":"ASIA","Segment":"Blasting Solutions","Method":"Road","Product_tr":"Initiating System","Segment_id":164,"Shape_Le_1":0.00085854993000599995,"Road":"Road_2","Length":70.533506293800002,"ID":"Road_2_164"}},{"type":"Feature","id":164,"geometry":{"type":"LineString","coordinates":[[106.71673834200095,43.038307560145824],[106.71756118659954,43.038494709063627]]},"properties":{"FID":164,"Source_id":2,"Shape_Leng":37.056524302100001,"Region":"ASIA","Segment":"Blasting Solutions","Method":"Road","Product_tr":"Initiating System","Segment_id":165,"Shape_Le_1":0.00084385896384400001,"Road":"Road_2","Length":70.203073833999994,"ID":"Road_2_165"}},{"type":"Feature","id":165,"geometry":{"type":"LineString","coordinates":[[106.71756118659954,43.038494709063627],[106.71822815890249,43.038895439772773]]},"properties":{"FID":165,"Source_id":2,"Shape_Leng":37.056524302100001,"Region":"ASIA","Segment":"Blasting Solutions","Method":"Road","Product_tr":"Initiating System","Segment_id":166,"Shape_Le_1":0.00077809842189599998,"Road":"Road_2","Length":70.256536557299995,"ID":"Road_2_166"}},{"type":"Feature","id":166,"geometry":{"type":"LineString","coordinates":[[106.71822815890249,43.038895439772773],[106.71881599446266,43.039357220959005]]},"properties":{"FID":166,"Source_id":2,"Shape_Leng":37.056524302100001,"Region":"ASIA","Segment":"Blasting Solutions","Method":"Road","Product_tr":"Initiating System","Segment_id":167,"Shape_Le_1":0.00074752425362400001,"Road":"Road_2","Length":70.188368925800006,"ID":"Road_2_167"}},{"type":"Feature","id":167,"geometry":{"type":"LineString","coordinates":[[106.71881599446266,43.039357220959005],[106.71940487143775,43.039822597634839]]},"properties":{"FID":167,"Source_id":2,"Shape_Leng":37.056524302100001,"Region":"ASIA","Segment":"Blasting Solutions","Method":"Road","Product_tr":"Initiating System","Segment_id":168,"Shape_Le_1":0.00075056748010900003,"Road":"Road_2","Length":70.538307330799995,"ID":"Road_2_168"}},{"type":"Feature","id":168,"geometry":{"type":"LineString","coordinates":[[106.71940487143775,43.039822597634839],[106.72000679217979,43.040278998177257]]},"properties":{"FID":168,"Source_id":2,"Shape_Leng":37.056524302100001,"Region":"ASIA","Segment":"Blasting Solutions","Method":"Road","Product_tr":"Initiating System","Segment_id":169,"Shape_Le_1":0.000755387340919,"Road":"Road_2","Length":70.545327808099998,"ID":"Road_2_169"}},{"type":"Feature","id":169,"geometry":{"type":"LineString","coordinates":[[106.72000679217979,43.040278998177257],[106.72061963698673,43.040727471195908]]},"properties":{"FID":169,"Source_id":2,"Shape_Leng":37.056524302100001,"Region":"ASIA","Segment":"Blasting Solutions","Method":"Road","Product_tr":"Initiating System","Segment_id":170,"Shape_Le_1":0.00075941214491699995,"Road":"Road_2","Length":70.542131695600006,"ID":"Road_2_170"}},{"type":"Feature","id":170,"geometry":{"type":"LineString","coordinates":[[106.72061963698673,43.040727471195908],[106.72123082973906,43.041177217654536]]},"properties":{"FID":170,"Source_id":2,"Shape_Leng":37.056524302100001,"Region":"ASIA","Segment":"Blasting Solutions","Method":"Road","Product_tr":"Initiating System","Segment_id":171,"Shape_Le_1":0.00075883361651300004,"Road":"Road_2","Length":70.546763053899994,"ID":"Road_2_171"}},{"type":"Feature","id":171,"geometry":{"type":"LineString","coordinates":[[106.72123082973906,43.041177217654536],[106.72183730105064,43.041630378838988]]},"properties":{"FID":171,"Source_id":2,"Shape_Leng":37.056524302100001,"Region":"ASIA","Segment":"Blasting Solutions","Method":"Road","Product_tr":"Initiating System","Segment_id":172,"Shape_Le_1":0.00075707497044200003,"Road":"Road_2","Length":70.545641433300005,"ID":"Road_2_172"}},{"type":"Feature","id":172,"geometry":{"type":"LineString","coordinates":[[106.72183730105064,43.041630378838988],[106.72242675539053,43.042095148472356]]},"properties":{"FID":172,"Source_id":2,"Shape_Leng":37.056524302100001,"Region":"ASIA","Segment":"Blasting Solutions","Method":"Road","Product_tr":"Initiating System","Segment_id":173,"Shape_Le_1":0.00075064454365100005,"Road":"Road_2","Length":70.519739134100007,"ID":"Road_2_173"}},{"type":"Feature","id":173,"geometry":{"type":"LineString","coordinates":[[106.72242675539053,43.042095148472356],[106.72303198653702,43.042548805183287]]},"properties":{"FID":173,"Source_id":2,"Shape_Leng":37.056524302100001,"Region":"ASIA","Segment":"Blasting Solutions","Method":"Road","Product_tr":"Initiating System","Segment_id":174,"Shape_Le_1":0.00075637897383499999,"Road":"Road_2","Length":70.513712193999993,"ID":"Road_2_174"}},{"type":"Feature","id":174,"geometry":{"type":"LineString","coordinates":[[106.72303198653702,43.042548805183287],[106.72366793043068,43.042979501303023]]},"properties":{"FID":174,"Source_id":2,"Shape_Leng":37.056524302100001,"Region":"ASIA","Segment":"Blasting Solutions","Method":"Road","Product_tr":"Initiating System","Segment_id":175,"Shape_Le_1":0.000768064960425,"Road":"Road_2","Length":70.531204944699994,"ID":"Road_2_175"}},{"type":"Feature","id":175,"geometry":{"type":"LineString","coordinates":[[106.72366793043068,43.042979501303023],[106.72417777948101,43.043487779237694]]},"properties":{"FID":175,"Source_id":2,"Shape_Leng":37.056524302100001,"Region":"ASIA","Segment":"Blasting Solutions","Method":"Road","Product_tr":"Initiating System","Segment_id":176,"Shape_Le_1":0.00071992535237799999,"Road":"Road_2","Length":70.102747699999995,"ID":"Road_2_176"}},{"type":"Feature","id":176,"geometry":{"type":"LineString","coordinates":[[106.72417777948101,43.043487779237694],[106.72471012417293,43.043986565727494]]},"properties":{"FID":176,"Source_id":2,"Shape_Leng":37.056524302100001,"Region":"ASIA","Segment":"Blasting Solutions","Method":"Road","Product_tr":"Initiating System","Segment_id":177,"Shape_Le_1":0.00072950588306200002,"Road":"Road_2","Length":70.370877819300006,"ID":"Road_2_177"}},{"type":"Feature","id":177,"geometry":{"type":"LineString","coordinates":[[106.72471012417293,43.043986565727494],[106.72532363447823,43.044424175835104]]},"properties":{"FID":177,"Source_id":2,"Shape_Leng":37.056524302100001,"Region":"ASIA","Segment":"Blasting Solutions","Method":"Road","Product_tr":"Initiating System","Segment_id":178,"Shape_Le_1":0.00075358974315699995,"Road":"Road_2","Length":69.731765937700004,"ID":"Road_2_178"}},{"type":"Feature","id":178,"geometry":{"type":"LineString","coordinates":[[106.72532363447823,43.044424175835104],[106.72596163602077,43.044853513079204]]},"properties":{"FID":178,"Source_id":2,"Shape_Leng":37.056524302100001,"Region":"ASIA","Segment":"Blasting Solutions","Method":"Road","Product_tr":"Initiating System","Segment_id":179,"Shape_Le_1":0.00076901003729199998,"Road":"Road_2","Length":70.551180665000004,"ID":"Road_2_179"}},{"type":"Feature","id":179,"geometry":{"type":"LineString","coordinates":[[106.72596163602077,43.044853513079204],[106.72655744856746,43.045313995644449]]},"properties":{"FID":179,"Source_id":2,"Shape_Leng":37.056524302100001,"Region":"ASIA","Segment":"Blasting Solutions","Method":"Road","Product_tr":"Initiating System","Segment_id":180,"Shape_Le_1":0.00075301844843899996,"Road":"Road_2","Length":70.525699293399995,"ID":"Road_2_180"}},{"type":"Feature","id":180,"geometry":{"type":"LineString","coordinates":[[106.72655744856746,43.045313995644449],[106.72710008150364,43.04580791140603]]},"properties":{"FID":180,"Source_id":2,"Shape_Leng":37.056524302100001,"Region":"ASIA","Segment":"Blasting Solutions","Method":"Road","Product_tr":"Initiating System","Segment_id":181,"Shape_Le_1":0.00073375969019800005,"Road":"Road_2","Length":70.467738403499993,"ID":"Road_2_181"}},{"type":"Feature","id":181,"geometry":{"type":"LineString","coordinates":[[106.72710008150364,43.04580791140603],[106.72755378677789,43.046347751947224]]},"properties":{"FID":181,"Source_id":2,"Shape_Leng":37.056524302100001,"Region":"ASIA","Segment":"Blasting Solutions","Method":"Road","Product_tr":"Initiating System","Segment_id":182,"Shape_Le_1":0.00070517819436100005,"Road":"Road_2","Length":70.451180512700006,"ID":"Road_2_182"}},{"type":"Feature","id":182,"geometry":{"type":"LineString","coordinates":[[106.72755378677789,43.046347751947224],[106.72807629828259,43.046852137616099]]},"properties":{"FID":182,"Source_id":2,"Shape_Leng":37.056524302100001,"Region":"ASIA","Segment":"Blasting Solutions","Method":"Road","Product_tr":"Initiating System","Segment_id":183,"Shape_Le_1":0.00072623906222999996,"Road":"Road_2","Length":70.3729299301,"ID":"Road_2_183"}},{"type":"Feature","id":183,"geometry":{"type":"LineString","coordinates":[[106.72807629828259,43.046852137616099],[106.72866514917735,43.047317290360695]]},"properties":{"FID":183,"Source_id":2,"Shape_Leng":37.056524302100001,"Region":"ASIA","Segment":"Blasting Solutions","Method":"Road","Product_tr":"Initiating System","Segment_id":184,"Shape_Le_1":0.00075040819029499996,"Road":"Road_2","Length":70.514705211999996,"ID":"Road_2_184"}},{"type":"Feature","id":184,"geometry":{"type":"LineString","coordinates":[[106.72866514917735,43.047317290360695],[106.72929661084999,43.047751171879156]]},"properties":{"FID":184,"Source_id":2,"Shape_Leng":37.056524302100001,"Region":"ASIA","Segment":"Blasting Solutions","Method":"Road","Product_tr":"Initiating System","Segment_id":185,"Shape_Le_1":0.00076615730504600002,"Road":"Road_2","Length":70.501881591599997,"ID":"Road_2_185"}},{"type":"Feature","id":185,"geometry":{"type":"LineString","coordinates":[[106.72929661084999,43.047751171879156],[106.72989645595675,43.048204658618147]]},"properties":{"FID":185,"Source_id":2,"Shape_Leng":37.056524302100001,"Region":"ASIA","Segment":"Blasting Solutions","Method":"Road","Product_tr":"Initiating System","Segment_id":186,"Shape_Le_1":0.00075197365282799996,"Road":"Road_2","Length":70.190815154000006,"ID":"Road_2_186"}},{"type":"Feature","id":186,"geometry":{"type":"LineString","coordinates":[[106.72989645595675,43.048204658618147],[106.7304448211716,43.048694822408208]]},"properties":{"FID":186,"Source_id":2,"Shape_Leng":37.056524302100001,"Region":"ASIA","Segment":"Blasting Solutions","Method":"Road","Product_tr":"Initiating System","Segment_id":187,"Shape_Le_1":0.00073550319506399998,"Road":"Road_2","Length":70.437697927499997,"ID":"Road_2_187"}},{"type":"Feature","id":187,"geometry":{"type":"LineString","coordinates":[[106.7304448211716,43.048694822408208],[106.73097882691138,43.049194778915989]]},"properties":{"FID":187,"Source_id":2,"Shape_Leng":37.056524302100001,"Region":"ASIA","Segment":"Blasting Solutions","Method":"Road","Product_tr":"Initiating System","Segment_id":188,"Shape_Le_1":0.00073151803791200005,"Road":"Road_2","Length":70.554433057400004,"ID":"Road_2_188"}},{"type":"Feature","id":188,"geometry":{"type":"LineString","coordinates":[[106.73097882691138,43.049194778915989],[106.7315342176301,43.04968109270834]]},"properties":{"FID":188,"Source_id":2,"Shape_Leng":37.056524302100001,"Region":"ASIA","Segment":"Blasting Solutions","Method":"Road","Product_tr":"Initiating System","Segment_id":189,"Shape_Le_1":0.00073821403066200001,"Road":"Road_2","Length":70.473285952699996,"ID":"Road_2_189"}},{"type":"Feature","id":189,"geometry":{"type":"LineString","coordinates":[[106.7315342176301,43.04968109270834],[106.73217436315639,43.050108403779859]]},"properties":{"FID":189,"Source_id":2,"Shape_Leng":37.056524302100001,"Region":"ASIA","Segment":"Blasting Solutions","Method":"Road","Product_tr":"Initiating System","Segment_id":190,"Shape_Le_1":0.00076966294354899995,"Road":"Road_2","Length":70.525036121400007,"ID":"Road_2_190"}},{"type":"Feature","id":190,"geometry":{"type":"LineString","coordinates":[[106.73217436315639,43.050108403779859],[106.73280573489683,43.050542134212151]]},"properties":{"FID":190,"Source_id":2,"Shape_Leng":37.056524302100001,"Region":"ASIA","Segment":"Blasting Solutions","Method":"Road","Product_tr":"Initiating System","Segment_id":191,"Shape_Le_1":0.00076599762566299996,"Road":"Road_2","Length":70.483372880900006,"ID":"Road_2_191"}},{"type":"Feature","id":191,"geometry":{"type":"LineString","coordinates":[[106.73280573489683,43.050542134212151],[106.73340137027708,43.051002206686519]]},"properties":{"FID":191,"Source_id":2,"Shape_Leng":37.056524302100001,"Region":"ASIA","Segment":"Blasting Solutions","Method":"Road","Product_tr":"Initiating System","Segment_id":192,"Shape_Le_1":0.00075262752266799999,"Road":"Road_2","Length":70.479668019100004,"ID":"Road_2_192"}},{"type":"Feature","id":192,"geometry":{"type":"LineString","coordinates":[[106.73340137027708,43.051002206686519],[106.73397069329292,43.051480693679139]]},"properties":{"FID":192,"Source_id":2,"Shape_Leng":37.056524302100001,"Region":"ASIA","Segment":"Blasting Solutions","Method":"Road","Product_tr":"Initiating System","Segment_id":193,"Shape_Le_1":0.000743692475738,"Road":"Road_2","Length":70.549157512500003,"ID":"Road_2_193"}},{"type":"Feature","id":193,"geometry":{"type":"LineString","coordinates":[[106.73397069329292,43.051480693679139],[106.73436483017281,43.052044180094867]]},"properties":{"FID":193,"Source_id":2,"Shape_Leng":37.056524302100001,"Region":"ASIA","Segment":"Blasting Solutions","Method":"Road","Product_tr":"Initiating System","Segment_id":194,"Shape_Le_1":0.00068764876266900002,"Road":"Road_2","Length":70.355335953099996,"ID":"Road_2_194"}},{"type":"Feature","id":194,"geometry":{"type":"LineString","coordinates":[[106.73436483017281,43.052044180094867],[106.73472697546958,43.05262116173725]]},"properties":{"FID":194,"Source_id":2,"Shape_Leng":37.056524302100001,"Region":"ASIA","Segment":"Blasting Solutions","Method":"Road","Product_tr":"Initiating System","Segment_id":195,"Shape_Le_1":0.00068121731600400001,"Road":"Road_2","Length":70.563523722300005,"ID":"Road_2_195"}},{"type":"Feature","id":195,"geometry":{"type":"LineString","coordinates":[[106.73472697546958,43.05262116173725],[106.73507990541339,43.053199763058672]]},"properties":{"FID":195,"Source_id":2,"Shape_Leng":37.056524302100001,"Region":"ASIA","Segment":"Blasting Solutions","Method":"Road","Product_tr":"Initiating System","Segment_id":196,"Shape_Le_1":0.00067774555283200001,"Road":"Road_2","Length":70.417016233699997,"ID":"Road_2_196"}},{"type":"Feature","id":196,"geometry":{"type":"LineString","coordinates":[[106.73507990541339,43.053199763058672],[106.7353281956398,43.053805490630964]]},"properties":{"FID":196,"Source_id":2,"Shape_Leng":37.056524302100001,"Region":"ASIA","Segment":"Blasting Solutions","Method":"Road","Product_tr":"Initiating System","Segment_id":197,"Shape_Le_1":0.000654640304568,"Road":"Road_2","Length":70.267143020999995,"ID":"Road_2_197"}},{"type":"Feature","id":197,"geometry":{"type":"LineString","coordinates":[[106.7353281956398,43.053805490630964],[106.73560991366662,43.054404174712943]]},"properties":{"FID":197,"Source_id":2,"Shape_Leng":37.056524302100001,"Region":"ASIA","Segment":"Blasting Solutions","Method":"Road","Product_tr":"Initiating System","Segment_id":198,"Shape_Le_1":0.00066165525513999998,"Road":"Road_2","Length":70.358778960799995,"ID":"Road_2_198"}},{"type":"Feature","id":198,"geometry":{"type":"LineString","coordinates":[[106.73560991366662,43.054404174712943],[106.73612704902416,43.054907787864181]]},"properties":{"FID":198,"Source_id":2,"Shape_Leng":37.056524302100001,"Region":"ASIA","Segment":"Blasting Solutions","Method":"Road","Product_tr":"Initiating System","Segment_id":199,"Shape_Le_1":0.00072184152285600001,"Road":"Road_2","Length":70.036963639700005,"ID":"Road_2_199"}},{"type":"Feature","id":199,"geometry":{"type":"LineString","coordinates":[[106.73612704902416,43.054907787864181],[106.73675129093937,43.055347494291482]]},"properties":{"FID":199,"Source_id":2,"Shape_Leng":37.056524302100001,"Region":"ASIA","Segment":"Blasting Solutions","Method":"Road","Product_tr":"Initiating System","Segment_id":200,"Shape_Le_1":0.00076355727415,"Road":"Road_2","Length":70.515956821399996,"ID":"Road_2_200"}},{"type":"Feature","id":200,"geometry":{"type":"LineString","coordinates":[[106.73675129093937,43.055347494291482],[106.73741764360943,43.055753208144097]]},"properties":{"FID":200,"Source_id":2,"Shape_Leng":37.056524302100001,"Region":"ASIA","Segment":"Blasting Solutions","Method":"Road","Product_tr":"Initiating System","Segment_id":201,"Shape_Le_1":0.00078014717272299999,"Road":"Road_2","Length":70.558411755700007,"ID":"Road_2_201"}},{"type":"Feature","id":201,"geometry":{"type":"LineString","coordinates":[[106.73741764360943,43.055753208144097],[106.73809897808542,43.056145464541601]]},"properties":{"FID":201,"Source_id":2,"Shape_Leng":37.056524302100001,"Region":"ASIA","Segment":"Blasting Solutions","Method":"Road","Product_tr":"Initiating System","Segment_id":202,"Shape_Le_1":0.00078618175350799997,"Road":"Road_2","Length":70.568550825100004,"ID":"Road_2_202"}},{"type":"Feature","id":202,"geometry":{"type":"LineString","coordinates":[[106.73809897808542,43.056145464541601],[106.73876983456029,43.056547272638568]]},"properties":{"FID":202,"Source_id":2,"Shape_Leng":37.056524302100001,"Region":"ASIA","Segment":"Blasting Solutions","Method":"Road","Product_tr":"Initiating System","Segment_id":203,"Shape_Le_1":0.00078198347595200002,"Road":"Road_2","Length":70.565274947800006,"ID":"Road_2_203"}},{"type":"Feature","id":203,"geometry":{"type":"LineString","coordinates":[[106.73876983456029,43.056547272638568],[106.73944303826568,43.056947006898895]]},"properties":{"FID":203,"Source_id":2,"Shape_Leng":37.056524302100001,"Region":"ASIA","Segment":"Blasting Solutions","Method":"Road","Product_tr":"Initiating System","Segment_id":204,"Shape_Le_1":0.000782937231091,"Road":"Road_2","Length":70.567992165299998,"ID":"Road_2_204"}},{"type":"Feature","id":204,"geometry":{"type":"LineString","coordinates":[[106.73944303826568,43.056947006898895],[106.74015479860515,43.057306468618663]]},"properties":{"FID":204,"Source_id":2,"Shape_Leng":37.056524302100001,"Region":"ASIA","Segment":"Blasting Solutions","Method":"Road","Product_tr":"Initiating System","Segment_id":205,"Shape_Le_1":0.00079738040408699996,"Road":"Road_2","Length":70.404885042499998,"ID":"Road_2_205"}},{"type":"Feature","id":205,"geometry":{"type":"LineString","coordinates":[[106.74015479860515,43.057306468618663],[106.74093798130286,43.057577293157578]]},"properties":{"FID":205,"Source_id":2,"Shape_Leng":37.056524302100001,"Region":"ASIA","Segment":"Blasting Solutions","Method":"Road","Product_tr":"Initiating System","Segment_id":206,"Shape_Le_1":0.00082868635133100002,"Road":"Road_2","Length":70.540154362400003,"ID":"Road_2_206"}},{"type":"Feature","id":206,"geometry":{"type":"LineString","coordinates":[[106.74093798130286,43.057577293157578],[106.74171785539477,43.057853668312191]]},"properties":{"FID":206,"Source_id":2,"Shape_Leng":37.056524302100001,"Region":"ASIA","Segment":"Blasting Solutions","Method":"Road","Product_tr":"Initiating System","Segment_id":207,"Shape_Le_1":0.000827397622253,"Road":"Road_2","Length":70.562328997600005,"ID":"Road_2_207"}},{"type":"Feature","id":207,"geometry":{"type":"LineString","coordinates":[[106.74171785539477,43.057853668312191],[106.74248465334415,43.058148803324684]]},"properties":{"FID":207,"Source_id":2,"Shape_Leng":37.056524302100001,"Region":"ASIA","Segment":"Blasting Solutions","Method":"Road","Product_tr":"Initiating System","Segment_id":208,"Shape_Le_1":0.00082163481594600002,"Road":"Road_2","Length":70.548629058900005,"ID":"Road_2_208"}},{"type":"Feature","id":208,"geometry":{"type":"LineString","coordinates":[[106.74248465334415,43.058148803324684],[106.74326636834826,43.058421990382612]]},"properties":{"FID":208,"Source_id":2,"Shape_Leng":37.056524302100001,"Region":"ASIA","Segment":"Blasting Solutions","Method":"Road","Product_tr":"Initiating System","Segment_id":209,"Shape_Le_1":0.00082807579138,"Road":"Road_2","Length":70.543759013100001,"ID":"Road_2_209"}},{"type":"Feature","id":209,"geometry":{"type":"LineString","coordinates":[[106.74326636834826,43.058421990382612],[106.74406377022689,43.058670131321549]]},"properties":{"FID":209,"Source_id":2,"Shape_Leng":37.056524302100001,"Region":"ASIA","Segment":"Blasting Solutions","Method":"Road","Product_tr":"Initiating System","Segment_id":210,"Shape_Le_1":0.00083511896255300002,"Road":"Road_2","Length":70.566477206399995,"ID":"Road_2_210"}},{"type":"Feature","id":210,"geometry":{"type":"LineString","coordinates":[[106.74406377022689,43.058670131321549],[106.74489878984735,43.058835968105484]]},"properties":{"FID":210,"Source_id":2,"Shape_Leng":37.056524302100001,"Region":"ASIA","Segment":"Blasting Solutions","Method":"Road","Product_tr":"Initiating System","Segment_id":211,"Shape_Le_1":0.000851328142065,"Road":"Road_2","Length":70.474152668499997,"ID":"Road_2_211"}},{"type":"Feature","id":211,"geometry":{"type":"LineString","coordinates":[[106.74489878984735,43.058835968105484],[106.74575543186774,43.058929347411492]]},"properties":{"FID":211,"Source_id":2,"Shape_Leng":37.056524302100001,"Region":"ASIA","Segment":"Blasting Solutions","Method":"Road","Product_tr":"Initiating System","Segment_id":212,"Shape_Le_1":0.00086171645329100001,"Road":"Road_2","Length":70.551533627500007,"ID":"Road_2_212"}},{"type":"Feature","id":212,"geometry":{"type":"LineString","coordinates":[[106.74575543186774,43.058929347411492],[106.74657226090119,43.059127298985686]]},"properties":{"FID":212,"Source_id":2,"Shape_Leng":37.056524302100001,"Region":"ASIA","Segment":"Blasting Solutions","Method":"Road","Product_tr":"Initiating System","Segment_id":213,"Shape_Le_1":0.00084047278101000004,"Road":"Road_2","Length":70.081020062199997,"ID":"Road_2_213"}},{"type":"Feature","id":213,"geometry":{"type":"LineString","coordinates":[[106.74657226090119,43.059127298985686],[106.7474262229419,43.059229697592514]]},"properties":{"FID":213,"Source_id":2,"Shape_Leng":37.056524302100001,"Region":"ASIA","Segment":"Blasting Solutions","Method":"Road","Product_tr":"Initiating System","Segment_id":214,"Shape_Le_1":0.00086007943915099999,"Road":"Road_2","Length":70.490015901099994,"ID":"Road_2_214"}},{"type":"Feature","id":214,"geometry":{"type":"LineString","coordinates":[[106.7474262229419,43.059229697592514],[106.74823060086158,43.059458743226457]]},"properties":{"FID":214,"Source_id":2,"Shape_Leng":37.056524302100001,"Region":"ASIA","Segment":"Blasting Solutions","Method":"Road","Product_tr":"Initiating System","Segment_id":215,"Shape_Le_1":0.00083635264099199999,"Road":"Road_2","Length":70.293754153199998,"ID":"Road_2_215"}},{"type":"Feature","id":215,"geometry":{"type":"LineString","coordinates":[[106.74823060086158,43.059458743226457],[106.74906914492516,43.059592991323541]]},"properties":{"FID":215,"Source_id":2,"Shape_Leng":37.056524302100001,"Region":"ASIA","Segment":"Blasting Solutions","Method":"Road","Product_tr":"Initiating System","Segment_id":216,"Shape_Le_1":0.000849222407937,"Road":"Road_2","Length":69.918812031599998,"ID":"Road_2_216"}},{"type":"Feature","id":216,"geometry":{"type":"LineString","coordinates":[[106.74906914492516,43.059592991323541],[106.74990198458897,43.059438961738749]]},"properties":{"FID":216,"Source_id":2,"Shape_Leng":37.056524302100001,"Region":"ASIA","Segment":"Blasting Solutions","Method":"Road","Product_tr":"Initiating System","Segment_id":217,"Shape_Le_1":0.00084696341043399999,"Road":"Road_2","Length":69.969649402100003,"ID":"Road_2_217"}},{"type":"Feature","id":217,"geometry":{"type":"LineString","coordinates":[[106.74990198458897,43.059438961738749],[106.75066939947328,43.059145539934775]]},"properties":{"FID":217,"Source_id":2,"Shape_Leng":37.056524302100001,"Region":"ASIA","Segment":"Blasting Solutions","Method":"Road","Product_tr":"Initiating System","Segment_id":218,"Shape_Le_1":0.00082159720039999995,"Road":"Road_2","Length":70.503776156599997,"ID":"Road_2_218"}},{"type":"Feature","id":218,"geometry":{"type":"LineString","coordinates":[[106.75066939947328,43.059145539934775],[106.75143128712426,43.0588439603805]]},"properties":{"FID":218,"Source_id":2,"Shape_Leng":37.056524302100001,"Region":"ASIA","Segment":"Blasting Solutions","Method":"Road","Product_tr":"Initiating System","Segment_id":219,"Shape_Le_1":0.00081940406410600005,"Road":"Road_2","Length":70.531066218199996,"ID":"Road_2_219"}},{"type":"Feature","id":219,"geometry":{"type":"LineString","coordinates":[[106.75143128712426,43.0588439603805],[106.75220455209848,43.058557724159698]]},"properties":{"FID":219,"Source_id":2,"Shape_Leng":37.056524302100001,"Region":"ASIA","Segment":"Blasting Solutions","Method":"Road","Product_tr":"Initiating System","Segment_id":220,"Shape_Le_1":0.00082454223326899998,"Road":"Road_2","Length":70.563905644499997,"ID":"Road_2_220"}},{"type":"Feature","id":220,"geometry":{"type":"LineString","coordinates":[[106.75220455209848,43.058557724159698],[106.75295613082085,43.058242484802861]]},"properties":{"FID":220,"Source_id":2,"Shape_Leng":37.056524302100001,"Region":"ASIA","Segment":"Blasting Solutions","Method":"Road","Product_tr":"Initiating System","Segment_id":221,"Shape_Le_1":0.00081501314592,"Road":"Road_2","Length":70.534755785000002,"ID":"Road_2_221"}},{"type":"Feature","id":221,"geometry":{"type":"LineString","coordinates":[[106.75295613082085,43.058242484802861],[106.75368042860896,43.057894785316137]]},"properties":{"FID":221,"Source_id":2,"Shape_Leng":37.056524302100001,"Region":"ASIA","Segment":"Blasting Solutions","Method":"Road","Product_tr":"Initiating System","Segment_id":222,"Shape_Le_1":0.00080343152721899997,"Road":"Road_2","Length":70.523568362399999,"ID":"Road_2_222"}},{"type":"Feature","id":222,"geometry":{"type":"LineString","coordinates":[[106.75368042860896,43.057894785316137],[106.75436332250939,43.057504895034924]]},"properties":{"FID":222,"Source_id":2,"Shape_Leng":37.056524302100001,"Region":"ASIA","Segment":"Blasting Solutions","Method":"Road","Product_tr":"Initiating System","Segment_id":223,"Shape_Le_1":0.00078635774977500001,"Road":"Road_2","Length":70.505491698100002,"ID":"Road_2_223"}},{"type":"Feature","id":223,"geometry":{"type":"LineString","coordinates":[[106.75436332250939,43.057504895034924],[106.7550830265605,43.057151775334205]]},"properties":{"FID":223,"Source_id":2,"Shape_Leng":37.056524302100001,"Region":"ASIA","Segment":"Blasting Solutions","Method":"Road","Product_tr":"Initiating System","Segment_id":224,"Shape_Le_1":0.00080166541912200003,"Road":"Road_2","Length":70.544425136200005,"ID":"Road_2_224"}},{"type":"Feature","id":224,"geometry":{"type":"LineString","coordinates":[[106.7550830265605,43.057151775334205],[106.75578748350563,43.056782573057376]]},"properties":{"FID":224,"Source_id":2,"Shape_Leng":37.056524302100001,"Region":"ASIA","Segment":"Blasting Solutions","Method":"Road","Product_tr":"Initiating System","Segment_id":225,"Shape_Le_1":0.00079534263607399999,"Road":"Road_2","Length":70.5394816851,"ID":"Road_2_225"}},{"type":"Feature","id":225,"geometry":{"type":"LineString","coordinates":[[106.75578748350563,43.056782573057376],[106.75647874110109,43.056399777527758]]},"properties":{"FID":225,"Source_id":2,"Shape_Leng":37.056524302100001,"Region":"ASIA","Segment":"Blasting Solutions","Method":"Road","Product_tr":"Initiating System","Segment_id":226,"Shape_Le_1":0.00079017053904899997,"Road":"Road_2","Length":70.5673633352,"ID":"Road_2_226"}},{"type":"Feature","id":226,"geometry":{"type":"LineString","coordinates":[[106.75647874110109,43.056399777527758],[106.75717433882471,43.056021204315186]]},"properties":{"FID":226,"Source_id":2,"Shape_Leng":37.056524302100001,"Region":"ASIA","Segment":"Blasting Solutions","Method":"Road","Product_tr":"Initiating System","Segment_id":227,"Shape_Le_1":0.00079194309794500001,"Road":"Road_2","Length":70.569566768300007,"ID":"Road_2_227"}},{"type":"Feature","id":227,"geometry":{"type":"LineString","coordinates":[[106.75717433882471,43.056021204315186],[106.75792084716943,43.05570064007253]]},"properties":{"FID":227,"Source_id":2,"Shape_Leng":37.056524302100001,"Region":"ASIA","Segment":"Blasting Solutions","Method":"Road","Product_tr":"Initiating System","Segment_id":228,"Shape_Le_1":0.000812426084271,"Road":"Road_2","Length":70.475750885400004,"ID":"Road_2_228"}},{"type":"Feature","id":228,"geometry":{"type":"LineString","coordinates":[[106.75792084716943,43.05570064007253],[106.75869322541206,43.055413377725245]]},"properties":{"FID":228,"Source_id":2,"Shape_Leng":37.056524302100001,"Region":"ASIA","Segment":"Blasting Solutions","Method":"Road","Product_tr":"Initiating System","Segment_id":229,"Shape_Le_1":0.00082406784056599999,"Road":"Road_2","Length":70.553778462300002,"ID":"Road_2_229"}},{"type":"Feature","id":229,"geometry":{"type":"LineString","coordinates":[[106.75869322541206,43.055413377725245],[106.75942573401045,43.055074645378625]]},"properties":{"FID":229,"Source_id":2,"Shape_Leng":37.056524302100001,"Region":"ASIA","Segment":"Blasting Solutions","Method":"Road","Product_tr":"Initiating System","Segment_id":230,"Shape_Le_1":0.00080703683271600001,"Road":"Road_2","Length":70.550073042099996,"ID":"Road_2_230"}},{"type":"Feature","id":230,"geometry":{"type":"LineString","coordinates":[[106.75942573401045,43.055074645378625],[106.76014043603237,43.054715768218159]]},"properties":{"FID":230,"Source_id":2,"Shape_Leng":37.056524302100001,"Region":"ASIA","Segment":"Blasting Solutions","Method":"Road","Product_tr":"Initiating System","Segment_id":231,"Shape_Le_1":0.00079974483208400003,"Road":"Road_2","Length":70.5674038999,"ID":"Road_2_231"}},{"type":"Feature","id":231,"geometry":{"type":"LineString","coordinates":[[106.76014043603237,43.054715768218159],[106.76081427286044,43.054319886653502]]},"properties":{"FID":231,"Source_id":2,"Shape_Leng":37.056524302100001,"Region":"ASIA","Segment":"Blasting Solutions","Method":"Road","Product_tr":"Initiating System","Segment_id":232,"Shape_Le_1":0.00078152305410599996,"Road":"Road_2","Length":70.341220857899998,"ID":"Road_2_232"}},{"type":"Feature","id":232,"geometry":{"type":"LineString","coordinates":[[106.76081427286044,43.054319886653502],[106.76157236896972,43.054012811342204]]},"properties":{"FID":232,"Source_id":2,"Shape_Leng":37.056524302100001,"Region":"ASIA","Segment":"Blasting Solutions","Method":"Road","Product_tr":"Initiating System","Segment_id":233,"Shape_Le_1":0.00081792723253000001,"Road":"Road_2","Length":70.556832192800002,"ID":"Road_2_233"}},{"type":"Feature","id":233,"geometry":{"type":"LineString","coordinates":[[106.76157236896972,43.054012811342204],[106.76236555482654,43.053758148519819]]},"properties":{"FID":233,"Source_id":2,"Shape_Leng":37.056524302100001,"Region":"ASIA","Segment":"Blasting Solutions","Method":"Road","Product_tr":"Initiating System","Segment_id":234,"Shape_Le_1":0.00083306479734000002,"Road":"Road_2","Length":70.542383134600001,"ID":"Road_2_234"}},{"type":"Feature","id":234,"geometry":{"type":"LineString","coordinates":[[106.76236555482654,43.053758148519819],[106.76316109330986,43.053509590295391]]},"properties":{"FID":234,"Source_id":2,"Shape_Leng":37.056524302100001,"Region":"ASIA","Segment":"Blasting Solutions","Method":"Road","Product_tr":"Initiating System","Segment_id":235,"Shape_Le_1":0.00083346425800299995,"Road":"Road_2","Length":70.449673978600003,"ID":"Road_2_235"}},{"type":"Feature","id":235,"geometry":{"type":"LineString","coordinates":[[106.76316109330986,43.053509590295391],[106.7639599161173,43.053264865880919]]},"properties":{"FID":235,"Source_id":2,"Shape_Leng":37.056524302100001,"Region":"ASIA","Segment":"Blasting Solutions","Method":"Road","Product_tr":"Initiating System","Segment_id":236,"Shape_Le_1":0.00083546868087600002,"Road":"Road_2","Length":70.530887225900003,"ID":"Road_2_236"}},{"type":"Feature","id":236,"geometry":{"type":"LineString","coordinates":[[106.7639599161173,43.053264865880919],[106.76477352827578,43.05304792062509]]},"properties":{"FID":236,"Source_id":2,"Shape_Leng":37.056524302100001,"Region":"ASIA","Segment":"Blasting Solutions","Method":"Road","Product_tr":"Initiating System","Segment_id":237,"Shape_Le_1":0.00084203918463199995,"Road":"Road_2","Length":70.531121672200001,"ID":"Road_2_237"}},{"type":"Feature","id":237,"geometry":{"type":"LineString","coordinates":[[106.76477352827578,43.05304792062509],[106.76560584453415,43.052872573510513]]},"properties":{"FID":237,"Source_id":2,"Shape_Leng":37.056524302100001,"Region":"ASIA","Segment":"Blasting Solutions","Method":"Road","Product_tr":"Initiating System","Segment_id":238,"Shape_Le_1":0.000850586247558,"Road":"Road_2","Length":70.552144438400006,"ID":"Road_2_238"}},{"type":"Feature","id":238,"geometry":{"type":"LineString","coordinates":[[106.76560584453415,43.052872573510513],[106.76644112226006,43.052704886821118]]},"properties":{"FID":238,"Source_id":2,"Shape_Leng":37.056524302100001,"Region":"ASIA","Segment":"Blasting Solutions","Method":"Road","Product_tr":"Initiating System","Segment_id":239,"Shape_Le_1":0.00085194348709600001,"Road":"Road_2","Length":70.554792278600004,"ID":"Road_2_239"}},{"type":"Feature","id":239,"geometry":{"type":"LineString","coordinates":[[106.76644112226006,43.052704886821118],[106.76722829794767,43.052445015125386]]},"properties":{"FID":239,"Source_id":2,"Shape_Leng":37.056524302100001,"Region":"ASIA","Segment":"Blasting Solutions","Method":"Road","Product_tr":"Initiating System","Segment_id":240,"Shape_Le_1":0.00082896252110700004,"Road":"Road_2","Length":70.330915881500005,"ID":"Road_2_240"}},{"type":"Feature","id":240,"geometry":{"type":"LineString","coordinates":[[106.76722829794767,43.052445015125386],[106.76797644305844,43.052125101092599]]},"properties":{"FID":240,"Source_id":2,"Shape_Leng":37.056524302100001,"Region":"ASIA","Segment":"Blasting Solutions","Method":"Road","Product_tr":"Initiating System","Segment_id":241,"Shape_Le_1":0.00081367444051800002,"Road":"Road_2","Length":70.557482368699993,"ID":"Road_2_241"}},{"type":"Feature","id":241,"geometry":{"type":"LineString","coordinates":[[106.76797644305844,43.052125101092599],[106.7687501504991,43.051839940460923]]},"properties":{"FID":241,"Source_id":2,"Shape_Leng":37.056524302100001,"Region":"ASIA","Segment":"Blasting Solutions","Method":"Road","Product_tr":"Initiating System","Segment_id":242,"Shape_Le_1":0.00082458461638999997,"Road":"Road_2","Length":70.548473378799997,"ID":"Road_2_242"}},{"type":"Feature","id":242,"geometry":{"type":"LineString","coordinates":[[106.7687501504991,43.051839940460923],[106.76950952994093,43.051534363420217]]},"properties":{"FID":242,"Source_id":2,"Shape_Leng":37.056524302100001,"Region":"ASIA","Segment":"Blasting Solutions","Method":"Road","Product_tr":"Initiating System","Segment_id":243,"Shape_Le_1":0.00081855632944999996,"Road":"Road_2","Length":70.570324224299995,"ID":"Road_2_243"}},{"type":"Feature","id":243,"geometry":{"type":"LineString","coordinates":[[106.76950952994093,43.051534363420217],[106.77026520507519,43.051223919248514]]},"properties":{"FID":243,"Source_id":2,"Shape_Leng":37.056524302100001,"Region":"ASIA","Segment":"Blasting Solutions","Method":"Road","Product_tr":"Initiating System","Segment_id":244,"Shape_Le_1":0.00081695807253500004,"Road":"Road_2","Length":70.568829199199996,"ID":"Road_2_244"}},{"type":"Feature","id":244,"geometry":{"type":"LineString","coordinates":[[106.77026520507519,43.051223919248514],[106.77101922905422,43.050911291522937]]},"properties":{"FID":244,"Source_id":2,"Shape_Leng":37.056524302100001,"Region":"ASIA","Segment":"Blasting Solutions","Method":"Road","Product_tr":"Initiating System","Segment_id":245,"Shape_Le_1":0.00081626481961899998,"Road":"Road_2","Length":70.570832672500003,"ID":"Road_2_245"}},{"type":"Feature","id":245,"geometry":{"type":"LineString","coordinates":[[106.77101922905422,43.050911291522937],[106.77176554584332,43.050588952018586]]},"properties":{"FID":245,"Source_id":2,"Shape_Leng":37.056524302100001,"Region":"ASIA","Segment":"Blasting Solutions","Method":"Road","Product_tr":"Initiating System","Segment_id":246,"Shape_Le_1":0.00081295233917199998,"Road":"Road_2","Length":70.566502503199999,"ID":"Road_2_246"}},{"type":"Feature","id":246,"geometry":{"type":"LineString","coordinates":[[106.77176554584332,43.050588952018586],[106.77251969752609,43.050277916992343]]},"properties":{"FID":246,"Source_id":2,"Shape_Leng":37.056524302100001,"Region":"ASIA","Segment":"Blasting Solutions","Method":"Road","Product_tr":"Initiating System","Segment_id":247,"Shape_Le_1":0.00081577420170999995,"Road":"Road_2","Length":70.493540090500005,"ID":"Road_2_247"}},{"type":"Feature","id":247,"geometry":{"type":"LineString","coordinates":[[106.77251969752609,43.050277916992343],[106.77335670644692,43.050135637949381]]},"properties":{"FID":247,"Source_id":2,"Shape_Leng":37.056524302100001,"Region":"ASIA","Segment":"Blasting Solutions","Method":"Road","Product_tr":"Initiating System","Segment_id":248,"Shape_Le_1":0.00084901546488099996,"Road":"Road_2","Length":70.002761670500007,"ID":"Road_2_248"}},{"type":"Feature","id":248,"geometry":{"type":"LineString","coordinates":[[106.77335670644692,43.050135637949381],[106.77421974354638,43.05008625527654]]},"properties":{"FID":248,"Source_id":2,"Shape_Leng":37.056524302100001,"Region":"ASIA","Segment":"Blasting Solutions","Method":"Road","Product_tr":"Initiating System","Segment_id":249,"Shape_Le_1":0.00086444877432300001,"Road":"Road_2","Length":70.529355979200005,"ID":"Road_2_249"}},{"type":"Feature","id":249,"geometry":{"type":"LineString","coordinates":[[106.77421974354638,43.05008625527654],[106.77508527806322,43.05006359505893]]},"properties":{"FID":249,"Source_id":2,"Shape_Leng":37.056524302100001,"Region":"ASIA","Segment":"Blasting Solutions","Method":"Road","Product_tr":"Initiating System","Segment_id":250,"Shape_Le_1":0.00086583109512900001,"Road":"Road_2","Length":70.564101453700005,"ID":"Road_2_250"}},{"type":"Feature","id":250,"geometry":{"type":"LineString","coordinates":[[106.77508527806322,43.05006359505893],[106.77595040518713,43.05003331128836]]},"properties":{"FID":250,"Source_id":2,"Shape_Leng":37.056524302100001,"Region":"ASIA","Segment":"Blasting Solutions","Method":"Road","Product_tr":"Initiating System","Segment_id":251,"Shape_Le_1":0.00086565700326100001,"Road":"Road_2","Length":70.566265527400006,"ID":"Road_2_251"}},{"type":"Feature","id":251,"geometry":{"type":"LineString","coordinates":[[106.77595040518713,43.05003331128836],[106.77681453945951,43.049991273378623]]},"properties":{"FID":251,"Source_id":2,"Shape_Leng":37.056524302100001,"Region":"ASIA","Segment":"Blasting Solutions","Method":"Road","Product_tr":"Initiating System","Segment_id":252,"Shape_Le_1":0.000865156186217,"Road":"Road_2","Length":70.559890567400004,"ID":"Road_2_252"}},{"type":"Feature","id":252,"geometry":{"type":"LineString","coordinates":[[106.77681453945951,43.049991273378623],[106.77768030060543,43.049987771418557]]},"properties":{"FID":252,"Source_id":2,"Shape_Leng":37.056524302100001,"Region":"ASIA","Segment":"Blasting Solutions","Method":"Road","Product_tr":"Initiating System","Segment_id":253,"Shape_Le_1":0.00086576822851399998,"Road":"Road_2","Length":70.538817576599996,"ID":"Road_2_253"}},{"type":"Feature","id":253,"geometry":{"type":"LineString","coordinates":[[106.77768030060543,43.049987771418557],[106.77854562288223,43.050016164814224]]},"properties":{"FID":253,"Source_id":2,"Shape_Leng":37.056524302100001,"Region":"ASIA","Segment":"Blasting Solutions","Method":"Road","Product_tr":"Initiating System","Segment_id":254,"Shape_Le_1":0.00086578798077799996,"Road":"Road_2","Length":70.572502250200003,"ID":"Road_2_254"}},{"type":"Feature","id":254,"geometry":{"type":"LineString","coordinates":[[106.77854562288223,43.050016164814224],[106.77941037588818,43.050047212109178]]},"properties":{"FID":254,"Source_id":2,"Shape_Leng":37.056524302100001,"Region":"ASIA","Segment":"Blasting Solutions","Method":"Road","Product_tr":"Initiating System","Segment_id":255,"Shape_Le_1":0.00086531017318100003,"Road":"Road_2","Length":70.539934860200006,"ID":"Road_2_255"}},{"type":"Feature","id":255,"geometry":{"type":"LineString","coordinates":[[106.77941037588818,43.050047212109178],[106.78027293544767,43.050058234200208]]},"properties":{"FID":255,"Source_id":2,"Shape_Leng":37.056524302100001,"Region":"ASIA","Segment":"Blasting Solutions","Method":"Road","Product_tr":"Initiating System","Segment_id":256,"Shape_Le_1":0.00086262997870699995,"Road":"Road_2","Length":70.287490578299995,"ID":"Road_2_256"}},{"type":"Feature","id":256,"geometry":{"type":"LineString","coordinates":[[106.78027293544767,43.050058234200208],[106.78090700965083,43.050411029245652]]},"properties":{"FID":256,"Source_id":2,"Shape_Leng":37.056524302100001,"Region":"ASIA","Segment":"Blasting Solutions","Method":"Road","Product_tr":"Initiating System","Segment_id":257,"Shape_Le_1":0.00072561314707399996,"Road":"Road_2","Length":64.845683466099999,"ID":"Road_2_257"}},{"type":"Feature","id":257,"geometry":{"type":"LineString","coordinates":[[106.78090700965083,43.050411029245652],[106.78109995110191,43.051029903107576]]},"properties":{"FID":257,"Source_id":2,"Shape_Leng":37.056524302100001,"Region":"ASIA","Segment":"Blasting Solutions","Method":"Road","Product_tr":"Initiating System","Segment_id":258,"Shape_Le_1":0.00064825246664900003,"Road":"Road_2","Length":70.527185159699997,"ID":"Road_2_258"}},{"type":"Feature","id":258,"geometry":{"type":"LineString","coordinates":[[106.78109995110191,43.051029903107576],[106.78149859988054,43.051589066482279]]},"properties":{"FID":258,"Source_id":2,"Shape_Leng":37.056524302100001,"Region":"ASIA","Segment":"Blasting Solutions","Method":"Road","Product_tr":"Initiating System","Segment_id":259,"Shape_Le_1":0.00068672012371199999,"Road":"Road_2","Length":70.0980257545,"ID":"Road_2_259"}},{"type":"Feature","id":259,"geometry":{"type":"LineString","coordinates":[[106.78149859988054,43.051589066482279],[106.78204776459273,43.052080059447235]]},"properties":{"FID":259,"Source_id":2,"Shape_Leng":37.056524302100001,"Region":"ASIA","Segment":"Blasting Solutions","Method":"Road","Product_tr":"Initiating System","Segment_id":260,"Shape_Le_1":0.00073665186673099996,"Road":"Road_2","Length":70.548695390199995,"ID":"Road_2_260"}},{"type":"Feature","id":260,"geometry":{"type":"LineString","coordinates":[[106.78204776459273,43.052080059447235],[106.78256903503302,43.052585540490327]]},"properties":{"FID":260,"Source_id":2,"Shape_Leng":37.056524302100001,"Region":"ASIA","Segment":"Blasting Solutions","Method":"Road","Product_tr":"Initiating System","Segment_id":261,"Shape_Le_1":0.000726108777556,"Road":"Road_2","Length":70.406476263000002,"ID":"Road_2_261"}},{"type":"Feature","id":261,"geometry":{"type":"LineString","coordinates":[[106.78256903503302,43.052585540490327],[106.78298534919458,43.053142338648058]]},"properties":{"FID":261,"Source_id":2,"Shape_Leng":37.056524302100001,"Region":"ASIA","Segment":"Blasting Solutions","Method":"Road","Product_tr":"Initiating System","Segment_id":262,"Shape_Le_1":0.00069522778250299998,"Road":"Road_2","Length":70.545474394400003,"ID":"Road_2_262"}},{"type":"Feature","id":262,"geometry":{"type":"LineString","coordinates":[[106.78298534919458,43.053142338648058],[106.78321264654647,43.053752470200379]]},"properties":{"FID":262,"Source_id":2,"Shape_Leng":37.056524302100001,"Region":"ASIA","Segment":"Blasting Solutions","Method":"Road","Product_tr":"Initiating System","Segment_id":263,"Shape_Le_1":0.00065109492189499997,"Road":"Road_2","Length":70.265854609900003,"ID":"Road_2_263"}},{"type":"Feature","id":263,"geometry":{"type":"LineString","coordinates":[[106.78321264654647,43.053752470200379],[106.78350277053647,43.054346915777614]]},"properties":{"FID":263,"Source_id":2,"Shape_Leng":37.056524302100001,"Region":"ASIA","Segment":"Blasting Solutions","Method":"Road","Product_tr":"Initiating System","Segment_id":264,"Shape_Le_1":0.00066146615473999999,"Road":"Road_2","Length":70.141639100299997,"ID":"Road_2_264"}},{"type":"Feature","id":264,"geometry":{"type":"LineString","coordinates":[[106.78350277053647,43.054346915777614],[106.78389261315363,43.054914240499841]]},"properties":{"FID":264,"Source_id":2,"Shape_Leng":37.056524302100001,"Region":"ASIA","Segment":"Blasting Solutions","Method":"Road","Product_tr":"Initiating System","Segment_id":265,"Shape_Le_1":0.00068835645315300004,"Road":"Road_2","Length":70.576234790000001,"ID":"Road_2_265"}},{"type":"Feature","id":265,"geometry":{"type":"LineString","coordinates":[[106.78389261315363,43.054914240499841],[106.78440393709207,43.055419290767702]]},"properties":{"FID":265,"Source_id":2,"Shape_Leng":37.056524302100001,"Region":"ASIA","Segment":"Blasting Solutions","Method":"Road","Product_tr":"Initiating System","Segment_id":266,"Shape_Le_1":0.00071869878467200005,"Road":"Road_2","Length":69.881109224900001,"ID":"Road_2_266"}},{"type":"Feature","id":266,"geometry":{"type":"LineString","coordinates":[[106.78440393709207,43.055419290767702],[106.78511660844481,43.055776026642377]]},"properties":{"FID":266,"Source_id":2,"Shape_Leng":37.056524302100001,"Region":"ASIA","Segment":"Blasting Solutions","Method":"Road","Product_tr":"Initiating System","Segment_id":267,"Shape_Le_1":0.00079696984968200002,"Road":"Road_2","Length":70.296033906800005,"ID":"Road_2_267"}},{"type":"Feature","id":267,"geometry":{"type":"LineString","coordinates":[[106.78511660844481,43.055776026642377],[106.7858786516785,43.056076434379975]]},"properties":{"FID":267,"Source_id":2,"Shape_Leng":37.056524302100001,"Region":"ASIA","Segment":"Blasting Solutions","Method":"Road","Product_tr":"Initiating System","Segment_id":268,"Shape_Le_1":0.00081911824471499997,"Road":"Road_2","Length":70.483201456700002,"ID":"Road_2_268"}},{"type":"Feature","id":268,"geometry":{"type":"LineString","coordinates":[[106.7858786516785,43.056076434379975],[106.78663556787723,43.056385408160111]]},"properties":{"FID":268,"Source_id":2,"Shape_Leng":37.056524302100001,"Region":"ASIA","Segment":"Blasting Solutions","Method":"Road","Product_tr":"Initiating System","Segment_id":269,"Shape_Le_1":0.00081754934328399996,"Road":"Road_2","Length":70.573239176499996,"ID":"Road_2_269"}},{"type":"Feature","id":269,"geometry":{"type":"LineString","coordinates":[[106.78663556787723,43.056385408160111],[106.78739330695561,43.056693442148685]]},"properties":{"FID":269,"Source_id":2,"Shape_Leng":37.056524302100001,"Region":"ASIA","Segment":"Blasting Solutions","Method":"Road","Product_tr":"Initiating System","Segment_id":270,"Shape_Le_1":0.00081795687479400004,"Road":"Road_2","Length":70.580871756099995,"ID":"Road_2_270"}},{"type":"Feature","id":270,"geometry":{"type":"LineString","coordinates":[[106.78739330695561,43.056693442148685],[106.78820361590419,43.056913052095751]]},"properties":{"FID":270,"Source_id":2,"Shape_Leng":37.056524302100001,"Region":"ASIA","Segment":"Blasting Solutions","Method":"Road","Product_tr":"Initiating System","Segment_id":271,"Shape_Le_1":0.00083954101806299995,"Road":"Road_2","Length":70.376673067200002,"ID":"Road_2_271"}},{"type":"Feature","id":271,"geometry":{"type":"LineString","coordinates":[[106.78820361590419,43.056913052095751],[106.78902676087637,43.057109866027531]]},"properties":{"FID":271,"Source_id":2,"Shape_Leng":37.056524302100001,"Region":"ASIA","Segment":"Blasting Solutions","Method":"Road","Product_tr":"Initiating System","Segment_id":272,"Shape_Le_1":0.00084634707357999996,"Road":"Road_2","Length":70.5325358626,"ID":"Road_2_272"}},{"type":"Feature","id":272,"geometry":{"type":"LineString","coordinates":[[106.78902676087637,43.057109866027531],[106.78977269635294,43.057431540932896]]},"properties":{"FID":272,"Source_id":2,"Shape_Leng":37.056524302100001,"Region":"ASIA","Segment":"Blasting Solutions","Method":"Road","Product_tr":"Initiating System","Segment_id":273,"Shape_Le_1":0.00081233889476699998,"Road":"Road_2","Length":70.496752527400005,"ID":"Road_2_273"}},{"type":"Feature","id":273,"geometry":{"type":"LineString","coordinates":[[106.78977269635294,43.057431540932896],[106.79051482589858,43.057754447909474]]},"properties":{"FID":273,"Source_id":2,"Shape_Leng":37.056524302100001,"Region":"ASIA","Segment":"Blasting Solutions","Method":"Road","Product_tr":"Initiating System","Segment_id":274,"Shape_Le_1":0.000809336257706,"Road":"Road_2","Length":70.299142465000003,"ID":"Road_2_274"}},{"type":"Feature","id":274,"geometry":{"type":"LineString","coordinates":[[106.79051482589858,43.057754447909474],[106.79134909548441,43.057870726652766]]},"properties":{"FID":274,"Source_id":2,"Shape_Leng":37.056524302100001,"Region":"ASIA","Segment":"Blasting Solutions","Method":"Road","Product_tr":"Initiating System","Segment_id":275,"Shape_Le_1":0.00084233395275899996,"Road":"Road_2","Length":69.180098327799996,"ID":"Road_2_275"}},{"type":"Feature","id":275,"geometry":{"type":"LineString","coordinates":[[106.79134909548441,43.057870726652766],[106.79209737909082,43.057556310175642]]},"properties":{"FID":275,"Source_id":2,"Shape_Leng":37.056524302100001,"Region":"ASIA","Segment":"Blasting Solutions","Method":"Road","Product_tr":"Initiating System","Segment_id":276,"Shape_Le_1":0.00081165637847099999,"Road":"Road_2","Length":70.256967455899996,"ID":"Road_2_276"}},{"type":"Feature","id":276,"geometry":{"type":"LineString","coordinates":[[106.79209737909082,43.057556310175642],[106.79280866638692,43.05719352186361]]},"properties":{"FID":276,"Source_id":2,"Shape_Leng":37.056524302100001,"Region":"ASIA","Segment":"Blasting Solutions","Method":"Road","Product_tr":"Initiating System","Segment_id":277,"Shape_Le_1":0.00079846413628800001,"Road":"Road_2","Length":70.5833286023,"ID":"Road_2_277"}},{"type":"Feature","id":277,"geometry":{"type":"LineString","coordinates":[[106.79280866638692,43.05719352186361],[106.79351190295205,43.056822358165334]]},"properties":{"FID":277,"Source_id":2,"Shape_Leng":37.056524302100001,"Region":"ASIA","Segment":"Blasting Solutions","Method":"Road","Product_tr":"Initiating System","Segment_id":278,"Shape_Le_1":0.00079517555134299997,"Road":"Road_2","Length":70.585659827200004,"ID":"Road_2_278"}},{"type":"Feature","id":278,"geometry":{"type":"LineString","coordinates":[[106.79351190295205,43.056822358165334],[106.79417805147597,43.056418322447655]]},"properties":{"FID":278,"Source_id":2,"Shape_Leng":37.056524302100001,"Region":"ASIA","Segment":"Blasting Solutions","Method":"Road","Product_tr":"Initiating System","Segment_id":279,"Shape_Le_1":0.00077910122389899996,"Road":"Road_2","Length":70.425928900399995,"ID":"Road_2_279"}},{"type":"Feature","id":279,"geometry":{"type":"LineString","coordinates":[[106.79417805147597,43.056418322447655],[106.79481796677578,43.055990746975453]]},"properties":{"FID":279,"Source_id":2,"Shape_Leng":37.056524302100001,"Region":"ASIA","Segment":"Blasting Solutions","Method":"Road","Product_tr":"Initiating System","Segment_id":280,"Shape_Le_1":0.00076961833097000001,"Road":"Road_2","Length":70.527028809399994,"ID":"Road_2_280"}},{"type":"Feature","id":280,"geometry":{"type":"LineString","coordinates":[[106.79481796677578,43.055990746975453],[106.79554518915921,43.055646117774188]]},"properties":{"FID":280,"Source_id":2,"Shape_Leng":37.056524302100001,"Region":"ASIA","Segment":"Blasting Solutions","Method":"Road","Product_tr":"Initiating System","Segment_id":281,"Shape_Le_1":0.00080474945251900003,"Road":"Road_2","Length":70.539117277200006,"ID":"Road_2_281"}},{"type":"Feature","id":281,"geometry":{"type":"LineString","coordinates":[[106.79554518915921,43.055646117774188],[106.79627535862096,43.055304480617338]]},"properties":{"FID":281,"Source_id":2,"Shape_Leng":37.056524302100001,"Region":"ASIA","Segment":"Blasting Solutions","Method":"Road","Product_tr":"Initiating System","Segment_id":282,"Shape_Le_1":0.00080614104833400002,"Road":"Road_2","Length":70.561817817600001,"ID":"Road_2_282"}},{"type":"Feature","id":282,"geometry":{"type":"LineString","coordinates":[[106.79627535862096,43.055304480617338],[106.79698829527365,43.054943575485652]]},"properties":{"FID":282,"Source_id":2,"Shape_Leng":37.056524302100001,"Region":"ASIA","Segment":"Blasting Solutions","Method":"Road","Product_tr":"Initiating System","Segment_id":283,"Shape_Le_1":0.00079908146319699995,"Road":"Road_2","Length":70.576351302299997,"ID":"Road_2_283"}},{"type":"Feature","id":283,"geometry":{"type":"LineString","coordinates":[[106.79698829527365,43.054943575485652],[106.79777923372473,43.054729999989547]]},"properties":{"FID":283,"Source_id":2,"Shape_Leng":37.056524302100001,"Region":"ASIA","Segment":"Blasting Solutions","Method":"Road","Product_tr":"Initiating System","Segment_id":284,"Shape_Le_1":0.00081926682218099996,"Road":"Road_2","Length":68.666071956899998,"ID":"Road_2_284"}},{"type":"Feature","id":284,"geometry":{"type":"LineString","coordinates":[[106.79777923372473,43.054729999989547],[106.7985940257937,43.05458475588182]]},"properties":{"FID":284,"Source_id":2,"Shape_Leng":37.056524302100001,"Region":"ASIA","Segment":"Blasting Solutions","Method":"Road","Product_tr":"Initiating System","Segment_id":285,"Shape_Le_1":0.00082763637335599995,"Road":"Road_2","Length":68.313012207100002,"ID":"Road_2_285"}},{"type":"Feature","id":285,"geometry":{"type":"LineString","coordinates":[[106.7985940257937,43.05458475588182],[106.79930173288875,43.054219133806043]]},"properties":{"FID":285,"Source_id":2,"Shape_Leng":37.056524302100001,"Region":"ASIA","Segment":"Blasting Solutions","Method":"Road","Product_tr":"Initiating System","Segment_id":286,"Shape_Le_1":0.00079657318224600005,"Road":"Road_2","Length":70.527196503699997,"ID":"Road_2_286"}},{"type":"Feature","id":286,"geometry":{"type":"LineString","coordinates":[[106.79930173288875,43.054219133806043],[106.79995439248131,43.053803369130208]]},"properties":{"FID":286,"Source_id":2,"Shape_Leng":37.056524302100001,"Region":"ASIA","Segment":"Blasting Solutions","Method":"Road","Product_tr":"Initiating System","Segment_id":287,"Shape_Le_1":0.00077383771517999995,"Road":"Road_2","Length":70.431941310300004,"ID":"Road_2_287"}},{"type":"Feature","id":287,"geometry":{"type":"LineString","coordinates":[[106.79995439248131,43.053803369130208],[106.80066074969392,43.053446417418286]]},"properties":{"FID":287,"Source_id":2,"Shape_Leng":37.056524302100001,"Region":"ASIA","Segment":"Blasting Solutions","Method":"Road","Product_tr":"Initiating System","Segment_id":288,"Shape_Le_1":0.00079142595133500004,"Road":"Road_2","Length":69.886895210500001,"ID":"Road_2_288"}},{"type":"Feature","id":288,"geometry":{"type":"LineString","coordinates":[[106.80066074969392,43.053446417418286],[106.8014713886937,43.053222871138644]]},"properties":{"FID":288,"Source_id":2,"Shape_Leng":37.056524302100001,"Region":"ASIA","Segment":"Blasting Solutions","Method":"Road","Product_tr":"Initiating System","Segment_id":289,"Shape_Le_1":0.000840897453384,"Road":"Road_2","Length":70.558109440300001,"ID":"Road_2_289"}},{"type":"Feature","id":289,"geometry":{"type":"LineString","coordinates":[[106.8014713886937,43.053222871138644],[106.80225918221555,43.052958461463902]]},"properties":{"FID":289,"Source_id":2,"Shape_Leng":37.056524302100001,"Region":"ASIA","Segment":"Blasting Solutions","Method":"Road","Product_tr":"Initiating System","Segment_id":290,"Shape_Le_1":0.00083098201494900001,"Road":"Road_2","Length":70.584637752700004,"ID":"Road_2_290"}},{"type":"Feature","id":290,"geometry":{"type":"LineString","coordinates":[[106.80225918221555,43.052958461463902],[106.803035399664,43.052676821678006]]},"properties":{"FID":290,"Source_id":2,"Shape_Leng":37.056524302100001,"Region":"ASIA","Segment":"Blasting Solutions","Method":"Road","Product_tr":"Initiating System","Segment_id":291,"Shape_Le_1":0.00082573270267899998,"Road":"Road_2","Length":70.556163335199997,"ID":"Road_2_291"}},{"type":"Feature","id":291,"geometry":{"type":"LineString","coordinates":[[106.803035399664,43.052676821678006],[106.80381067012638,43.052394832055882]]},"properties":{"FID":291,"Source_id":2,"Shape_Leng":37.056524302100001,"Region":"ASIA","Segment":"Blasting Solutions","Method":"Road","Product_tr":"Initiating System","Segment_id":292,"Shape_Le_1":0.00082496208205599995,"Road":"Road_2","Length":70.504539120800004,"ID":"Road_2_292"}},{"type":"Feature","id":292,"geometry":{"type":"LineString","coordinates":[[106.80381067012638,43.052394832055882],[106.80465939181755,43.05235287058855]]},"properties":{"FID":292,"Source_id":2,"Shape_Leng":37.056524302100001,"Region":"ASIA","Segment":"Blasting Solutions","Method":"Road","Product_tr":"Initiating System","Segment_id":293,"Shape_Le_1":0.00084975836200899997,"Road":"Road_2","Length":69.303738383699994,"ID":"Road_2_293"}},{"type":"Feature","id":293,"geometry":{"type":"LineString","coordinates":[[106.80465939181755,43.05235287058855],[106.80548931857726,43.052533647809639]]},"properties":{"FID":293,"Source_id":2,"Shape_Leng":37.056524302100001,"Region":"ASIA","Segment":"Blasting Solutions","Method":"Road","Product_tr":"Initiating System","Segment_id":294,"Shape_Le_1":0.00084938732633700002,"Road":"Road_2","Length":70.534988842299995,"ID":"Road_2_294"}},{"type":"Feature","id":294,"geometry":{"type":"LineString","coordinates":[[106.80548931857726,43.052533647809639],[106.80632050708579,43.052711251323217]]},"properties":{"FID":294,"Source_id":2,"Shape_Leng":37.056524302100001,"Region":"ASIA","Segment":"Blasting Solutions","Method":"Road","Product_tr":"Initiating System","Segment_id":295,"Shape_Le_1":0.00084995137786999999,"Road":"Road_2","Length":70.533908815900006,"ID":"Road_2_295"}},{"type":"Feature","id":295,"geometry":{"type":"LineString","coordinates":[[106.80632050708579,43.052711251323217],[106.80715557706827,43.052878776134662]]},"properties":{"FID":295,"Source_id":2,"Shape_Leng":37.056524302100001,"Region":"ASIA","Segment":"Blasting Solutions","Method":"Road","Product_tr":"Initiating System","Segment_id":296,"Shape_Le_1":0.00085170795352599996,"Road":"Road_2","Length":70.533713978400002,"ID":"Road_2_296"}},{"type":"Feature","id":296,"geometry":{"type":"LineString","coordinates":[[106.80715557706827,43.052878776134662],[106.80798915327688,43.053049811899371]]},"properties":{"FID":296,"Source_id":2,"Shape_Leng":37.056524302100001,"Region":"ASIA","Segment":"Blasting Solutions","Method":"Road","Product_tr":"Initiating System","Segment_id":297,"Shape_Le_1":0.000850942141608,"Road":"Road_2","Length":70.520246825100003,"ID":"Road_2_297"}},{"type":"Feature","id":297,"geometry":{"type":"LineString","coordinates":[[106.80798915327688,43.053049811899371],[106.8088255416655,43.053214392330403]]},"properties":{"FID":297,"Source_id":2,"Shape_Leng":37.056524302100001,"Region":"ASIA","Segment":"Blasting Solutions","Method":"Road","Product_tr":"Initiating System","Segment_id":298,"Shape_Le_1":0.00085242727249799997,"Road":"Road_2","Length":70.551488300399996,"ID":"Road_2_298"}},{"type":"Feature","id":298,"geometry":{"type":"LineString","coordinates":[[106.8088255416655,43.053214392330403],[106.80966958688197,43.053127530411246]]},"properties":{"FID":298,"Source_id":2,"Shape_Leng":37.056524302100001,"Region":"ASIA","Segment":"Blasting Solutions","Method":"Road","Product_tr":"Initiating System","Segment_id":299,"Shape_Le_1":0.00084850298788000003,"Road":"Road_2","Length":69.438670085799998,"ID":"Road_2_299"}},{"type":"Feature","id":299,"geometry":{"type":"LineString","coordinates":[[106.80966958688197,43.053127530411246],[106.81046437173342,43.052878543210227]]},"properties":{"FID":299,"Source_id":2,"Shape_Leng":37.056524302100001,"Region":"ASIA","Segment":"Blasting Solutions","Method":"Road","Product_tr":"Initiating System","Segment_id":300,"Shape_Le_1":0.00083287309139299997,"Road":"Road_2","Length":70.412509701700003,"ID":"Road_2_300"}},{"type":"Feature","id":300,"geometry":{"type":"LineString","coordinates":[[106.81046437173342,43.052878543210227],[106.8111885040463,43.052530748395384]]},"properties":{"FID":300,"Source_id":2,"Shape_Leng":37.056524302100001,"Region":"ASIA","Segment":"Blasting Solutions","Method":"Road","Product_tr":"Initiating System","Segment_id":301,"Shape_Le_1":0.00080332362083500005,"Road":"Road_2","Length":70.522373715699999,"ID":"Road_2_301"}},{"type":"Feature","id":301,"geometry":{"type":"LineString","coordinates":[[106.8111885040463,43.052530748395384],[106.81189888122844,43.052167062559931]]},"properties":{"FID":301,"Source_id":2,"Shape_Leng":37.056524302100001,"Region":"ASIA","Segment":"Blasting Solutions","Method":"Road","Product_tr":"Initiating System","Segment_id":302,"Shape_Le_1":0.00079806210774700001,"Road":"Road_2","Length":70.5833604571,"ID":"Road_2_302"}},{"type":"Feature","id":302,"geometry":{"type":"LineString","coordinates":[[106.81189888122844,43.052167062559931],[106.81260756318858,43.051801569986537]]},"properties":{"FID":302,"Source_id":2,"Shape_Leng":37.056524302100001,"Region":"ASIA","Segment":"Blasting Solutions","Method":"Road","Product_tr":"Initiating System","Segment_id":303,"Shape_Le_1":0.00079738004855000005,"Road":"Road_2","Length":70.585706454299995,"ID":"Road_2_303"}},{"type":"Feature","id":303,"geometry":{"type":"LineString","coordinates":[[106.81260756318858,43.051801569986537],[106.8133469480033,43.051471308354223]]},"properties":{"FID":303,"Source_id":2,"Shape_Leng":37.056524302100001,"Region":"ASIA","Segment":"Blasting Solutions","Method":"Road","Product_tr":"Initiating System","Segment_id":304,"Shape_Le_1":0.00080979173249700004,"Road":"Road_2","Length":70.533472007699999,"ID":"Road_2_304"}},{"type":"Feature","id":304,"geometry":{"type":"LineString","coordinates":[[106.8133469480033,43.051471308354223],[106.81409768496025,43.051154362084219]]},"properties":{"FID":304,"Source_id":2,"Shape_Leng":37.056524302100001,"Region":"ASIA","Segment":"Blasting Solutions","Method":"Road","Product_tr":"Initiating System","Segment_id":305,"Shape_Le_1":0.00081489932911599997,"Road":"Road_2","Length":70.5757454413,"ID":"Road_2_305"}},{"type":"Feature","id":305,"geometry":{"type":"LineString","coordinates":[[106.81409768496025,43.051154362084219],[106.81487240773549,43.050875949065869]]},"properties":{"FID":305,"Source_id":2,"Shape_Leng":37.056524302100001,"Region":"ASIA","Segment":"Blasting Solutions","Method":"Road","Product_tr":"Initiating System","Segment_id":306,"Shape_Le_1":0.00082323094407000001,"Road":"Road_2","Length":70.290215937499994,"ID":"Road_2_306"}},{"type":"Feature","id":306,"geometry":{"type":"LineString","coordinates":[[106.81487240773549,43.050875949065869],[106.8157356984438,43.050866757994527]]},"properties":{"FID":306,"Source_id":2,"Shape_Leng":37.056524302100001,"Region":"ASIA","Segment":"Blasting Solutions","Method":"Road","Product_tr":"Initiating System","Segment_id":307,"Shape_Le_1":0.00086333963354300004,"Road":"Road_2","Length":70.342869710000002,"ID":"Road_2_307"}},{"type":"Feature","id":307,"geometry":{"type":"LineString","coordinates":[[106.8157356984438,43.050866757994527],[106.8165990179304,43.050918733412857]]},"properties":{"FID":307,"Source_id":2,"Shape_Leng":37.056524302100001,"Region":"ASIA","Segment":"Blasting Solutions","Method":"Road","Product_tr":"Initiating System","Segment_id":308,"Shape_Le_1":0.00086488263946599999,"Road":"Road_2","Length":70.574385262999996,"ID":"Road_2_308"}},{"type":"Feature","id":308,"geometry":{"type":"LineString","coordinates":[[106.8165990179304,43.050918733412857],[106.81746203164749,43.050974135248168]]},"properties":{"FID":308,"Source_id":2,"Shape_Leng":37.056524302100001,"Region":"ASIA","Segment":"Blasting Solutions","Method":"Road","Product_tr":"Initiating System","Segment_id":309,"Shape_Le_1":0.00086479017064700005,"Road":"Road_2","Length":70.581669808100003,"ID":"Road_2_309"}},{"type":"Feature","id":309,"geometry":{"type":"LineString","coordinates":[[106.81746203164749,43.050974135248168],[106.81832712189924,43.051007216809637]]},"properties":{"FID":309,"Source_id":2,"Shape_Leng":37.056524302100001,"Region":"ASIA","Segment":"Blasting Solutions","Method":"Road","Product_tr":"Initiating System","Segment_id":310,"Shape_Le_1":0.00086572254988699995,"Road":"Road_2","Length":70.577689467100001,"ID":"Road_2_310"}},{"type":"Feature","id":310,"geometry":{"type":"LineString","coordinates":[[106.81832712189924,43.051007216809637],[106.81919180116074,43.051046404767817]]},"properties":{"FID":310,"Source_id":2,"Shape_Leng":37.056524302100001,"Region":"ASIA","Segment":"Blasting Solutions","Method":"Road","Product_tr":"Initiating System","Segment_id":311,"Shape_Le_1":0.00086556682083399996,"Road":"Road_2","Length":70.582801854300001,"ID":"Road_2_311"}},{"type":"Feature","id":311,"geometry":{"type":"LineString","coordinates":[[106.81919180116074,43.051046404767817],[106.82005149278223,43.051124015361097]]},"properties":{"FID":311,"Source_id":2,"Shape_Leng":37.056524302100001,"Region":"ASIA","Segment":"Blasting Solutions","Method":"Road","Product_tr":"Initiating System","Segment_id":312,"Shape_Le_1":0.000863187747968,"Road":"Road_2","Length":70.570669100999993,"ID":"Road_2_312"}},{"type":"Feature","id":312,"geometry":{"type":"LineString","coordinates":[[106.82005149278223,43.051124015361097],[106.82089152702241,43.051271582417655]]},"properties":{"FID":312,"Source_id":2,"Shape_Leng":37.056524302100001,"Region":"ASIA","Segment":"Blasting Solutions","Method":"Road","Product_tr":"Initiating System","Segment_id":313,"Shape_Le_1":0.00085289715726100004,"Road":"Road_2","Length":70.376354981999995,"ID":"Road_2_313"}},{"type":"Feature","id":313,"geometry":{"type":"LineString","coordinates":[[106.82089152702241,43.051271582417655],[106.82171623231835,43.051465454667039]]},"properties":{"FID":313,"Source_id":2,"Shape_Leng":37.056524302100001,"Region":"ASIA","Segment":"Blasting Solutions","Method":"Road","Product_tr":"Initiating System","Segment_id":314,"Shape_Le_1":0.00084718668204400004,"Road":"Road_2","Length":70.558807346400002,"ID":"Road_2_314"}},{"type":"Feature","id":314,"geometry":{"type":"LineString","coordinates":[[106.82171623231835,43.051465454667039],[106.82252301772314,43.051694600125757]]},"properties":{"FID":314,"Source_id":2,"Shape_Leng":37.056524302100001,"Region":"ASIA","Segment":"Blasting Solutions","Method":"Road","Product_tr":"Initiating System","Segment_id":315,"Shape_Le_1":0.00083869561262400001,"Road":"Road_2","Length":70.488333653300003,"ID":"Road_2_315"}},{"type":"Feature","id":315,"geometry":{"type":"LineString","coordinates":[[106.82252301772314,43.051694600125757],[106.82330825627105,43.051962751879557]]},"properties":{"FID":315,"Source_id":2,"Shape_Leng":37.056524302100001,"Region":"ASIA","Segment":"Blasting Solutions","Method":"Road","Product_tr":"Initiating System","Segment_id":316,"Shape_Le_1":0.00082976197802899995,"Road":"Road_2","Length":70.571084637400006,"ID":"Road_2_316"}},{"type":"Feature","id":316,"geometry":{"type":"LineString","coordinates":[[106.82330825627105,43.051962751879557],[106.82412041242713,43.051934793755777]]},"properties":{"FID":316,"Source_id":2,"Shape_Leng":37.056524302100001,"Region":"ASIA","Segment":"Blasting Solutions","Method":"Road","Product_tr":"Initiating System","Segment_id":317,"Shape_Le_1":0.00081263723675200001,"Road":"Road_2","Length":66.241038915600001,"ID":"Road_2_317"}},{"type":"Feature","id":317,"geometry":{"type":"LineString","coordinates":[[106.82412041242713,43.051934793755777],[106.82488994521486,43.052056648295718]]},"properties":{"FID":317,"Source_id":2,"Shape_Leng":37.056524302100001,"Region":"ASIA","Segment":"Blasting Solutions","Method":"Road","Product_tr":"Initiating System","Segment_id":318,"Shape_Le_1":0.00077912081238599995,"Road":"Road_2","Length":64.140354641900004,"ID":"Road_2_318"}},{"type":"Feature","id":318,"geometry":{"type":"LineString","coordinates":[[106.82488994521486,43.052056648295718],[106.82568110939576,43.052315712400286]]},"properties":{"FID":318,"Source_id":2,"Shape_Leng":37.056524302100001,"Region":"ASIA","Segment":"Blasting Solutions","Method":"Road","Product_tr":"Initiating System","Segment_id":319,"Shape_Le_1":0.00083249923207699998,"Road":"Road_2","Length":70.591095327000005,"ID":"Road_2_319"}},{"type":"Feature","id":319,"geometry":{"type":"LineString","coordinates":[[106.82568110939576,43.052315712400286],[106.82647586097227,43.052568740255197]]},"properties":{"FID":319,"Source_id":2,"Shape_Leng":37.056524302100001,"Region":"ASIA","Segment":"Blasting Solutions","Method":"Road","Product_tr":"Initiating System","Segment_id":320,"Shape_Le_1":0.00083405824959700001,"Road":"Road_2","Length":70.588113089100005,"ID":"Road_2_320"}},{"type":"Feature","id":320,"geometry":{"type":"LineString","coordinates":[[106.82647586097227,43.052568740255197],[106.82726472828466,43.052831576116375]]},"properties":{"FID":320,"Source_id":2,"Shape_Leng":37.056524302100001,"Region":"ASIA","Segment":"Blasting Solutions","Method":"Road","Product_tr":"Initiating System","Segment_id":321,"Shape_Le_1":0.00083150124863799995,"Road":"Road_2","Length":70.592064595099998,"ID":"Road_2_321"}},{"type":"Feature","id":321,"geometry":{"type":"LineString","coordinates":[[106.82726472828466,43.052831576116375],[106.82806169219339,43.053080846603848]]},"properties":{"FID":321,"Source_id":2,"Shape_Leng":37.056524302100001,"Region":"ASIA","Segment":"Blasting Solutions","Method":"Road","Product_tr":"Initiating System","Segment_id":322,"Shape_Le_1":0.000835037273262,"Road":"Road_2","Length":70.588187468300006,"ID":"Road_2_322"}},{"type":"Feature","id":322,"geometry":{"type":"LineString","coordinates":[[106.82806169219339,43.053080846603848],[106.82885653640011,43.053332938264532]]},"properties":{"FID":322,"Source_id":2,"Shape_Leng":37.056524302100001,"Region":"ASIA","Segment":"Blasting Solutions","Method":"Road","Product_tr":"Initiating System","Segment_id":323,"Shape_Le_1":0.00083386300934099999,"Road":"Road_2","Length":70.552949999399999,"ID":"Road_2_323"}},{"type":"Feature","id":323,"geometry":{"type":"LineString","coordinates":[[106.82885653640011,43.053332938264532],[106.82964993989287,43.053588381698489]]},"properties":{"FID":323,"Source_id":2,"Shape_Leng":37.056524302100001,"Region":"ASIA","Segment":"Blasting Solutions","Method":"Road","Product_tr":"Initiating System","Segment_id":324,"Shape_Le_1":0.000833510917914,"Road":"Road_2","Length":70.593850182200001,"ID":"Road_2_324"}},{"type":"Feature","id":324,"geometry":{"type":"LineString","coordinates":[[106.82964993989287,43.053588381698489],[106.83044335957345,43.053843817937889]]},"properties":{"FID":324,"Source_id":2,"Shape_Leng":37.056524302100001,"Region":"ASIA","Segment":"Blasting Solutions","Method":"Road","Product_tr":"Initiating System","Segment_id":325,"Shape_Le_1":0.00083352412198100005,"Road":"Road_2","Length":70.594491334699995,"ID":"Road_2_325"}},{"type":"Feature","id":325,"geometry":{"type":"LineString","coordinates":[[106.83044335957345,43.053843817937889],[106.8312346361696,43.05410256458174]]},"properties":{"FID":325,"Source_id":2,"Shape_Leng":37.056524302100001,"Region":"ASIA","Segment":"Blasting Solutions","Method":"Road","Product_tr":"Initiating System","Segment_id":326,"Shape_Le_1":0.00083250734369900005,"Road":"Road_2","Length":70.583382672100001,"ID":"Road_2_326"}},{"type":"Feature","id":326,"geometry":{"type":"LineString","coordinates":[[106.8312346361696,43.05410256458174],[106.83202953073834,43.054355509699064]]},"properties":{"FID":326,"Source_id":2,"Shape_Leng":37.056524302100001,"Region":"ASIA","Segment":"Blasting Solutions","Method":"Road","Product_tr":"Initiating System","Segment_id":327,"Shape_Le_1":0.00083416941192599999,"Road":"Road_2","Length":70.593419025499998,"ID":"Road_2_327"}},{"type":"Feature","id":327,"geometry":{"type":"LineString","coordinates":[[106.83202953073834,43.054355509699064],[106.83282190001074,43.054612501765575]]},"properties":{"FID":327,"Source_id":2,"Shape_Leng":37.056524302100001,"Region":"ASIA","Segment":"Blasting Solutions","Method":"Road","Product_tr":"Initiating System","Segment_id":328,"Shape_Le_1":0.00083300299285099999,"Road":"Road_2","Length":70.585139833300005,"ID":"Road_2_328"}},{"type":"Feature","id":328,"geometry":{"type":"LineString","coordinates":[[106.83282190001074,43.054612501765575],[106.83361502291501,43.054868475799594]]},"properties":{"FID":328,"Source_id":2,"Shape_Leng":37.056524302100001,"Region":"ASIA","Segment":"Blasting Solutions","Method":"Road","Product_tr":"Initiating System","Segment_id":329,"Shape_Le_1":0.00083340665186299996,"Road":"Road_2","Length":70.595415936600006,"ID":"Road_2_329"}},{"type":"Feature","id":329,"geometry":{"type":"LineString","coordinates":[[106.83361502291501,43.054868475799594],[106.83440865753357,43.05512358288712]]},"properties":{"FID":329,"Source_id":2,"Shape_Leng":37.056524302100001,"Region":"ASIA","Segment":"Blasting Solutions","Method":"Road","Product_tr":"Initiating System","Segment_id":330,"Shape_Le_1":0.00083362793492200004,"Road":"Road_2","Length":70.594608939099999,"ID":"Road_2_330"}},{"type":"Feature","id":330,"geometry":{"type":"LineString","coordinates":[[106.83440865753357,43.05512358288712],[106.83520133707214,43.055379709805834]]},"properties":{"FID":330,"Source_id":2,"Shape_Leng":37.056524302100001,"Region":"ASIA","Segment":"Blasting Solutions","Method":"Road","Product_tr":"Initiating System","Segment_id":331,"Shape_Le_1":0.00083303172169299998,"Road":"Road_2","Length":70.568714009000004,"ID":"Road_2_331"}},{"type":"Feature","id":331,"geometry":{"type":"LineString","coordinates":[[106.83520133707214,43.055379709805834],[106.83599818316969,43.055629395780045]]},"properties":{"FID":331,"Source_id":2,"Shape_Leng":37.056524302100001,"Region":"ASIA","Segment":"Blasting Solutions","Method":"Road","Product_tr":"Initiating System","Segment_id":332,"Shape_Le_1":0.00083504897395899995,"Road":"Road_2","Length":70.595015170099998,"ID":"Road_2_332"}},{"type":"Feature","id":332,"geometry":{"type":"LineString","coordinates":[[106.83599818316969,43.055629395780045],[106.836787930019,43.055890967194443]]},"properties":{"FID":332,"Source_id":2,"Shape_Leng":37.056524302100001,"Region":"ASIA","Segment":"Blasting Solutions","Method":"Road","Product_tr":"Initiating System","Segment_id":333,"Shape_Le_1":0.00083193731183399996,"Road":"Road_2","Length":70.596466588599995,"ID":"Road_2_333"}},{"type":"Feature","id":333,"geometry":{"type":"LineString","coordinates":[[106.836787930019,43.055890967194443],[106.83758640209084,43.056137946209276]]},"properties":{"FID":333,"Source_id":2,"Shape_Leng":37.056524302100001,"Region":"ASIA","Segment":"Blasting Solutions","Method":"Road","Product_tr":"Initiating System","Segment_id":334,"Shape_Le_1":0.00083579679544100005,"Road":"Road_2","Length":70.598931249700001,"ID":"Road_2_334"}},{"type":"Feature","id":334,"geometry":{"type":"LineString","coordinates":[[106.83758640209084,43.056137946209276],[106.83838403599452,43.056386233737726]]},"properties":{"FID":334,"Source_id":2,"Shape_Leng":37.056524302100001,"Region":"ASIA","Segment":"Blasting Solutions","Method":"Road","Product_tr":"Initiating System","Segment_id":335,"Shape_Le_1":0.00083538406801599995,"Road":"Road_2","Length":70.592454675100001,"ID":"Road_2_335"}},{"type":"Feature","id":335,"geometry":{"type":"LineString","coordinates":[[106.83838403599452,43.056386233737726],[106.83920073462627,43.056597837919924]]},"properties":{"FID":335,"Source_id":2,"Shape_Leng":37.056524302100001,"Region":"ASIA","Segment":"Blasting Solutions","Method":"Road","Product_tr":"Initiating System","Segment_id":336,"Shape_Le_1":0.00084366639439399996,"Road":"Road_2","Length":70.564223652999999,"ID":"Road_2_336"}},{"type":"Feature","id":336,"geometry":{"type":"LineString","coordinates":[[106.83920073462627,43.056597837919924],[106.84003691437215,43.056761792422833]]},"properties":{"FID":336,"Source_id":2,"Shape_Leng":37.056524302100001,"Region":"ASIA","Segment":"Blasting Solutions","Method":"Road","Product_tr":"Initiating System","Segment_id":337,"Shape_Le_1":0.00085210189909099997,"Road":"Road_2","Length":70.513287160199994,"ID":"Road_2_337"}},{"type":"Feature","id":337,"geometry":{"type":"LineString","coordinates":[[106.84003691437215,43.056761792422833],[106.84088827557355,43.05687882749595]]},"properties":{"FID":337,"Source_id":2,"Shape_Leng":37.056524302100001,"Region":"ASIA","Segment":"Blasting Solutions","Method":"Road","Product_tr":"Initiating System","Segment_id":338,"Shape_Le_1":0.00085936785114800005,"Road":"Road_2","Length":70.564979993099996,"ID":"Road_2_338"}},{"type":"Feature","id":338,"geometry":{"type":"LineString","coordinates":[[106.84088827557355,43.05687882749595],[106.84174818573024,43.056957455222459]]},"properties":{"FID":338,"Source_id":2,"Shape_Leng":37.056524302100001,"Region":"ASIA","Segment":"Blasting Solutions","Method":"Road","Product_tr":"Initiating System","Segment_id":339,"Shape_Le_1":0.00086349742151199996,"Road":"Road_2","Length":70.595644441900006,"ID":"Road_2_339"}},{"type":"Feature","id":339,"geometry":{"type":"LineString","coordinates":[[106.84174818573024,43.056957455222459],[106.84261319324435,43.056996054124625]]},"properties":{"FID":339,"Source_id":2,"Shape_Leng":37.056524302100001,"Region":"ASIA","Segment":"Blasting Solutions","Method":"Road","Product_tr":"Initiating System","Segment_id":340,"Shape_Le_1":0.00086586827792199997,"Road":"Road_2","Length":70.598690320299994,"ID":"Road_2_340"}},{"type":"Feature","id":340,"geometry":{"type":"LineString","coordinates":[[106.84261319324435,43.056996054124625],[106.84347851552116,43.057028838909844]]},"properties":{"FID":340,"Source_id":2,"Shape_Leng":37.056524302100001,"Region":"ASIA","Segment":"Blasting Solutions","Method":"Road","Product_tr":"Initiating System","Segment_id":341,"Shape_Le_1":0.00086594311873400005,"Road":"Road_2","Length":70.587970926200001,"ID":"Road_2_341"}},{"type":"Feature","id":341,"geometry":{"type":"LineString","coordinates":[[106.84347851552116,43.057028838909844],[106.84434432433119,43.057054082879688]]},"properties":{"FID":341,"Source_id":2,"Shape_Leng":37.056524302100001,"Region":"ASIA","Segment":"Blasting Solutions","Method":"Road","Product_tr":"Initiating System","Segment_id":342,"Shape_Le_1":0.00086617674497999997,"Road":"Road_2","Length":70.589277354100005,"ID":"Road_2_342"}},{"type":"Feature","id":342,"geometry":{"type":"LineString","coordinates":[[106.84434432433119,43.057054082879688],[106.84521002612189,43.057083930479052]]},"properties":{"FID":342,"Source_id":2,"Shape_Leng":37.056524302100001,"Region":"ASIA","Segment":"Blasting Solutions","Method":"Road","Product_tr":"Initiating System","Segment_id":343,"Shape_Le_1":0.00086621617949100003,"Road":"Road_2","Length":70.602705164400007,"ID":"Road_2_343"}},{"type":"Feature","id":343,"geometry":{"type":"LineString","coordinates":[[106.84521002612189,43.057083930479052],[106.84607600040715,43.057108320092937]]},"properties":{"FID":343,"Source_id":2,"Shape_Leng":37.056524302100001,"Region":"ASIA","Segment":"Blasting Solutions","Method":"Road","Product_tr":"Initiating System","Segment_id":344,"Shape_Le_1":0.00086631767614399997,"Road":"Road_2","Length":70.598978198699996,"ID":"Road_2_344"}},{"type":"Feature","id":344,"geometry":{"type":"LineString","coordinates":[[106.84607600040715,43.057108320092937],[106.84694099083413,43.057142707470007]]},"properties":{"FID":344,"Source_id":2,"Shape_Leng":37.056524302100001,"Region":"ASIA","Segment":"Blasting Solutions","Method":"Road","Product_tr":"Initiating System","Segment_id":345,"Shape_Le_1":0.00086567368590100002,"Road":"Road_2","Length":70.570257236100005,"ID":"Road_2_345"}},{"type":"Feature","id":345,"geometry":{"type":"LineString","coordinates":[[106.84694099083413,43.057142707470007],[106.84780622497738,43.057175601073197]]},"properties":{"FID":345,"Source_id":2,"Shape_Leng":37.056524302100001,"Region":"ASIA","Segment":"Blasting Solutions","Method":"Road","Product_tr":"Initiating System","Segment_id":346,"Shape_Le_1":0.00086585917548600004,"Road":"Road_2","Length":70.581257700699993,"ID":"Road_2_346"}},{"type":"Feature","id":346,"geometry":{"type":"LineString","coordinates":[[106.84780622497738,43.057175601073197],[106.84867027921007,43.057190934514097]]},"properties":{"FID":346,"Source_id":2,"Shape_Leng":37.056524302100001,"Region":"ASIA","Segment":"Blasting Solutions","Method":"Road","Product_tr":"Initiating System","Segment_id":347,"Shape_Le_1":0.00086419027502299996,"Road":"Road_2","Length":70.411055244400004,"ID":"Road_2_347"}},{"type":"Feature","id":347,"geometry":{"type":"LineString","coordinates":[[106.84867027921007,43.057190934514097],[106.84953442967026,43.057236895266556]]},"properties":{"FID":347,"Source_id":2,"Shape_Leng":37.056524302100001,"Region":"ASIA","Segment":"Blasting Solutions","Method":"Road","Product_tr":"Initiating System","Segment_id":348,"Shape_Le_1":0.000865371832573,"Road":"Road_2","Length":70.583174251200006,"ID":"Road_2_348"}},{"type":"Feature","id":348,"geometry":{"type":"LineString","coordinates":[[106.84953442967026,43.057236895266556],[106.85039909094536,43.057279516836275]]},"properties":{"FID":348,"Source_id":2,"Shape_Leng":37.056524302100001,"Region":"ASIA","Segment":"Blasting Solutions","Method":"Road","Product_tr":"Initiating System","Segment_id":349,"Shape_Le_1":0.00086571110589300001,"Road":"Road_2","Length":70.598778399300002,"ID":"Road_2_349"}},{"type":"Feature","id":349,"geometry":{"type":"LineString","coordinates":[[106.85039909094536,43.057279516836275],[106.85126152639839,43.057342122241209]]},"properties":{"FID":349,"Source_id":2,"Shape_Leng":37.056524302100001,"Region":"ASIA","Segment":"Blasting Solutions","Method":"Road","Product_tr":"Initiating System","Segment_id":350,"Shape_Le_1":0.00086470477468900001,"Road":"Road_2","Length":70.601838268400002,"ID":"Road_2_350"}},{"type":"Feature","id":350,"geometry":{"type":"LineString","coordinates":[[106.85126152639839,43.057342122241209],[106.85212251034562,43.057414436726901]]},"properties":{"FID":350,"Source_id":2,"Shape_Leng":37.056524302100001,"Region":"ASIA","Segment":"Blasting Solutions","Method":"Road","Product_tr":"Initiating System","Segment_id":351,"Shape_Le_1":0.00086401547569199999,"Road":"Road_2","Length":70.598684309999996,"ID":"Road_2_351"}},{"type":"Feature","id":351,"geometry":{"type":"LineString","coordinates":[[106.85212251034562,43.057414436726901],[106.85298119652504,43.057500399323999]]},"properties":{"FID":351,"Source_id":2,"Shape_Leng":37.056524302100001,"Region":"ASIA","Segment":"Blasting Solutions","Method":"Road","Product_tr":"Initiating System","Segment_id":352,"Shape_Le_1":0.00086297828641000002,"Road":"Road_2","Length":70.601689701799998,"ID":"Road_2_352"}},{"type":"Feature","id":352,"geometry":{"type":"LineString","coordinates":[[106.85298119652504,43.057500399323999],[106.85383960841125,43.057587869184886]]},"properties":{"FID":352,"Source_id":2,"Shape_Leng":37.056524302100001,"Region":"ASIA","Segment":"Blasting Solutions","Method":"Road","Product_tr":"Initiating System","Segment_id":353,"Shape_Le_1":0.00086285684963099995,"Road":"Road_2","Length":70.602304074299994,"ID":"Road_2_353"}},{"type":"Feature","id":353,"geometry":{"type":"LineString","coordinates":[[106.85383960841125,43.057587869184886],[106.85469553906796,43.057687737998776]]},"properties":{"FID":353,"Source_id":2,"Shape_Leng":37.056524302100001,"Region":"ASIA","Segment":"Blasting Solutions","Method":"Road","Product_tr":"Initiating System","Segment_id":354,"Shape_Le_1":0.00086173723900500004,"Road":"Road_2","Length":70.605301596399997,"ID":"Road_2_354"}},{"type":"Feature","id":354,"geometry":{"type":"LineString","coordinates":[[106.85469553906796,43.057687737998776],[106.85555297159243,43.057780338491852]]},"properties":{"FID":354,"Source_id":2,"Shape_Leng":37.056524302100001,"Region":"ASIA","Segment":"Blasting Solutions","Method":"Road","Product_tr":"Initiating System","Segment_id":355,"Shape_Le_1":0.00086241833545899998,"Road":"Road_2","Length":70.603862023299996,"ID":"Road_2_355"}},{"type":"Feature","id":355,"geometry":{"type":"LineString","coordinates":[[106.85555297159243,43.057780338491852],[106.85640868011654,43.05788126760649]]},"properties":{"FID":355,"Source_id":2,"Shape_Leng":37.056524302100001,"Region":"ASIA","Segment":"Blasting Solutions","Method":"Road","Product_tr":"Initiating System","Segment_id":356,"Shape_Le_1":0.000861640159476,"Road":"Road_2","Length":70.605825026700003,"ID":"Road_2_356"}},{"type":"Feature","id":356,"geometry":{"type":"LineString","coordinates":[[106.85640868011654,43.05788126760649],[106.85726557394713,43.057976668588424]]},"properties":{"FID":356,"Source_id":2,"Shape_Leng":37.056524302100001,"Region":"ASIA","Segment":"Blasting Solutions","Method":"Road","Product_tr":"Initiating System","Segment_id":357,"Shape_Le_1":0.00086218813738800002,"Road":"Road_2","Length":70.606257752399998,"ID":"Road_2_357"}},{"type":"Feature","id":357,"geometry":{"type":"LineString","coordinates":[[106.85726557394713,43.057976668588424],[106.85812306492755,43.058069070331385]]},"properties":{"FID":357,"Source_id":2,"Shape_Leng":37.056524302100001,"Region":"ASIA","Segment":"Blasting Solutions","Method":"Road","Product_tr":"Initiating System","Segment_id":358,"Shape_Le_1":0.00086245513715699999,"Road":"Road_2","Length":70.605035426300006,"ID":"Road_2_358"}},{"type":"Feature","id":358,"geometry":{"type":"LineString","coordinates":[[106.85812306492755,43.058069070331385],[106.85897795596793,43.05816755598795]]},"properties":{"FID":358,"Source_id":2,"Shape_Leng":37.056524302100001,"Region":"ASIA","Segment":"Blasting Solutions","Method":"Road","Product_tr":"Initiating System","Segment_id":359,"Shape_Le_1":0.00086054524312500005,"Road":"Road_2","Length":70.497114647299995,"ID":"Road_2_359"}},{"type":"Feature","id":359,"geometry":{"type":"LineString","coordinates":[[106.85897795596793,43.05816755598795],[106.85983229482463,43.05827464276058]]},"properties":{"FID":359,"Source_id":2,"Shape_Leng":37.056524302100001,"Region":"ASIA","Segment":"Blasting Solutions","Method":"Road","Product_tr":"Initiating System","Segment_id":360,"Shape_Le_1":0.00086102407570000004,"Road":"Road_2","Length":70.607264325100004,"ID":"Road_2_360"}},{"type":"Feature","id":360,"geometry":{"type":"LineString","coordinates":[[106.85983229482463,43.05827464276058],[106.86068864726332,43.058371167895132]]},"properties":{"FID":360,"Source_id":2,"Shape_Leng":37.056524302100001,"Region":"ASIA","Segment":"Blasting Solutions","Method":"Road","Product_tr":"Initiating System","Segment_id":361,"Shape_Le_1":0.00086177526121900005,"Road":"Road_2","Length":70.581078217300004,"ID":"Road_2_361"}},{"type":"Feature","id":361,"geometry":{"type":"LineString","coordinates":[[106.86068864726332,43.058371167895132],[106.86151365113415,43.05855497043558]]},"properties":{"FID":361,"Source_id":2,"Shape_Leng":37.056524302100001,"Region":"ASIA","Segment":"Blasting Solutions","Method":"Road","Product_tr":"Initiating System","Segment_id":362,"Shape_Le_1":0.000845230596204,"Road":"Road_2","Length":70.241280860100005,"ID":"Road_2_362"}},{"type":"Feature","id":362,"geometry":{"type":"LineString","coordinates":[[106.86151365113415,43.05855497043558],[106.8622000541892,43.058937541134696]]},"properties":{"FID":362,"Source_id":2,"Shape_Leng":37.056524302100001,"Region":"ASIA","Segment":"Blasting Solutions","Method":"Road","Product_tr":"Initiating System","Segment_id":363,"Shape_Le_1":0.00078581772301999995,"Road":"Road_2","Length":70.235500772099996,"ID":"Road_2_363"}},{"type":"Feature","id":363,"geometry":{"type":"LineString","coordinates":[[106.8622000541892,43.058937541134696],[106.86266443981214,43.059466330806572]]},"properties":{"FID":363,"Source_id":2,"Shape_Leng":37.056524302100001,"Region":"ASIA","Segment":"Blasting Solutions","Method":"Road","Product_tr":"Initiating System","Segment_id":364,"Shape_Le_1":0.00070375601160499999,"Road":"Road_2","Length":69.872206583400001,"ID":"Road_2_364"}},{"type":"Feature","id":364,"geometry":{"type":"LineString","coordinates":[[106.86266443981214,43.059466330806572],[106.86298782792596,43.060056039654569]]},"properties":{"FID":364,"Source_id":2,"Shape_Leng":37.056524302100001,"Region":"ASIA","Segment":"Blasting Solutions","Method":"Road","Product_tr":"Initiating System","Segment_id":365,"Shape_Le_1":0.00067255958663200001,"Road":"Road_2","Length":70.611308077000004,"ID":"Road_2_365"}},{"type":"Feature","id":365,"geometry":{"type":"LineString","coordinates":[[106.86298782792596,43.060056039654569],[106.86333133477336,43.060639578253983]]},"properties":{"FID":365,"Source_id":2,"Shape_Leng":37.056524302100001,"Region":"ASIA","Segment":"Blasting Solutions","Method":"Road","Product_tr":"Initiating System","Segment_id":366,"Shape_Le_1":0.00067713680391600002,"Road":"Road_2","Length":70.6090189831,"ID":"Road_2_366"}},{"type":"Feature","id":366,"geometry":{"type":"LineString","coordinates":[[106.86333133477336,43.060639578253983],[106.8636929368796,43.061217128267913]]},"properties":{"FID":366,"Source_id":2,"Shape_Leng":37.056524302100001,"Region":"ASIA","Segment":"Blasting Solutions","Method":"Road","Product_tr":"Initiating System","Segment_id":367,"Shape_Le_1":0.00068141037695799999,"Road":"Road_2","Length":70.600780056299996,"ID":"Road_2_367"}},{"type":"Feature","id":367,"geometry":{"type":"LineString","coordinates":[[106.8636929368796,43.061217128267913],[106.86404440812299,43.061798121785955]]},"properties":{"FID":367,"Source_id":2,"Shape_Leng":37.056524302100001,"Region":"ASIA","Segment":"Blasting Solutions","Method":"Road","Product_tr":"Initiating System","Segment_id":368,"Shape_Le_1":0.00067903277014999997,"Road":"Road_2","Length":70.609882604099994,"ID":"Road_2_368"}},{"type":"Feature","id":368,"geometry":{"type":"LineString","coordinates":[[106.86404440812299,43.061798121785955],[106.86434054048362,43.062395094458111]]},"properties":{"FID":368,"Source_id":2,"Shape_Leng":37.056524302100001,"Region":"ASIA","Segment":"Blasting Solutions","Method":"Road","Product_tr":"Initiating System","Segment_id":369,"Shape_Le_1":0.00066638633412900001,"Road":"Road_2","Length":70.570874275899996,"ID":"Road_2_369"}},{"type":"Feature","id":369,"geometry":{"type":"LineString","coordinates":[[106.86434054048362,43.062395094458111],[106.86458230702789,43.063005469726704]]},"properties":{"FID":369,"Source_id":2,"Shape_Leng":37.056524302100001,"Region":"ASIA","Segment":"Blasting Solutions","Method":"Road","Product_tr":"Initiating System","Segment_id":370,"Shape_Le_1":0.00065651278010000005,"Road":"Road_2","Length":70.610959887600004,"ID":"Road_2_370"}},{"type":"Feature","id":370,"geometry":{"type":"LineString","coordinates":[[106.86458230702789,43.063005469726704],[106.86481576383648,43.063617630149565]]},"properties":{"FID":370,"Source_id":2,"Shape_Leng":37.056524302100001,"Region":"ASIA","Segment":"Blasting Solutions","Method":"Road","Product_tr":"Initiating System","Segment_id":371,"Shape_Le_1":0.000655165982628,"Road":"Road_2","Length":70.616099047899993,"ID":"Road_2_371"}},{"type":"Feature","id":371,"geometry":{"type":"LineString","coordinates":[[106.86481576383648,43.063617630149565],[106.86501964104366,43.06423533039623]]},"properties":{"FID":371,"Source_id":2,"Shape_Leng":37.056524302100001,"Region":"ASIA","Segment":"Blasting Solutions","Method":"Road","Product_tr":"Initiating System","Segment_id":372,"Shape_Le_1":0.00065047637185200002,"Road":"Road_2","Length":70.603694657299997,"ID":"Road_2_372"}},{"type":"Feature","id":372,"geometry":{"type":"LineString","coordinates":[[106.86501964104366,43.06423533039623],[106.86525850997231,43.064846275835009]]},"properties":{"FID":372,"Source_id":2,"Shape_Leng":37.056524302100001,"Region":"ASIA","Segment":"Blasting Solutions","Method":"Road","Product_tr":"Initiating System","Segment_id":373,"Shape_Le_1":0.00065598223622200002,"Road":"Road_2","Length":70.606240945799996,"ID":"Road_2_373"}},{"type":"Feature","id":373,"geometry":{"type":"LineString","coordinates":[[106.86525850997231,43.064846275835009],[106.8655250996037,43.065450645430985]]},"properties":{"FID":373,"Source_id":2,"Shape_Leng":37.056524302100001,"Region":"ASIA","Segment":"Blasting Solutions","Method":"Road","Product_tr":"Initiating System","Segment_id":374,"Shape_Le_1":0.00066055479720199999,"Road":"Road_2","Length":70.566051555399994,"ID":"Road_2_374"}},{"type":"Feature","id":374,"geometry":{"type":"LineString","coordinates":[[106.8655250996037,43.065450645430985],[106.86583440073707,43.066043677273967]]},"properties":{"FID":374,"Source_id":2,"Shape_Leng":37.056524302100001,"Region":"ASIA","Segment":"Blasting Solutions","Method":"Road","Product_tr":"Initiating System","Segment_id":375,"Shape_Le_1":0.00066884524211100003,"Road":"Road_2","Length":70.535125861500006,"ID":"Road_2_375"}},{"type":"Feature","id":375,"geometry":{"type":"LineString","coordinates":[[106.86583440073707,43.066043677273967],[106.86613818722759,43.066637507714859]]},"properties":{"FID":375,"Source_id":2,"Shape_Leng":37.056524302100001,"Region":"ASIA","Segment":"Blasting Solutions","Method":"Road","Product_tr":"Initiating System","Segment_id":376,"Shape_Le_1":0.00066702385590900002,"Road":"Road_2","Length":70.458918579599995,"ID":"Road_2_376"}},{"type":"Feature","id":376,"geometry":{"type":"LineString","coordinates":[[106.86613818722759,43.066637507714859],[106.8664857868896,43.067219248569529]]},"properties":{"FID":376,"Source_id":2,"Shape_Leng":37.056524302100001,"Region":"ASIA","Segment":"Blasting Solutions","Method":"Road","Product_tr":"Initiating System","Segment_id":377,"Shape_Le_1":0.00067767835070899995,"Road":"Road_2","Length":70.557687149100005,"ID":"Road_2_377"}},{"type":"Feature","id":377,"geometry":{"type":"LineString","coordinates":[[106.8664857868896,43.067219248569529],[106.8667826126275,43.067816487441007]]},"properties":{"FID":377,"Source_id":2,"Shape_Leng":37.056524302100001,"Region":"ASIA","Segment":"Blasting Solutions","Method":"Road","Product_tr":"Initiating System","Segment_id":378,"Shape_Le_1":0.00066693312129999997,"Road":"Road_2","Length":70.617315606899993,"ID":"Road_2_378"}},{"type":"Feature","id":378,"geometry":{"type":"LineString","coordinates":[[106.8667826126275,43.067816487441007],[106.86709781331348,43.068408494056825]]},"properties":{"FID":378,"Source_id":2,"Shape_Leng":37.056524302100001,"Region":"ASIA","Segment":"Blasting Solutions","Method":"Road","Product_tr":"Initiating System","Segment_id":379,"Shape_Le_1":0.00067068868009799996,"Road":"Road_2","Length":70.601746447799997,"ID":"Road_2_379"}},{"type":"Feature","id":379,"geometry":{"type":"LineString","coordinates":[[106.86709781331348,43.068408494056825],[106.86742093432872,43.068997969980387]]},"properties":{"FID":379,"Source_id":2,"Shape_Leng":37.056524302100001,"Region":"ASIA","Segment":"Blasting Solutions","Method":"Road","Product_tr":"Initiating System","Segment_id":380,"Shape_Le_1":0.00067222693709000005,"Road":"Road_2","Length":70.577851794400004,"ID":"Road_2_380"}},{"type":"Feature","id":380,"geometry":{"type":"LineString","coordinates":[[106.86742093432872,43.068997969980387],[106.86773659726623,43.069590048541954]]},"properties":{"FID":380,"Source_id":2,"Shape_Leng":37.056524302100001,"Region":"ASIA","Segment":"Blasting Solutions","Method":"Road","Product_tr":"Initiating System","Segment_id":381,"Shape_Le_1":0.00067096953223299996,"Road":"Road_2","Length":70.622723449899993,"ID":"Road_2_381"}},{"type":"Feature","id":381,"geometry":{"type":"LineString","coordinates":[[106.86773659726623,43.069590048541954],[106.86807777307081,43.07017443700073]]},"properties":{"FID":381,"Source_id":2,"Shape_Leng":37.056524302100001,"Region":"ASIA","Segment":"Blasting Solutions","Method":"Road","Product_tr":"Initiating System","Segment_id":382,"Shape_Le_1":0.00067669106716500001,"Road":"Road_2","Length":70.619171663000003,"ID":"Road_2_382"}},{"type":"Feature","id":382,"geometry":{"type":"LineString","coordinates":[[106.86807777307081,43.07017443700073],[106.86843183526105,43.070754514109581]]},"properties":{"FID":382,"Source_id":2,"Shape_Leng":37.056524302100001,"Region":"ASIA","Segment":"Blasting Solutions","Method":"Road","Product_tr":"Initiating System","Segment_id":383,"Shape_Le_1":0.00067959509030700001,"Road":"Road_2","Length":70.601164604499999,"ID":"Road_2_383"}},{"type":"Feature","id":383,"geometry":{"type":"LineString","coordinates":[[106.86843183526105,43.070754514109581],[106.86882060678562,43.071322739053244]]},"properties":{"FID":383,"Source_id":2,"Shape_Leng":37.056524302100001,"Region":"ASIA","Segment":"Blasting Solutions","Method":"Road","Product_tr":"Initiating System","Segment_id":384,"Shape_Le_1":0.00068849319889000005,"Road":"Road_2","Length":70.622759657900005,"ID":"Road_2_384"}},{"type":"Feature","id":384,"geometry":{"type":"LineString","coordinates":[[106.86882060678562,43.071322739053244],[106.86922031676426,43.071886548325608]]},"properties":{"FID":384,"Source_id":2,"Shape_Leng":37.056524302100001,"Region":"ASIA","Segment":"Blasting Solutions","Method":"Road","Product_tr":"Initiating System","Segment_id":385,"Shape_Le_1":0.00069112152522300002,"Road":"Road_2","Length":70.5909019005,"ID":"Road_2_385"}},{"type":"Feature","id":385,"geometry":{"type":"LineString","coordinates":[[106.86922031676426,43.071886548325608],[106.86964147377506,43.072441966023973]]},"properties":{"FID":385,"Source_id":2,"Shape_Leng":37.056524302100001,"Region":"ASIA","Segment":"Blasting Solutions","Method":"Road","Product_tr":"Initiating System","Segment_id":386,"Shape_Le_1":0.000697038053056,"Road":"Road_2","Length":70.596899669699994,"ID":"Road_2_386"}},{"type":"Feature","id":386,"geometry":{"type":"LineString","coordinates":[[106.86964147377506,43.072441966023973],[106.87007173372359,43.072993908741921]]},"properties":{"FID":386,"Source_id":2,"Shape_Leng":37.056524302100001,"Region":"ASIA","Segment":"Blasting Solutions","Method":"Road","Product_tr":"Initiating System","Segment_id":387,"Shape_Le_1":0.00069983168491100003,"Road":"Road_2","Length":70.624498017400001,"ID":"Road_2_387"}},{"type":"Feature","id":387,"geometry":{"type":"LineString","coordinates":[[106.87007173372359,43.072993908741921],[106.87051718861744,43.073539324180501]]},"properties":{"FID":387,"Source_id":2,"Shape_Leng":37.056524302100001,"Region":"ASIA","Segment":"Blasting Solutions","Method":"Road","Product_tr":"Initiating System","Segment_id":388,"Shape_Le_1":0.00070420740062600003,"Road":"Road_2","Length":70.623364724699996,"ID":"Road_2_388"}},{"type":"Feature","id":388,"geometry":{"type":"LineString","coordinates":[[106.87051718861744,43.073539324180501],[106.8709694288961,43.074081786245472]]},"properties":{"FID":388,"Source_id":2,"Shape_Leng":37.056524302100001,"Region":"ASIA","Segment":"Blasting Solutions","Method":"Road","Product_tr":"Initiating System","Segment_id":389,"Shape_Le_1":0.00070624808783899999,"Road":"Road_2","Length":70.628511651899998,"ID":"Road_2_389"}},{"type":"Feature","id":389,"geometry":{"type":"LineString","coordinates":[[106.8709694288961,43.074081786245472],[106.87141405371568,43.074627634257979]]},"properties":{"FID":389,"Source_id":2,"Shape_Leng":37.056524302100001,"Region":"ASIA","Segment":"Blasting Solutions","Method":"Road","Product_tr":"Initiating System","Segment_id":390,"Shape_Le_1":0.00070401795640699996,"Road":"Road_2","Length":70.629596552500004,"ID":"Road_2_390"}},{"type":"Feature","id":390,"geometry":{"type":"LineString","coordinates":[[106.87141405371568,43.074627634257979],[106.87188225066541,43.07516225153671]]},"properties":{"FID":390,"Source_id":2,"Shape_Leng":37.056524302100001,"Region":"ASIA","Segment":"Blasting Solutions","Method":"Road","Product_tr":"Initiating System","Segment_id":391,"Shape_Le_1":0.00071065041929899999,"Road":"Road_2","Length":70.579558108100002,"ID":"Road_2_391"}},{"type":"Feature","id":391,"geometry":{"type":"LineString","coordinates":[[106.87188225066541,43.07516225153671],[106.87237154571034,43.075686933105544]]},"properties":{"FID":391,"Source_id":2,"Shape_Leng":37.056524302100001,"Region":"ASIA","Segment":"Blasting Solutions","Method":"Road","Product_tr":"Initiating System","Segment_id":392,"Shape_Le_1":0.00071742622593999996,"Road":"Road_2","Length":70.608359462699994,"ID":"Road_2_392"}},{"type":"Feature","id":392,"geometry":{"type":"LineString","coordinates":[[106.87237154571034,43.075686933105544],[106.87287375681848,43.076204032490182]]},"properties":{"FID":392,"Source_id":2,"Shape_Leng":37.056524302100001,"Region":"ASIA","Segment":"Blasting Solutions","Method":"Road","Product_tr":"Initiating System","Segment_id":393,"Shape_Le_1":0.00072083824172499995,"Road":"Road_2","Length":70.519248363499997,"ID":"Road_2_393"}},{"type":"Feature","id":393,"geometry":{"type":"LineString","coordinates":[[106.87287375681848,43.076204032490182],[106.8733628917841,43.0767290755864]]},"properties":{"FID":393,"Source_id":2,"Shape_Leng":37.056524302100001,"Region":"ASIA","Segment":"Blasting Solutions","Method":"Road","Product_tr":"Initiating System","Segment_id":394,"Shape_Le_1":0.00071758154064699995,"Road":"Road_2","Length":70.633794038800005,"ID":"Road_2_394"}},{"type":"Feature","id":394,"geometry":{"type":"LineString","coordinates":[[106.8733628917841,43.0767290755864],[106.87385204203815,43.077254120481314]]},"properties":{"FID":394,"Source_id":2,"Shape_Leng":37.056524302100001,"Region":"ASIA","Segment":"Blasting Solutions","Method":"Road","Product_tr":"Initiating System","Segment_id":395,"Shape_Le_1":0.00071759327806000003,"Road":"Road_2","Length":70.634473871599994,"ID":"Road_2_395"}},{"type":"Feature","id":395,"geometry":{"type":"LineString","coordinates":[[106.87385204203815,43.077254120481314],[106.87434640746079,43.077776539355852]]},"properties":{"FID":395,"Source_id":2,"Shape_Leng":37.056524302100001,"Region":"ASIA","Segment":"Blasting Solutions","Method":"Road","Product_tr":"Initiating System","Segment_id":396,"Shape_Le_1":0.00071924867158400002,"Road":"Road_2","Length":70.6347786977,"ID":"Road_2_396"}},{"type":"Feature","id":396,"geometry":{"type":"LineString","coordinates":[[106.87434640746079,43.077776539355852],[106.87484226216071,43.078298215390362]]},"properties":{"FID":396,"Source_id":2,"Shape_Leng":37.056524302100001,"Region":"ASIA","Segment":"Blasting Solutions","Method":"Road","Product_tr":"Initiating System","Segment_id":397,"Shape_Le_1":0.00071973451245199997,"Road":"Road_2","Length":70.636061245999997,"ID":"Road_2_397"}},{"type":"Feature","id":397,"geometry":{"type":"LineString","coordinates":[[106.87484226216071,43.078298215390362],[106.87532600838864,43.078825954654121]]},"properties":{"FID":397,"Source_id":2,"Shape_Leng":37.056524302100001,"Region":"ASIA","Segment":"Blasting Solutions","Method":"Road","Product_tr":"Initiating System","Segment_id":398,"Shape_Le_1":0.000715904423473,"Road":"Road_2","Length":70.634911138899994,"ID":"Road_2_398"}},{"type":"Feature","id":398,"geometry":{"type":"LineString","coordinates":[[106.87532600838864,43.078825954654121],[106.87580751710328,43.07935482346636]]},"properties":{"FID":398,"Source_id":2,"Shape_Leng":37.056524302100001,"Region":"ASIA","Segment":"Blasting Solutions","Method":"Road","Product_tr":"Initiating System","Segment_id":399,"Shape_Le_1":0.00071522923796199999,"Road":"Road_2","Length":70.637605426799993,"ID":"Road_2_399"}},{"type":"Feature","id":399,"geometry":{"type":"LineString","coordinates":[[106.87580751710328,43.07935482346636],[106.8762851119684,43.079885579955601]]},"properties":{"FID":399,"Source_id":2,"Shape_Leng":37.056524302100001,"Region":"ASIA","Segment":"Blasting Solutions","Method":"Road","Product_tr":"Initiating System","Segment_id":400,"Shape_Le_1":0.00071400231516200005,"Road":"Road_2","Length":70.635953771100006,"ID":"Road_2_400"}},{"type":"Feature","id":400,"geometry":{"type":"LineString","coordinates":[[106.8762851119684,43.079885579955601],[106.876753959128,43.080420546171297]]},"properties":{"FID":400,"Source_id":2,"Shape_Leng":37.056524302100001,"Region":"ASIA","Segment":"Blasting Solutions","Method":"Road","Product_tr":"Initiating System","Segment_id":401,"Shape_Le_1":0.00071134134632899998,"Road":"Road_2","Length":70.639073014000004,"ID":"Road_2_401"}},{"type":"Feature","id":401,"geometry":{"type":"LineString","coordinates":[[106.876753959128,43.080420546171297],[106.87725616663886,43.080938530488822]]},"properties":{"FID":401,"Source_id":2,"Shape_Leng":37.056524302100001,"Region":"ASIA","Segment":"Blasting Solutions","Method":"Road","Product_tr":"Initiating System","Segment_id":402,"Shape_Le_1":0.00072147081518899995,"Road":"Road_2","Length":70.597403199599995,"ID":"Road_2_402"}},{"type":"Feature","id":402,"geometry":{"type":"LineString","coordinates":[[106.87725616663886,43.080938530488822],[106.87777667355471,43.081447204125197]]},"properties":{"FID":402,"Source_id":2,"Shape_Leng":37.056524302100001,"Region":"ASIA","Segment":"Blasting Solutions","Method":"Road","Product_tr":"Initiating System","Segment_id":403,"Shape_Le_1":0.00072778864911999998,"Road":"Road_2","Length":70.640626970599996,"ID":"Road_2_403"}},{"type":"Feature","id":403,"geometry":{"type":"LineString","coordinates":[[106.87777667355471,43.081447204125197],[106.87830438763746,43.081951752571399]]},"properties":{"FID":403,"Source_id":2,"Shape_Leng":37.056524302100001,"Region":"ASIA","Segment":"Blasting Solutions","Method":"Road","Product_tr":"Initiating System","Segment_id":404,"Shape_Le_1":0.00073010361435700002,"Road":"Road_2","Length":70.629884968499994,"ID":"Road_2_404"}},{"type":"Feature","id":404,"geometry":{"type":"LineString","coordinates":[[106.87830438763746,43.081951752571399],[106.87881369439651,43.082466371625799]]},"properties":{"FID":404,"Source_id":2,"Shape_Leng":37.056524302100001,"Region":"ASIA","Segment":"Blasting Solutions","Method":"Road","Product_tr":"Initiating System","Segment_id":405,"Shape_Le_1":0.00072403463036800001,"Road":"Road_2","Length":70.630322275400005,"ID":"Road_2_405"}},{"type":"Feature","id":405,"geometry":{"type":"LineString","coordinates":[[106.87881369439651,43.082466371625799],[106.87931144756533,43.082987169022658]]},"properties":{"FID":405,"Source_id":2,"Shape_Leng":37.056524302100001,"Region":"ASIA","Segment":"Blasting Solutions","Method":"Road","Product_tr":"Initiating System","Segment_id":406,"Shape_Le_1":0.00072040831869300001,"Road":"Road_2","Length":70.642860423499997,"ID":"Road_2_406"}},{"type":"Feature","id":406,"geometry":{"type":"LineString","coordinates":[[106.87931144756533,43.082987169022658],[106.87979601577359,43.083514405565438]]},"properties":{"FID":406,"Source_id":2,"Shape_Leng":37.056524302100001,"Region":"ASIA","Segment":"Blasting Solutions","Method":"Road","Product_tr":"Initiating System","Segment_id":407,"Shape_Le_1":0.00071608988297800001,"Road":"Road_2","Length":70.624300546800001,"ID":"Road_2_407"}},{"type":"Feature","id":407,"geometry":{"type":"LineString","coordinates":[[106.87979601577359,43.083514405565438],[106.8802617395877,43.084050560684886]]},"properties":{"FID":407,"Source_id":2,"Shape_Leng":37.056524302100001,"Region":"ASIA","Segment":"Blasting Solutions","Method":"Road","Product_tr":"Initiating System","Segment_id":408,"Shape_Le_1":0.00071018376715600005,"Road":"Road_2","Length":70.612128142499998,"ID":"Road_2_408"}},{"type":"Feature","id":408,"geometry":{"type":"LineString","coordinates":[[106.8802617395877,43.084050560684886],[106.88075729211539,43.084572257403806]]},"properties":{"FID":408,"Source_id":2,"Shape_Leng":37.056524302100001,"Region":"ASIA","Segment":"Blasting Solutions","Method":"Road","Product_tr":"Initiating System","Segment_id":409,"Shape_Le_1":0.00071954136381299999,"Road":"Road_2","Length":70.6215813564,"ID":"Road_2_409"}},{"type":"Feature","id":409,"geometry":{"type":"LineString","coordinates":[[106.88075729211539,43.084572257403806],[106.88125554530723,43.085092669890855]]},"properties":{"FID":409,"Source_id":2,"Shape_Leng":37.056524302100001,"Region":"ASIA","Segment":"Blasting Solutions","Method":"Road","Product_tr":"Initiating System","Segment_id":410,"Shape_Le_1":0.00072047581489699997,"Road":"Road_2","Length":70.6304437724,"ID":"Road_2_410"}},{"type":"Feature","id":410,"geometry":{"type":"LineString","coordinates":[[106.88125554530723,43.085092669890855],[106.88173133343435,43.085624432721431]]},"properties":{"FID":410,"Source_id":2,"Shape_Leng":37.056524302100001,"Region":"ASIA","Segment":"Blasting Solutions","Method":"Road","Product_tr":"Initiating System","Segment_id":411,"Shape_Le_1":0.00071354470770199996,"Road":"Road_2","Length":70.646572554800002,"ID":"Road_2_411"}},{"type":"Feature","id":411,"geometry":{"type":"LineString","coordinates":[[106.88173133343435,43.085624432721431],[106.88221116761133,43.08615424762047]]},"properties":{"FID":411,"Source_id":2,"Shape_Leng":37.056524302100001,"Region":"ASIA","Segment":"Blasting Solutions","Method":"Road","Product_tr":"Initiating System","Segment_id":412,"Shape_Le_1":0.00071480393440999997,"Road":"Road_2","Length":70.647205605400003,"ID":"Road_2_412"}},{"type":"Feature","id":412,"geometry":{"type":"LineString","coordinates":[[106.88221116761133,43.08615424762047],[106.88269304414871,43.086683044486961]]},"properties":{"FID":412,"Source_id":2,"Shape_Leng":37.056524302100001,"Region":"ASIA","Segment":"Blasting Solutions","Method":"Road","Product_tr":"Initiating System","Segment_id":413,"Shape_Le_1":0.00071542373687599997,"Road":"Road_2","Length":70.645056525000001,"ID":"Road_2_413"}},{"type":"Feature","id":413,"geometry":{"type":"LineString","coordinates":[[106.88269304414871,43.086683044486961],[106.88317442965626,43.087212036506344]]},"properties":{"FID":413,"Source_id":2,"Shape_Leng":37.056524302100001,"Region":"ASIA","Segment":"Blasting Solutions","Method":"Road","Product_tr":"Initiating System","Segment_id":414,"Shape_Le_1":0.000715237417544,"Road":"Road_2","Length":70.6407100152,"ID":"Road_2_414"}},{"type":"Feature","id":414,"geometry":{"type":"LineString","coordinates":[[106.88317442965626,43.087212036506344],[106.88364630753114,43.087745708597652]]},"properties":{"FID":414,"Source_id":2,"Shape_Leng":37.056524302100001,"Region":"ASIA","Segment":"Blasting Solutions","Method":"Road","Product_tr":"Initiating System","Segment_id":415,"Shape_Le_1":0.00071237253585100004,"Road":"Road_2","Length":70.649662349400003,"ID":"Road_2_415"}},{"type":"Feature","id":415,"geometry":{"type":"LineString","coordinates":[[106.88364630753114,43.087745708597652],[106.88413278320144,43.088272147441728]]},"properties":{"FID":415,"Source_id":2,"Shape_Leng":37.056524302100001,"Region":"ASIA","Segment":"Blasting Solutions","Method":"Road","Product_tr":"Initiating System","Segment_id":416,"Shape_Le_1":0.00071679595028599995,"Road":"Road_2","Length":70.636131882100003,"ID":"Road_2_416"}},{"type":"Feature","id":416,"geometry":{"type":"LineString","coordinates":[[106.88413278320144,43.088272147441728],[106.88462346769893,43.088796546623371]]},"properties":{"FID":416,"Source_id":2,"Shape_Leng":37.056524302100001,"Region":"ASIA","Segment":"Blasting Solutions","Method":"Road","Product_tr":"Initiating System","Segment_id":417,"Shape_Le_1":0.00071816834919599996,"Road":"Road_2","Length":70.641703014599997,"ID":"Road_2_417"}},{"type":"Feature","id":417,"geometry":{"type":"LineString","coordinates":[[106.88462346769893,43.088796546623371],[106.88510056613825,43.089327749176334]]},"properties":{"FID":417,"Source_id":2,"Shape_Leng":37.056524302100001,"Region":"ASIA","Segment":"Blasting Solutions","Method":"Road","Product_tr":"Initiating System","Segment_id":418,"Shape_Le_1":0.00071400215201,"Road":"Road_2","Length":70.651888134999993,"ID":"Road_2_418"}},{"type":"Feature","id":418,"geometry":{"type":"LineString","coordinates":[[106.88510056613825,43.089327749176334],[106.88557584794711,43.089859832165587]]},"properties":{"FID":418,"Source_id":2,"Shape_Leng":37.056524302100001,"Region":"ASIA","Segment":"Blasting Solutions","Method":"Road","Product_tr":"Initiating System","Segment_id":419,"Shape_Le_1":0.00071344593718500001,"Road":"Road_2","Length":70.652302311599996,"ID":"Road_2_419"}},{"type":"Feature","id":419,"geometry":{"type":"LineString","coordinates":[[106.88557584794711,43.089859832165587],[106.88604832117312,43.090393271332459]]},"properties":{"FID":419,"Source_id":2,"Shape_Leng":37.056524302100001,"Region":"ASIA","Segment":"Blasting Solutions","Method":"Road","Product_tr":"Initiating System","Segment_id":420,"Shape_Le_1":0.00071259265646699997,"Road":"Road_2","Length":70.653453170999995,"ID":"Road_2_420"}},{"type":"Feature","id":420,"geometry":{"type":"LineString","coordinates":[[106.88604832117312,43.090393271332459],[106.88652664988507,43.090923876735587]]},"properties":{"FID":420,"Source_id":2,"Shape_Leng":37.056524302100001,"Region":"ASIA","Segment":"Blasting Solutions","Method":"Road","Product_tr":"Initiating System","Segment_id":421,"Shape_Le_1":0.00071438116611800004,"Road":"Road_2","Length":70.651112728300006,"ID":"Road_2_421"}},{"type":"Feature","id":421,"geometry":{"type":"LineString","coordinates":[[106.88652664988507,43.090923876735587],[106.88701289622821,43.091450645630857]]},"properties":{"FID":421,"Source_id":2,"Shape_Leng":37.056524302100001,"Region":"ASIA","Segment":"Blasting Solutions","Method":"Road","Product_tr":"Initiating System","Segment_id":422,"Shape_Le_1":0.00071688281834899996,"Road":"Road_2","Length":70.654908708500002,"ID":"Road_2_422"}},{"type":"Feature","id":422,"geometry":{"type":"LineString","coordinates":[[106.88701289622821,43.091450645630857],[106.88750034766298,43.09197682277221]]},"properties":{"FID":422,"Source_id":2,"Shape_Leng":37.056524302100001,"Region":"ASIA","Segment":"Blasting Solutions","Method":"Road","Product_tr":"Initiating System","Segment_id":423,"Shape_Le_1":0.00071726653716500002,"Road":"Road_2","Length":70.655349459299998,"ID":"Road_2_423"}},{"type":"Feature","id":423,"geometry":{"type":"LineString","coordinates":[[106.88750034766298,43.09197682277221],[106.88798009460572,43.092506720408892]]},"properties":{"FID":423,"Source_id":2,"Shape_Leng":37.056524302100001,"Region":"ASIA","Segment":"Blasting Solutions","Method":"Road","Product_tr":"Initiating System","Segment_id":424,"Shape_Le_1":0.00071480671123999996,"Road":"Road_2","Length":70.648758767299995,"ID":"Road_2_424"}},{"type":"Feature","id":424,"geometry":{"type":"LineString","coordinates":[[106.88798009460572,43.092506720408892],[106.88844780861956,43.093042444753053]]},"properties":{"FID":424,"Source_id":2,"Shape_Leng":37.056524302100001,"Region":"ASIA","Segment":"Blasting Solutions","Method":"Road","Product_tr":"Initiating System","Segment_id":425,"Shape_Le_1":0.000711165924146,"Road":"Road_2","Length":70.656061874100004,"ID":"Road_2_425"}},{"type":"Feature","id":425,"geometry":{"type":"LineString","coordinates":[[106.88844780861956,43.093042444753053],[106.88890175221417,43.09358441488888]]},"properties":{"FID":425,"Source_id":2,"Shape_Leng":37.056524302100001,"Region":"ASIA","Segment":"Blasting Solutions","Method":"Road","Product_tr":"Initiating System","Segment_id":426,"Shape_Le_1":0.000706962810347,"Road":"Road_2","Length":70.648416847799993,"ID":"Road_2_426"}},{"type":"Feature","id":426,"geometry":{"type":"LineString","coordinates":[[106.88890175221417,43.09358441488888],[106.88936274289631,43.09412329135688]]},"properties":{"FID":426,"Source_id":2,"Shape_Leng":37.056524302100001,"Region":"ASIA","Segment":"Blasting Solutions","Method":"Road","Product_tr":"Initiating System","Segment_id":427,"Shape_Le_1":0.00070915460711,"Road":"Road_2","Length":70.658656886900005,"ID":"Road_2_427"}},{"type":"Feature","id":427,"geometry":{"type":"LineString","coordinates":[[106.88936274289631,43.09412329135688],[106.88978346823251,43.094679479774243]]},"properties":{"FID":427,"Source_id":2,"Shape_Leng":37.056524302100001,"Region":"ASIA","Segment":"Blasting Solutions","Method":"Road","Product_tr":"Initiating System","Segment_id":428,"Shape_Le_1":0.00069739182969700002,"Road":"Road_2","Length":70.648892857600003,"ID":"Road_2_428"}},{"type":"Feature","id":428,"geometry":{"type":"LineString","coordinates":[[106.88978346823251,43.094679479774243],[106.89020263594296,43.095236398441102]]},"properties":{"FID":428,"Source_id":2,"Shape_Leng":37.056524302100001,"Region":"ASIA","Segment":"Blasting Solutions","Method":"Road","Product_tr":"Initiating System","Segment_id":429,"Shape_Le_1":0.000697036563588,"Road":"Road_2","Length":70.658376087099995,"ID":"Road_2_429"}},{"type":"Feature","id":429,"geometry":{"type":"LineString","coordinates":[[106.89020263594296,43.095236398441102],[106.89058993257936,43.09580554159254]]},"properties":{"FID":429,"Source_id":2,"Shape_Leng":37.056524302100001,"Region":"ASIA","Segment":"Blasting Solutions","Method":"Road","Product_tr":"Initiating System","Segment_id":430,"Shape_Le_1":0.00068842037404400001,"Road":"Road_2","Length":70.654883998900004,"ID":"Road_2_430"}},{"type":"Feature","id":430,"geometry":{"type":"LineString","coordinates":[[106.89058993257936,43.09580554159254],[106.89098728903224,43.096371002919511]]},"properties":{"FID":430,"Source_id":2,"Shape_Leng":37.056524302100001,"Region":"ASIA","Segment":"Blasting Solutions","Method":"Road","Product_tr":"Initiating System","Segment_id":431,"Shape_Le_1":0.00069111407375700002,"Road":"Road_2","Length":70.660150621300005,"ID":"Road_2_431"}},{"type":"Feature","id":431,"geometry":{"type":"LineString","coordinates":[[106.89098728903224,43.096371002919511],[106.89138671662374,43.096935706118018]]},"properties":{"FID":431,"Source_id":2,"Shape_Leng":37.056524302100001,"Region":"ASIA","Segment":"Blasting Solutions","Method":"Road","Product_tr":"Initiating System","Segment_id":432,"Shape_Le_1":0.00069168786548399997,"Road":"Road_2","Length":70.662590232599996,"ID":"Road_2_432"}},{"type":"Feature","id":432,"geometry":{"type":"LineString","coordinates":[[106.89138671662374,43.096935706118018],[106.89181449534277,43.097488928571238]]},"properties":{"FID":432,"Source_id":2,"Shape_Leng":37.056524302100001,"Region":"ASIA","Segment":"Blasting Solutions","Method":"Road","Product_tr":"Initiating System","Segment_id":433,"Shape_Le_1":0.00069932089572800004,"Road":"Road_2","Length":70.641479449299993,"ID":"Road_2_433"}},{"type":"Feature","id":433,"geometry":{"type":"LineString","coordinates":[[106.89181449534277,43.097488928571238],[106.89225149750865,43.098038499776976]]},"properties":{"FID":433,"Source_id":2,"Shape_Leng":37.056524302100001,"Region":"ASIA","Segment":"Blasting Solutions","Method":"Road","Product_tr":"Initiating System","Segment_id":434,"Shape_Le_1":0.00070213916224800004,"Road":"Road_2","Length":70.663759856499993,"ID":"Road_2_434"}},{"type":"Feature","id":434,"geometry":{"type":"LineString","coordinates":[[106.89225149750865,43.098038499776976],[106.8927060247633,43.09858002834568]]},"properties":{"FID":434,"Source_id":2,"Shape_Leng":37.056524302100001,"Region":"ASIA","Segment":"Blasting Solutions","Method":"Road","Product_tr":"Initiating System","Segment_id":435,"Shape_Le_1":0.00070699944550099995,"Road":"Road_2","Length":70.629968738900004,"ID":"Road_2_435"}},{"type":"Feature","id":435,"geometry":{"type":"LineString","coordinates":[[106.8927060247633,43.09858002834568],[106.89319590706555,43.099105008489403]]},"properties":{"FID":435,"Source_id":2,"Shape_Leng":37.056524302100001,"Region":"ASIA","Segment":"Blasting Solutions","Method":"Road","Product_tr":"Initiating System","Segment_id":436,"Shape_Le_1":0.00071804513880299996,"Road":"Road_2","Length":70.654356634099997,"ID":"Road_2_436"}},{"type":"Feature","id":436,"geometry":{"type":"LineString","coordinates":[[106.89319590706555,43.099105008489403],[106.89376413200915,43.099585872390151]]},"properties":{"FID":436,"Source_id":2,"Shape_Leng":37.056524302100001,"Region":"ASIA","Segment":"Blasting Solutions","Method":"Road","Product_tr":"Initiating System","Segment_id":437,"Shape_Le_1":0.00074438543616800002,"Road":"Road_2","Length":70.666350849899999,"ID":"Road_2_437"}},{"type":"Feature","id":437,"geometry":{"type":"LineString","coordinates":[[106.89376413200915,43.099585872390151],[106.89433894808406,43.100062486094885]]},"properties":{"FID":437,"Source_id":2,"Shape_Leng":37.056524302100001,"Region":"ASIA","Segment":"Blasting Solutions","Method":"Road","Product_tr":"Initiating System","Segment_id":438,"Shape_Le_1":0.00074670887466699997,"Road":"Road_2","Length":70.664030325200002,"ID":"Road_2_438"}},{"type":"Feature","id":438,"geometry":{"type":"LineString","coordinates":[[106.89433894808406,43.100062486094885],[106.89494036250778,43.100520493725867]]},"properties":{"FID":438,"Source_id":2,"Shape_Leng":37.056524302100001,"Region":"ASIA","Segment":"Blasting Solutions","Method":"Road","Product_tr":"Initiating System","Segment_id":439,"Shape_Le_1":0.00075595654577799995,"Road":"Road_2","Length":70.6122455207,"ID":"Road_2_439"}},{"type":"Feature","id":439,"geometry":{"type":"LineString","coordinates":[[106.89494036250778,43.100520493725867],[106.89557551679673,43.100954100951071]]},"properties":{"FID":439,"Source_id":2,"Shape_Leng":37.056524302100001,"Region":"ASIA","Segment":"Blasting Solutions","Method":"Road","Product_tr":"Initiating System","Segment_id":440,"Shape_Le_1":0.00076904889084700005,"Road":"Road_2","Length":70.668538925600004,"ID":"Road_2_440"}},{"type":"Feature","id":440,"geometry":{"type":"LineString","coordinates":[[106.89557551679673,43.100954100951071],[106.89621245713926,43.101386312428417]]},"properties":{"FID":440,"Source_id":2,"Shape_Leng":37.056524302100001,"Region":"ASIA","Segment":"Blasting Solutions","Method":"Road","Product_tr":"Initiating System","Segment_id":441,"Shape_Le_1":0.00076974006073000001,"Road":"Road_2","Length":70.669280084299999,"ID":"Road_2_441"}},{"type":"Feature","id":441,"geometry":{"type":"LineString","coordinates":[[106.89621245713926,43.101386312428417],[106.89683911103623,43.101826486503228]]},"properties":{"FID":441,"Source_id":2,"Shape_Leng":37.056524302100001,"Region":"ASIA","Segment":"Blasting Solutions","Method":"Road","Product_tr":"Initiating System","Segment_id":442,"Shape_Le_1":0.00076579913993600002,"Road":"Road_2","Length":70.666155212899994,"ID":"Road_2_442"}},{"type":"Feature","id":442,"geometry":{"type":"LineString","coordinates":[[106.89683911103623,43.101826486503228],[106.89746210559179,43.102269502435661]]},"properties":{"FID":442,"Source_id":2,"Shape_Leng":37.056524302100001,"Region":"ASIA","Segment":"Blasting Solutions","Method":"Road","Product_tr":"Initiating System","Segment_id":443,"Shape_Le_1":0.00076445100081199997,"Road":"Road_2","Length":70.670655603499995,"ID":"Road_2_443"}},{"type":"Feature","id":443,"geometry":{"type":"LineString","coordinates":[[106.89746210559179,43.102269502435661],[106.89803023790523,43.102748229547217]]},"properties":{"FID":443,"Source_id":2,"Shape_Leng":37.056524302100001,"Region":"ASIA","Segment":"Blasting Solutions","Method":"Road","Product_tr":"Initiating System","Segment_id":444,"Shape_Le_1":0.000742936049012,"Road":"Road_2","Length":70.480577331800006,"ID":"Road_2_444"}},{"type":"Feature","id":444,"geometry":{"type":"LineString","coordinates":[[106.89803023790523,43.102748229547217],[106.89855031764313,43.10325756058802]]},"properties":{"FID":444,"Source_id":2,"Shape_Leng":37.056524302100001,"Region":"ASIA","Segment":"Blasting Solutions","Method":"Road","Product_tr":"Initiating System","Segment_id":445,"Shape_Le_1":0.000727943021737,"Road":"Road_2","Length":70.669386278100006,"ID":"Road_2_445"}},{"type":"Feature","id":445,"geometry":{"type":"LineString","coordinates":[[106.89855031764313,43.10325756058802],[106.89905835006289,43.10377323904379]]},"properties":{"FID":445,"Source_id":2,"Shape_Leng":37.056524302100001,"Region":"ASIA","Segment":"Blasting Solutions","Method":"Road","Product_tr":"Initiating System","Segment_id":446,"Shape_Le_1":0.00072389309243300003,"Road":"Road_2","Length":70.656599719499994,"ID":"Road_2_446"}},{"type":"Feature","id":446,"geometry":{"type":"LineString","coordinates":[[106.89905835006289,43.10377323904379],[106.89953756190903,43.104303623213696]]},"properties":{"FID":446,"Source_id":2,"Shape_Leng":37.056524302100001,"Region":"ASIA","Segment":"Blasting Solutions","Method":"Road","Product_tr":"Initiating System","Segment_id":447,"Shape_Le_1":0.00071480861856099999,"Road":"Road_2","Length":70.665708126200002,"ID":"Road_2_447"}},{"type":"Feature","id":447,"geometry":{"type":"LineString","coordinates":[[106.89953756190903,43.104303623213696],[106.89997287155086,43.104853234888935]]},"properties":{"FID":447,"Source_id":2,"Shape_Leng":37.056524302100001,"Region":"ASIA","Segment":"Blasting Solutions","Method":"Road","Product_tr":"Initiating System","Segment_id":448,"Shape_Le_1":0.00070111873304699998,"Road":"Road_2","Length":70.596465379199998,"ID":"Road_2_448"}},{"type":"Feature","id":448,"geometry":{"type":"LineString","coordinates":[[106.89997287155086,43.104853234888935],[106.90038073478314,43.105414705923977]]},"properties":{"FID":448,"Source_id":2,"Shape_Leng":37.056524302100001,"Region":"ASIA","Segment":"Blasting Solutions","Method":"Road","Product_tr":"Initiating System","Segment_id":449,"Shape_Le_1":0.000693975604354,"Road":"Road_2","Length":70.662023699700001,"ID":"Road_2_449"}},{"type":"Feature","id":449,"geometry":{"type":"LineString","coordinates":[[106.90038073478314,43.105414705923977],[106.90074321192975,43.105992356662]]},"properties":{"FID":449,"Source_id":2,"Shape_Leng":37.056524302100001,"Region":"ASIA","Segment":"Blasting Solutions","Method":"Road","Product_tr":"Initiating System","Segment_id":450,"Shape_Le_1":0.00068196045116500001,"Road":"Road_2","Length":70.632190714399997,"ID":"Road_2_450"}},{"type":"Feature","id":450,"geometry":{"type":"LineString","coordinates":[[106.90074321192975,43.105992356662],[106.90106307290256,43.10658379760423]]},"properties":{"FID":450,"Source_id":2,"Shape_Leng":37.056524302100001,"Region":"ASIA","Segment":"Blasting Solutions","Method":"Road","Product_tr":"Initiating System","Segment_id":451,"Shape_Le_1":0.00067239380579599999,"Road":"Road_2","Length":70.676687943600001,"ID":"Road_2_451"}},{"type":"Feature","id":451,"geometry":{"type":"LineString","coordinates":[[106.90106307290256,43.10658379760423],[106.90137384802472,43.107177816902777]]},"properties":{"FID":451,"Source_id":2,"Shape_Leng":37.056524302100001,"Region":"ASIA","Segment":"Blasting Solutions","Method":"Road","Product_tr":"Initiating System","Segment_id":452,"Shape_Le_1":0.00067040294122200003,"Road":"Road_2","Length":70.674893940600001,"ID":"Road_2_452"}},{"type":"Feature","id":452,"geometry":{"type":"LineString","coordinates":[[106.90137384802472,43.107177816902777],[106.90167939358918,43.107773323680021]]},"properties":{"FID":452,"Source_id":2,"Shape_Leng":37.056524302100001,"Region":"ASIA","Segment":"Blasting Solutions","Method":"Road","Product_tr":"Initiating System","Segment_id":453,"Shape_Le_1":0.00066931787194500004,"Road":"Road_2","Length":70.678227056400004,"ID":"Road_2_453"}},{"type":"Feature","id":453,"geometry":{"type":"LineString","coordinates":[[106.90167939358918,43.107773323680021],[106.90198494814689,43.108368836752447]]},"properties":{"FID":453,"Source_id":2,"Shape_Leng":37.056524302100001,"Region":"ASIA","Segment":"Blasting Solutions","Method":"Road","Product_tr":"Initiating System","Segment_id":454,"Shape_Le_1":0.00066932757837199998,"Road":"Road_2","Length":70.679060915099996,"ID":"Road_2_454"}},{"type":"Feature","id":454,"geometry":{"type":"LineString","coordinates":[[106.90198494814689,43.108368836752447],[106.90228955571848,43.108964609729014]]},"properties":{"FID":454,"Source_id":2,"Shape_Leng":37.056524302100001,"Region":"ASIA","Segment":"Blasting Solutions","Method":"Road","Product_tr":"Initiating System","Segment_id":455,"Shape_Le_1":0.00066912720186800001,"Road":"Road_2","Length":70.678933310700003,"ID":"Road_2_455"}},{"type":"Feature","id":455,"geometry":{"type":"LineString","coordinates":[[106.90228955571848,43.108964609729014],[106.90260067977761,43.109558588558059]]},"properties":{"FID":455,"Source_id":2,"Shape_Leng":37.056524302100001,"Region":"ASIA","Segment":"Blasting Solutions","Method":"Road","Product_tr":"Initiating System","Segment_id":456,"Shape_Le_1":0.00067052891773499996,"Road":"Road_2","Length":70.680542019000001,"ID":"Road_2_456"}},{"type":"Feature","id":456,"geometry":{"type":"LineString","coordinates":[[106.90260067977761,43.109558588558059],[106.90291181462862,43.110152573682399]]},"properties":{"FID":456,"Source_id":2,"Shape_Leng":37.056524302100001,"Region":"ASIA","Segment":"Blasting Solutions","Method":"Road","Product_tr":"Initiating System","Segment_id":457,"Shape_Le_1":0.000670539501785,"Road":"Road_2","Length":70.681428373900005,"ID":"Road_2_457"}},{"type":"Feature","id":457,"geometry":{"type":"LineString","coordinates":[[106.90291181462862,43.110152573682399],[106.90322295847284,43.110746564202657]]},"properties":{"FID":457,"Source_id":2,"Shape_Leng":37.056524302100001,"Region":"ASIA","Segment":"Blasting Solutions","Method":"Road","Product_tr":"Initiating System","Segment_id":458,"Shape_Le_1":0.00067054845458699996,"Road":"Road_2","Length":70.682168982700006,"ID":"Road_2_458"}},{"type":"Feature","id":458,"geometry":{"type":"LineString","coordinates":[[106.90322295847284,43.110746564202657],[106.90351474351064,43.111345698844957]]},"properties":{"FID":458,"Source_id":2,"Shape_Leng":37.056524302100001,"Region":"ASIA","Segment":"Blasting Solutions","Method":"Road","Product_tr":"Initiating System","Segment_id":459,"Shape_Le_1":0.00066640890442,"Road":"Road_2","Length":70.670936918500004,"ID":"Road_2_459"}},{"type":"Feature","id":459,"geometry":{"type":"LineString","coordinates":[[106.90351474351064,43.111345698844957],[106.9038162214415,43.111942005119488]]},"properties":{"FID":459,"Source_id":2,"Shape_Leng":37.056524302100001,"Region":"ASIA","Segment":"Blasting Solutions","Method":"Road","Product_tr":"Initiating System","Segment_id":460,"Shape_Le_1":0.00066818419304999997,"Road":"Road_2","Length":70.645146060499997,"ID":"Road_2_460"}},{"type":"Feature","id":460,"geometry":{"type":"LineString","coordinates":[[106.9038162214415,43.111942005119488],[106.90415186911355,43.112528802862016]]},"properties":{"FID":460,"Source_id":2,"Shape_Leng":37.056524302100001,"Region":"ASIA","Segment":"Blasting Solutions","Method":"Road","Product_tr":"Initiating System","Segment_id":461,"Shape_Le_1":0.00067601105788700001,"Road":"Road_2","Length":70.683135680600003,"ID":"Road_2_461"}},{"type":"Feature","id":461,"geometry":{"type":"LineString","coordinates":[[106.90415186911355,43.112528802862016],[106.90447236770569,43.113120150274767]]},"properties":{"FID":461,"Source_id":2,"Shape_Leng":37.056524302100001,"Region":"ASIA","Segment":"Blasting Solutions","Method":"Road","Product_tr":"Initiating System","Segment_id":462,"Shape_Le_1":0.00067261512779199996,"Road":"Road_2","Length":70.685213246100005,"ID":"Road_2_462"}},{"type":"Feature","id":462,"geometry":{"type":"LineString","coordinates":[[106.90447236770569,43.113120150274767],[106.90479287529104,43.113711503982756]]},"properties":{"FID":462,"Source_id":2,"Shape_Leng":37.056524302100001,"Region":"ASIA","Segment":"Blasting Solutions","Method":"Road","Product_tr":"Initiating System","Segment_id":463,"Shape_Le_1":0.00067262494765999998,"Road":"Road_2","Length":70.686047020199993,"ID":"Road_2_463"}},{"type":"Feature","id":463,"geometry":{"type":"LineString","coordinates":[[106.90479287529104,43.113711503982756],[106.90509905757551,43.114306912733866]]},"properties":{"FID":463,"Source_id":2,"Shape_Leng":37.056524302100001,"Region":"ASIA","Segment":"Blasting Solutions","Method":"Road","Product_tr":"Initiating System","Segment_id":464,"Shape_Le_1":0.00066952159952099997,"Road":"Road_2","Length":70.685426961999994,"ID":"Road_2_464"}},{"type":"Feature","id":464,"geometry":{"type":"LineString","coordinates":[[106.90509905757551,43.114306912733866],[106.90540337106876,43.114902857480956]]},"properties":{"FID":464,"Source_id":2,"Shape_Leng":37.056524302100001,"Region":"ASIA","Segment":"Blasting Solutions","Method":"Road","Product_tr":"Initiating System","Segment_id":465,"Shape_Le_1":0.000669146354511,"Road":"Road_2","Length":70.687637797400001,"ID":"Road_2_465"}},{"type":"Feature","id":465,"geometry":{"type":"LineString","coordinates":[[106.90540337106876,43.114902857480956],[106.9057098168546,43.115498221265966]]},"properties":{"FID":465,"Source_id":2,"Shape_Leng":37.056524302100001,"Region":"ASIA","Segment":"Blasting Solutions","Method":"Road","Product_tr":"Initiating System","Segment_id":466,"Shape_Le_1":0.00066960216260099998,"Road":"Road_2","Length":70.688158741799995,"ID":"Road_2_466"}},{"type":"Feature","id":466,"geometry":{"type":"LineString","coordinates":[[106.9057098168546,43.115498221265966],[106.90601836615474,43.11609301218283]]},"properties":{"FID":466,"Source_id":2,"Shape_Leng":37.056524302100001,"Region":"ASIA","Segment":"Blasting Solutions","Method":"Road","Product_tr":"Initiating System","Segment_id":467,"Shape_Le_1":0.00067005888204199995,"Road":"Road_2","Length":70.689170783099996,"ID":"Road_2_467"}},{"type":"Feature","id":467,"geometry":{"type":"LineString","coordinates":[[106.90601836615474,43.11609301218283],[106.90632756656402,43.116687630429851]]},"properties":{"FID":467,"Source_id":2,"Shape_Leng":37.056524302100001,"Region":"ASIA","Segment":"Blasting Solutions","Method":"Road","Product_tr":"Initiating System","Segment_id":468,"Shape_Le_1":0.00067020575406899995,"Road":"Road_2","Length":70.690006759100001,"ID":"Road_2_468"}},{"type":"Feature","id":468,"geometry":{"type":"LineString","coordinates":[[106.90632756656402,43.116687630429851],[106.90663683622108,43.117281999564682]]},"properties":{"FID":468,"Source_id":2,"Shape_Leng":37.056524302100001,"Region":"ASIA","Segment":"Blasting Solutions","Method":"Road","Product_tr":"Initiating System","Segment_id":469,"Shape_Le_1":0.00067001670816599997,"Road":"Road_2","Length":70.666072198899997,"ID":"Road_2_469"}},{"type":"Feature","id":469,"geometry":{"type":"LineString","coordinates":[[106.90663683622108,43.117281999564682],[106.90693433645055,43.117879767237525]]},"properties":{"FID":469,"Source_id":2,"Shape_Leng":37.056524302100001,"Region":"ASIA","Segment":"Blasting Solutions","Method":"Road","Product_tr":"Initiating System","Segment_id":470,"Shape_Le_1":0.00066770695460499998,"Road":"Road_2","Length":70.685115593500001,"ID":"Road_2_470"}},{"type":"Feature","id":470,"geometry":{"type":"LineString","coordinates":[[106.90693433645055,43.117879767237525],[106.90720566550914,43.118484167410429]]},"properties":{"FID":470,"Source_id":2,"Shape_Leng":37.056524302100001,"Region":"ASIA","Segment":"Blasting Solutions","Method":"Road","Product_tr":"Initiating System","Segment_id":471,"Shape_Le_1":0.00066250964298099997,"Road":"Road_2","Length":70.683666050499994,"ID":"Road_2_471"}},{"type":"Feature","id":471,"geometry":{"type":"LineString","coordinates":[[106.90720566550914,43.118484167410429],[106.9074499240748,43.119094821468877]]},"properties":{"FID":471,"Source_id":2,"Shape_Leng":37.056524302100001,"Region":"ASIA","Segment":"Blasting Solutions","Method":"Road","Product_tr":"Initiating System","Segment_id":472,"Shape_Le_1":0.00065769341337500002,"Road":"Road_2","Length":70.693100082200004,"ID":"Road_2_472"}},{"type":"Feature","id":472,"geometry":{"type":"LineString","coordinates":[[106.9074499240748,43.119094821468877],[106.90769418983507,43.119705481822564]]},"properties":{"FID":472,"Source_id":2,"Shape_Leng":37.056524302100001,"Region":"ASIA","Segment":"Blasting Solutions","Method":"Road","Product_tr":"Initiating System","Segment_id":473,"Shape_Le_1":0.000657701930365,"Road":"Road_2","Length":70.693887265900003,"ID":"Road_2_473"}},{"type":"Feature","id":473,"geometry":{"type":"LineString","coordinates":[[106.90769418983507,43.119705481822564],[106.90792963864197,43.120317976793274]]},"properties":{"FID":473,"Source_id":2,"Shape_Leng":37.056524302100001,"Region":"ASIA","Segment":"Blasting Solutions","Method":"Road","Product_tr":"Initiating System","Segment_id":474,"Shape_Le_1":0.00065619069622899998,"Road":"Road_2","Length":70.691596516199994,"ID":"Road_2_474"}},{"type":"Feature","id":474,"geometry":{"type":"LineString","coordinates":[[106.90792963864197,43.120317976793274],[106.90814750030694,43.120933971025977]]},"properties":{"FID":474,"Source_id":2,"Shape_Leng":37.056524302100001,"Region":"ASIA","Segment":"Blasting Solutions","Method":"Road","Product_tr":"Initiating System","Segment_id":475,"Shape_Le_1":0.00065338549094999998,"Road":"Road_2","Length":70.693359636400004,"ID":"Road_2_475"}},{"type":"Feature","id":475,"geometry":{"type":"LineString","coordinates":[[106.90814750030694,43.120933971025977],[106.90832024568283,43.121557571724622]]},"properties":{"FID":475,"Source_id":2,"Shape_Leng":37.056524302100001,"Region":"ASIA","Segment":"Blasting Solutions","Method":"Road","Product_tr":"Initiating System","Segment_id":476,"Shape_Le_1":0.000647084844702,"Road":"Road_2","Length":70.690928285300004,"ID":"Road_2_476"}},{"type":"Feature","id":476,"geometry":{"type":"LineString","coordinates":[[106.90832024568283,43.121557571724622],[106.90849043608483,43.122181604997138]]},"properties":{"FID":476,"Source_id":2,"Shape_Leng":37.056524302100001,"Region":"ASIA","Segment":"Blasting Solutions","Method":"Road","Product_tr":"Initiating System","Segment_id":477,"Shape_Le_1":0.00064682478163699997,"Road":"Road_2","Length":70.696977574399995,"ID":"Road_2_477"}},{"type":"Feature","id":477,"geometry":{"type":"LineString","coordinates":[[106.90849043608483,43.122181604997138],[106.90864284149399,43.122807951325967]]},"properties":{"FID":477,"Source_id":2,"Shape_Leng":37.056524302100001,"Region":"ASIA","Segment":"Blasting Solutions","Method":"Road","Product_tr":"Initiating System","Segment_id":478,"Shape_Le_1":0.00064462169710400002,"Road":"Road_2","Length":70.680689853700002,"ID":"Road_2_478"}},{"type":"Feature","id":478,"geometry":{"type":"LineString","coordinates":[[106.90864284149399,43.122807951325967],[106.90877364878492,43.123437074761227]]},"properties":{"FID":478,"Source_id":2,"Shape_Leng":37.056524302100001,"Region":"ASIA","Segment":"Blasting Solutions","Method":"Road","Product_tr":"Initiating System","Segment_id":479,"Shape_Le_1":0.00064257827862,"Road":"Road_2","Length":70.698524977899993,"ID":"Road_2_479"}},{"type":"Feature","id":479,"geometry":{"type":"LineString","coordinates":[[106.90877364878492,43.123437074761227],[106.90888891938818,43.124067775607386]]},"properties":{"FID":479,"Source_id":2,"Shape_Leng":37.056524302100001,"Region":"ASIA","Segment":"Blasting Solutions","Method":"Road","Product_tr":"Initiating System","Segment_id":480,"Shape_Le_1":0.00064114808688900003,"Road":"Road_2","Length":70.692919355399994,"ID":"Road_2_480"}},{"type":"Feature","id":480,"geometry":{"type":"LineString","coordinates":[[106.90888891938818,43.124067775607386],[106.90899566441846,43.124699346097998]]},"properties":{"FID":480,"Source_id":2,"Shape_Leng":37.056524302100001,"Region":"ASIA","Segment":"Blasting Solutions","Method":"Road","Product_tr":"Initiating System","Segment_id":481,"Shape_Le_1":0.00064052774030500003,"Road":"Road_2","Length":70.700085143600006,"ID":"Road_2_481"}},{"type":"Feature","id":481,"geometry":{"type":"LineString","coordinates":[[106.90899566441846,43.124699346097998],[106.90911404487736,43.125329663832986]]},"properties":{"FID":481,"Source_id":2,"Shape_Leng":37.056524302100001,"Region":"ASIA","Segment":"Blasting Solutions","Method":"Road","Product_tr":"Initiating System","Segment_id":482,"Shape_Le_1":0.00064133796089899998,"Road":"Road_2","Length":70.6847681558,"ID":"Road_2_482"}},{"type":"Feature","id":482,"geometry":{"type":"LineString","coordinates":[[106.90911404487736,43.125329663832986],[106.90920039778018,43.125962917854451]]},"properties":{"FID":482,"Source_id":2,"Shape_Leng":37.056524302100001,"Region":"ASIA","Segment":"Blasting Solutions","Method":"Road","Product_tr":"Initiating System","Segment_id":483,"Shape_Le_1":0.00063911460594299997,"Road":"Road_2","Length":70.701538061199997,"ID":"Road_2_483"}},{"type":"Feature","id":483,"geometry":{"type":"LineString","coordinates":[[106.90920039778018,43.125962917854451],[106.90929275006044,43.12659571681894]]},"properties":{"FID":483,"Source_id":2,"Shape_Leng":37.056524302100001,"Region":"ASIA","Segment":"Blasting Solutions","Method":"Road","Product_tr":"Initiating System","Segment_id":484,"Shape_Le_1":0.00063950252003200001,"Road":"Road_2","Length":70.7014581233,"ID":"Road_2_484"}},{"type":"Feature","id":484,"geometry":{"type":"LineString","coordinates":[[106.90929275006044,43.12659571681894],[106.90938823108206,43.127228281060354]]},"properties":{"FID":484,"Source_id":2,"Shape_Leng":37.056524302100001,"Region":"ASIA","Segment":"Blasting Solutions","Method":"Road","Product_tr":"Initiating System","Segment_id":485,"Shape_Le_1":0.00063972974372400004,"Road":"Road_2","Length":70.703053273899997,"ID":"Road_2_485"}},{"type":"Feature","id":485,"geometry":{"type":"LineString","coordinates":[[106.90938823108206,43.127228281060354],[106.9094835826013,43.127860863288277]]},"properties":{"FID":485,"Source_id":2,"Shape_Leng":37.056524302100001,"Region":"ASIA","Segment":"Blasting Solutions","Method":"Road","Product_tr":"Initiating System","Segment_id":486,"Shape_Le_1":0.00063972821362199997,"Road":"Road_2","Length":70.703881149099999,"ID":"Road_2_486"}},{"type":"Feature","id":486,"geometry":{"type":"LineString","coordinates":[[106.9094835826013,43.127860863288277],[106.90957815440834,43.128493514763932]]},"properties":{"FID":486,"Source_id":2,"Shape_Leng":37.056524302100001,"Region":"ASIA","Segment":"Blasting Solutions","Method":"Road","Product_tr":"Initiating System","Segment_id":487,"Shape_Le_1":0.00063968094886099997,"Road":"Road_2","Length":70.704593210200002,"ID":"Road_2_487"}},{"type":"Feature","id":487,"geometry":{"type":"LineString","coordinates":[[106.90957815440834,43.128493514763932],[106.90967272711475,43.129126172534882]]},"properties":{"FID":487,"Source_id":2,"Shape_Leng":37.056524302100001,"Region":"ASIA","Segment":"Blasting Solutions","Method":"Road","Product_tr":"Initiating System","Segment_id":488,"Shape_Le_1":0.00063968730794200003,"Road":"Road_2","Length":70.705295523199993,"ID":"Road_2_488"}},{"type":"Feature","id":488,"geometry":{"type":"LineString","coordinates":[[106.90967272711475,43.129126172534882],[106.9097677890523,43.129758797930208]]},"properties":{"FID":488,"Source_id":2,"Shape_Leng":37.056524302100001,"Region":"ASIA","Segment":"Blasting Solutions","Method":"Road","Product_tr":"Initiating System","Segment_id":489,"Shape_Le_1":0.00063972780366400002,"Road":"Road_2","Length":70.706063161900005,"ID":"Road_2_489"}},{"type":"Feature","id":489,"geometry":{"type":"LineString","coordinates":[[106.9097677890523,43.129758797930208],[106.90986869568383,43.130390944886244]]},"properties":{"FID":489,"Source_id":2,"Shape_Leng":37.056524302100001,"Region":"ASIA","Segment":"Blasting Solutions","Method":"Road","Product_tr":"Initiating System","Segment_id":490,"Shape_Le_1":0.00064014992174700003,"Road":"Road_2","Length":70.706875021299993,"ID":"Road_2_490"}},{"type":"Feature","id":490,"geometry":{"type":"LineString","coordinates":[[106.90986869568383,43.130390944886244],[106.90996960321468,43.131023099036838]]},"properties":{"FID":490,"Source_id":2,"Shape_Leng":37.056524302100001,"Region":"ASIA","Segment":"Blasting Solutions","Method":"Road","Product_tr":"Initiating System","Segment_id":491,"Shape_Le_1":0.00064015716812000005,"Road":"Road_2","Length":70.707675311100004,"ID":"Road_2_491"}},{"type":"Feature","id":491,"geometry":{"type":"LineString","coordinates":[[106.90996960321468,43.131023099036838],[106.91007051164485,43.13165525948267]]},"properties":{"FID":491,"Source_id":2,"Shape_Leng":37.056524302100001,"Region":"ASIA","Segment":"Blasting Solutions","Method":"Road","Product_tr":"Initiating System","Segment_id":492,"Shape_Le_1":0.00064016352641699996,"Road":"Road_2","Length":70.708376364200006,"ID":"Road_2_492"}},{"type":"Feature","id":492,"geometry":{"type":"LineString","coordinates":[[106.91007051164485,43.13165525948267],[106.91016808448956,43.132287705912972]]},"properties":{"FID":492,"Source_id":2,"Shape_Leng":37.056524302100001,"Region":"ASIA","Segment":"Blasting Solutions","Method":"Road","Product_tr":"Initiating System","Segment_id":493,"Shape_Le_1":0.00063992886106700004,"Road":"Road_2","Length":70.708943911800006,"ID":"Road_2_493"}},{"type":"Feature","id":493,"geometry":{"type":"LineString","coordinates":[[106.91016808448956,43.132287705912972],[106.91026428227087,43.132920274650985]]},"properties":{"FID":493,"Source_id":2,"Shape_Leng":37.056524302100001,"Region":"ASIA","Segment":"Blasting Solutions","Method":"Road","Product_tr":"Initiating System","Segment_id":494,"Shape_Le_1":0.00063984155963900001,"Road":"Road_2","Length":70.709972239799995,"ID":"Road_2_494"}},{"type":"Feature","id":494,"geometry":{"type":"LineString","coordinates":[[106.91026428227087,43.132920274650985],[106.91036048005219,43.133552849684293]]},"properties":{"FID":494,"Source_id":2,"Shape_Leng":37.056524302100001,"Region":"ASIA","Segment":"Blasting Solutions","Method":"Road","Product_tr":"Initiating System","Segment_id":495,"Shape_Le_1":0.00063984778337900004,"Road":"Road_2","Length":70.710666140000001,"ID":"Road_2_495"}},{"type":"Feature","id":495,"geometry":{"type":"LineString","coordinates":[[106.91036048005219,43.133552849684293],[106.91046459186748,43.134184689072185]]},"properties":{"FID":495,"Source_id":2,"Shape_Leng":37.056524302100001,"Region":"ASIA","Segment":"Blasting Solutions","Method":"Road","Product_tr":"Initiating System","Segment_id":496,"Shape_Le_1":0.00064035949448400004,"Road":"Road_2","Length":70.703694542899996,"ID":"Road_2_496"}},{"type":"Feature","id":496,"geometry":{"type":"LineString","coordinates":[[106.91046459186748,43.134184689072185],[106.91058932603664,43.134814599414312]]},"properties":{"FID":496,"Source_id":2,"Shape_Leng":37.056524302100001,"Region":"ASIA","Segment":"Blasting Solutions","Method":"Road","Product_tr":"Initiating System","Segment_id":497,"Shape_Le_1":0.00064214145799399997,"Road":"Road_2","Length":70.712185495599996,"ID":"Road_2_497"}},{"type":"Feature","id":497,"geometry":{"type":"LineString","coordinates":[[106.91058932603664,43.134814599414312],[106.91074666152929,43.135440353989225]]},"properties":{"FID":497,"Source_id":2,"Shape_Leng":37.056524302100001,"Region":"ASIA","Segment":"Blasting Solutions","Method":"Road","Product_tr":"Initiating System","Segment_id":498,"Shape_Le_1":0.00064523115646199995,"Road":"Road_2","Length":70.687212781300005,"ID":"Road_2_498"}},{"type":"Feature","id":498,"geometry":{"type":"LineString","coordinates":[[106.91074666152929,43.135440353989225],[106.91093024643379,43.136062505879977]]},"properties":{"FID":498,"Source_id":2,"Shape_Leng":37.056524302100001,"Region":"ASIA","Segment":"Blasting Solutions","Method":"Road","Product_tr":"Initiating System","Segment_id":499,"Shape_Le_1":0.00064867279296199998,"Road":"Road_2","Length":70.713722880199995,"ID":"Road_2_499"}},{"type":"Feature","id":499,"geometry":{"type":"LineString","coordinates":[[106.91093024643379,43.136062505879977],[106.91111998090247,43.136683468867034]]},"properties":{"FID":499,"Source_id":2,"Shape_Leng":37.056524302100001,"Region":"ASIA","Segment":"Blasting Solutions","Method":"Road","Product_tr":"Initiating System","Segment_id":500,"Shape_Le_1":0.000649302856838,"Road":"Road_2","Length":70.692169501500004,"ID":"Road_2_500"}},{"type":"Feature","id":500,"geometry":{"type":"LineString","coordinates":[[106.91111998090247,43.136683468867034],[106.91132364227235,43.137302249199479]]},"properties":{"FID":500,"Source_id":2,"Shape_Leng":37.056524302100001,"Region":"ASIA","Segment":"Blasting Solutions","Method":"Road","Product_tr":"Initiating System","Segment_id":501,"Shape_Le_1":0.00065143461176299996,"Road":"Road_2","Length":70.712432424900001,"ID":"Road_2_501"}},{"type":"Feature","id":501,"geometry":{"type":"LineString","coordinates":[[106.91132364227235,43.137302249199479],[106.91154862027264,43.137916976287499]]},"properties":{"FID":501,"Source_id":2,"Shape_Leng":37.056524302100001,"Region":"ASIA","Segment":"Blasting Solutions","Method":"Road","Product_tr":"Initiating System","Segment_id":502,"Shape_Le_1":0.00065460254609999997,"Road":"Road_2","Length":70.703729074600005,"ID":"Road_2_502"}},{"type":"Feature","id":502,"geometry":{"type":"LineString","coordinates":[[106.91154862027264,43.137916976287499],[106.91179798159163,43.138526753506937]]},"properties":{"FID":502,"Source_id":2,"Shape_Leng":37.056524302100001,"Region":"ASIA","Segment":"Blasting Solutions","Method":"Road","Product_tr":"Initiating System","Segment_id":503,"Shape_Le_1":0.00065879384085999998,"Road":"Road_2","Length":70.716054676900001,"ID":"Road_2_503"}},{"type":"Feature","id":503,"geometry":{"type":"LineString","coordinates":[[106.91179798159163,43.138526753506937],[106.91203363904128,43.139139462516255]]},"properties":{"FID":503,"Source_id":2,"Shape_Leng":37.056524302100001,"Region":"ASIA","Segment":"Blasting Solutions","Method":"Road","Product_tr":"Initiating System","Segment_id":504,"Shape_Le_1":0.00065646535603500005,"Road":"Road_2","Length":70.717710233099993,"ID":"Road_2_504"}},{"type":"Feature","id":504,"geometry":{"type":"LineString","coordinates":[[106.91203363904128,43.139139462516255],[106.91228311997008,43.139749213655364]]},"properties":{"FID":504,"Source_id":2,"Shape_Leng":37.056524302100001,"Region":"ASIA","Segment":"Blasting Solutions","Method":"Road","Product_tr":"Initiating System","Segment_id":505,"Shape_Le_1":0.00065881498577400005,"Road":"Road_2","Length":70.715969411499998,"ID":"Road_2_505"}},{"type":"Feature","id":505,"geometry":{"type":"LineString","coordinates":[[106.91228311997008,43.139749213655364],[106.9125359931416,43.140358246236133]]},"properties":{"FID":505,"Source_id":2,"Shape_Leng":37.056524302100001,"Region":"ASIA","Segment":"Blasting Solutions","Method":"Road","Product_tr":"Initiating System","Segment_id":506,"Shape_Le_1":0.000659443345036,"Road":"Road_2","Length":70.719242372300002,"ID":"Road_2_506"}},{"type":"Feature","id":506,"geometry":{"type":"LineString","coordinates":[[106.9125359931416,43.140358246236133],[106.91278887260842,43.140967285112197]]},"properties":{"FID":506,"Source_id":2,"Shape_Leng":37.056524302100001,"Region":"ASIA","Segment":"Blasting Solutions","Method":"Road","Product_tr":"Initiating System","Segment_id":507,"Shape_Le_1":0.00065945157312199997,"Road":"Road_2","Length":70.720008008899995,"ID":"Road_2_507"}},{"type":"Feature","id":507,"geometry":{"type":"LineString","coordinates":[[106.91278887260842,43.140967285112197],[106.91303162480972,43.141578537219743]]},"properties":{"FID":507,"Source_id":2,"Shape_Leng":37.056524302100001,"Region":"ASIA","Segment":"Blasting Solutions","Method":"Road","Product_tr":"Initiating System","Segment_id":508,"Shape_Le_1":0.00065769124231399999,"Road":"Road_2","Length":70.720754499899996,"ID":"Road_2_508"}},{"type":"Feature","id":508,"geometry":{"type":"LineString","coordinates":[[106.91303162480972,43.141578537219743],[106.91327071137431,43.142190557348385]]},"properties":{"FID":508,"Source_id":2,"Shape_Leng":37.056524302100001,"Region":"ASIA","Segment":"Blasting Solutions","Method":"Road","Product_tr":"Initiating System","Segment_id":509,"Shape_Le_1":0.00065706241958500002,"Road":"Road_2","Length":70.7200412384,"ID":"Road_2_509"}},{"type":"Feature","id":509,"geometry":{"type":"LineString","coordinates":[[106.91327071137431,43.142190557348385],[106.91351645202269,43.142801184427185]]},"properties":{"FID":509,"Source_id":2,"Shape_Leng":37.056524302100001,"Region":"ASIA","Segment":"Blasting Solutions","Method":"Road","Product_tr":"Initiating System","Segment_id":510,"Shape_Le_1":0.00065822024857199995,"Road":"Road_2","Length":70.722324296400004,"ID":"Road_2_510"}},{"type":"Feature","id":510,"geometry":{"type":"LineString","coordinates":[[106.91351645202269,43.142801184427185],[106.91375892633346,43.143412519272374]]},"properties":{"FID":510,"Source_id":2,"Shape_Leng":37.056524302100001,"Region":"ASIA","Segment":"Blasting Solutions","Method":"Road","Product_tr":"Initiating System","Segment_id":511,"Shape_Le_1":0.00065766563261600004,"Road":"Road_2","Length":70.723128149900006,"ID":"Road_2_511"}},{"type":"Feature","id":511,"geometry":{"type":"LineString","coordinates":[[106.91375892633346,43.143412519272374],[106.91400135837603,43.144023870305432]]},"properties":{"FID":511,"Source_id":2,"Shape_Leng":37.056524302100001,"Region":"ASIA","Segment":"Blasting Solutions","Method":"Road","Product_tr":"Initiating System","Segment_id":512,"Shape_Le_1":0.00065766509781599997,"Road":"Road_2","Length":70.723848415199996,"ID":"Road_2_512"}},{"type":"Feature","id":512,"geometry":{"type":"LineString","coordinates":[[106.91400135837603,43.144023870305432],[106.9142439073305,43.144635205150678]]},"properties":{"FID":512,"Source_id":2,"Shape_Leng":37.056524302100001,"Region":"ASIA","Segment":"Blasting Solutions","Method":"Road","Product_tr":"Initiating System","Segment_id":513,"Shape_Le_1":0.00065769315666900003,"Road":"Road_2","Length":70.724726350500006,"ID":"Road_2_513"}},{"type":"Feature","id":513,"geometry":{"type":"LineString","coordinates":[[106.9142439073305,43.144635205150678],[106.91448713437381,43.145246402399607]]},"properties":{"FID":513,"Source_id":2,"Shape_Leng":37.056524302100001,"Region":"ASIA","Segment":"Blasting Solutions","Method":"Road","Product_tr":"Initiating System","Segment_id":514,"Shape_Le_1":0.00065781568216200003,"Road":"Road_2","Length":70.725411594899995,"ID":"Road_2_514"}},{"type":"Feature","id":514,"geometry":{"type":"LineString","coordinates":[[106.91448713437381,43.145246402399607],[106.91473036861169,43.145857605943831]]},"properties":{"FID":514,"Source_id":2,"Shape_Leng":37.056524302100001,"Region":"ASIA","Segment":"Blasting Solutions","Method":"Road","Product_tr":"Initiating System","Segment_id":515,"Shape_Le_1":0.00065782419151699995,"Road":"Road_2","Length":70.726198625400002,"ID":"Road_2_515"}},{"type":"Feature","id":515,"geometry":{"type":"LineString","coordinates":[[106.91473036861169,43.145857605943831],[106.91497361004411,43.146468815783294]]},"properties":{"FID":515,"Source_id":2,"Shape_Leng":37.056524302100001,"Region":"ASIA","Segment":"Blasting Solutions","Method":"Road","Product_tr":"Initiating System","Segment_id":516,"Shape_Le_1":0.00065783270084900005,"Road":"Road_2","Length":70.726985647099994,"ID":"Road_2_516"}},{"type":"Feature","id":516,"geometry":{"type":"LineString","coordinates":[[106.91497361004411,43.146468815783294],[106.91521429290538,43.147080576007852]]},"properties":{"FID":516,"Source_id":2,"Shape_Leng":37.056524302100001,"Region":"ASIA","Segment":"Blasting Solutions","Method":"Road","Product_tr":"Initiating System","Segment_id":517,"Shape_Le_1":0.000657403081873,"Road":"Road_2","Length":70.727746245199995,"ID":"Road_2_517"}},{"type":"Feature","id":517,"geometry":{"type":"LineString","coordinates":[[106.91521429290538,43.147080576007852],[106.9154547968015,43.14769238209783]]},"properties":{"FID":517,"Source_id":2,"Shape_Leng":37.056524302100001,"Region":"ASIA","Segment":"Blasting Solutions","Method":"Road","Product_tr":"Initiating System","Segment_id":518,"Shape_Le_1":0.00065738026726099995,"Road":"Road_2","Length":70.728567311299997,"ID":"Road_2_518"}},{"type":"Feature","id":518,"geometry":{"type":"LineString","coordinates":[[106.9154547968015,43.14769238209783],[106.915720291958,43.148298393855839]]},"properties":{"FID":518,"Source_id":2,"Shape_Leng":37.056524302100001,"Region":"ASIA","Segment":"Blasting Solutions","Method":"Road","Product_tr":"Initiating System","Segment_id":519,"Shape_Le_1":0.00066161766071399998,"Road":"Road_2","Length":70.704364001800002,"ID":"Road_2_519"}},{"type":"Feature","id":519,"geometry":{"type":"LineString","coordinates":[[106.915720291958,43.148298393855839],[106.91596277616128,43.148909731399044]]},"properties":{"FID":519,"Source_id":2,"Shape_Leng":37.056524302100001,"Region":"ASIA","Segment":"Blasting Solutions","Method":"Road","Product_tr":"Initiating System","Segment_id":520,"Shape_Le_1":0.000657671787881,"Road":"Road_2","Length":70.723210377200004,"ID":"Road_2_520"}},{"type":"Feature","id":520,"geometry":{"type":"LineString","coordinates":[[106.91596277616128,43.148909731399044],[106.9162021136367,43.149521806386304]]},"properties":{"FID":520,"Source_id":2,"Shape_Leng":37.056524302100001,"Region":"ASIA","Segment":"Blasting Solutions","Method":"Road","Product_tr":"Initiating System","Segment_id":521,"Shape_Le_1":0.000657204851754,"Road":"Road_2","Length":70.730960773600003,"ID":"Road_2_521"}},{"type":"Feature","id":521,"geometry":{"type":"LineString","coordinates":[[106.9162021136367,43.149521806386304],[106.91645106486482,43.150131757174904]]},"properties":{"FID":521,"Source_id":2,"Shape_Leng":37.056524302100001,"Region":"ASIA","Segment":"Blasting Solutions","Method":"Road","Product_tr":"Initiating System","Segment_id":522,"Shape_Le_1":0.000658799422051,"Road":"Road_2","Length":70.724000287799996,"ID":"Road_2_522"}},{"type":"Feature","id":522,"geometry":{"type":"LineString","coordinates":[[106.91645106486482,43.150131757174904],[106.91671555907584,43.15073827165395]]},"properties":{"FID":522,"Source_id":2,"Shape_Leng":37.056524302100001,"Region":"ASIA","Segment":"Blasting Solutions","Method":"Road","Product_tr":"Initiating System","Segment_id":523,"Shape_Le_1":0.00066167741457399997,"Road":"Road_2","Length":70.732504978799994,"ID":"Road_2_523"}},{"type":"Feature","id":523,"geometry":{"type":"LineString","coordinates":[[106.91671555907584,43.15073827165395],[106.91699036311485,43.151342104354683]]},"properties":{"FID":523,"Source_id":2,"Shape_Leng":37.056524302100001,"Region":"ASIA","Segment":"Blasting Solutions","Method":"Road","Product_tr":"Initiating System","Segment_id":524,"Shape_Le_1":0.00066342383913299996,"Road":"Road_2","Length":70.709299126900007,"ID":"Road_2_524"}},{"type":"Feature","id":524,"geometry":{"type":"LineString","coordinates":[[106.91699036311485,43.151342104354683],[106.9172799996723,43.151879999662299]]},"properties":{"FID":524,"Source_id":2,"Shape_Leng":37.056524302100001,"Region":"ASIA","Segment":"Blasting Solutions","Method":"Road","Product_tr":"Initiating System","Segment_id":525,"Shape_Le_1":0.00061091791377299997,"Road":"Road_2","Length":64.234193970000007,"ID":"Road_2_525"}},{"type":"Feature","id":525,"geometry":{"type":"LineString","coordinates":[[121.64656999990564,36.916709999966599],[121.64737010694489,36.916710003563878]]},"properties":{"FID":525,"Source_id":1,"Shape_Leng":125.63629865,"Region":"ASIA","Segment":"Blasting Solutions","Method":"Road","Product_tr":"Initiating System","Segment_id":1,"Shape_Le_1":0.000800107039262,"Road":"Road_1","Length":71.296470987899994,"ID":"Road_1_1"}},{"type":"Feature","id":526,"geometry":{"type":"LineString","coordinates":[[121.64737010694489,36.916710003563878],[121.64817017711209,36.916714136847986]]},"properties":{"FID":526,"Source_id":1,"Shape_Leng":125.63629865,"Region":"ASIA","Segment":"Blasting Solutions","Method":"Road","Product_tr":"Initiating System","Segment_id":2,"Shape_Le_1":0.00080008084371799998,"Road":"Road_1","Length":71.294659034399999,"ID":"Road_1_2"}},{"type":"Feature","id":527,"geometry":{"type":"LineString","coordinates":[[121.64817017711209,36.916714136847986],[121.64897015195106,36.9167137915083]]},"properties":{"FID":527,"Source_id":1,"Shape_Leng":125.63629865,"Region":"ASIA","Segment":"Blasting Solutions","Method":"Road","Product_tr":"Initiating System","Segment_id":3,"Shape_Le_1":0.00079997491350899995,"Road":"Road_1","Length":71.284697409900005,"ID":"Road_1_3"}},{"type":"Feature","id":528,"geometry":{"type":"LineString","coordinates":[[121.64897015195106,36.9167137915083],[121.64977015376962,36.916702657901396]]},"properties":{"FID":528,"Source_id":1,"Shape_Leng":125.63629865,"Region":"ASIA","Segment":"Blasting Solutions","Method":"Road","Product_tr":"Initiating System","Segment_id":4,"Shape_Le_1":0.00080007928788599996,"Road":"Road_1","Length":71.297803299700007,"ID":"Road_1_4"}},{"type":"Feature","id":529,"geometry":{"type":"LineString","coordinates":[[121.64977015376962,36.916702657901396],[121.6505691537435,36.916671025147764]]},"properties":{"FID":529,"Source_id":1,"Shape_Leng":125.63629865,"Region":"ASIA","Segment":"Blasting Solutions","Method":"Road","Product_tr":"Initiating System","Segment_id":5,"Shape_Le_1":0.00079962590588599999,"Road":"Road_1","Length":71.284334656300004,"ID":"Road_1_5"}},{"type":"Feature","id":530,"geometry":{"type":"LineString","coordinates":[[121.6505691537435,36.916671025147764],[121.65136818069709,36.916637235819849]]},"properties":{"FID":530,"Source_id":1,"Shape_Leng":125.63629865,"Region":"ASIA","Segment":"Blasting Solutions","Method":"Road","Product_tr":"Initiating System","Segment_id":6,"Shape_Le_1":0.00079974107762399997,"Road":"Road_1","Length":71.298952525299995,"ID":"Road_1_6"}},{"type":"Feature","id":531,"geometry":{"type":"LineString","coordinates":[[121.65136818069709,36.916637235819849],[121.65216538922141,36.916583329557056]]},"properties":{"FID":531,"Source_id":1,"Shape_Leng":125.63629865,"Region":"ASIA","Segment":"Blasting Solutions","Method":"Road","Product_tr":"Initiating System","Segment_id":7,"Shape_Le_1":0.00079902898346299997,"Road":"Road_1","Length":71.289727893700004,"ID":"Road_1_7"}},{"type":"Feature","id":532,"geometry":{"type":"LineString","coordinates":[[121.65216538922141,36.916583329557056],[121.65296253839051,36.916532882986189]]},"properties":{"FID":532,"Source_id":1,"Shape_Leng":125.63629865,"Region":"ASIA","Segment":"Blasting Solutions","Method":"Road","Product_tr":"Initiating System","Segment_id":8,"Shape_Le_1":0.00079874379766799999,"Road":"Road_1","Length":71.253311742799994,"ID":"Road_1_8"}},{"type":"Feature","id":533,"geometry":{"type":"LineString","coordinates":[[121.65296253839051,36.916532882986189],[121.65375752019349,36.91646069710356]]},"properties":{"FID":533,"Source_id":1,"Shape_Leng":125.63629865,"Region":"ASIA","Segment":"Blasting Solutions","Method":"Road","Product_tr":"Initiating System","Segment_id":9,"Shape_Le_1":0.00079825238410200004,"Road":"Road_1","Length":71.291481180199995,"ID":"Road_1_9"}},{"type":"Feature","id":534,"geometry":{"type":"LineString","coordinates":[[121.65375752019349,36.91646069710356],[121.6545499731028,36.916371931319645]]},"properties":{"FID":534,"Source_id":1,"Shape_Leng":125.63629865,"Region":"ASIA","Segment":"Blasting Solutions","Method":"Road","Product_tr":"Initiating System","Segment_id":10,"Shape_Le_1":0.00079740891509100004,"Road":"Road_1","Length":71.298489422499998,"ID":"Road_1_10"}},{"type":"Feature","id":535,"geometry":{"type":"LineString","coordinates":[[121.6545499731028,36.916371931319645],[121.65534124160513,36.916278394632286]]},"properties":{"FID":535,"Source_id":1,"Shape_Leng":125.63629865,"Region":"ASIA","Segment":"Blasting Solutions","Method":"Road","Product_tr":"Initiating System","Segment_id":11,"Shape_Le_1":0.000796777857784,"Road":"Road_1","Length":71.269232948999999,"ID":"Road_1_11"}},{"type":"Feature","id":536,"geometry":{"type":"LineString","coordinates":[[121.65534124160513,36.916278394632286],[121.65612992995239,36.916170010137932]]},"properties":{"FID":536,"Source_id":1,"Shape_Leng":125.63629865,"Region":"ASIA","Segment":"Blasting Solutions","Method":"Road","Product_tr":"Initiating System","Segment_id":12,"Shape_Le_1":0.00079610081504500002,"Road":"Road_1","Length":71.301266736299993,"ID":"Road_1_12"}},{"type":"Feature","id":537,"geometry":{"type":"LineString","coordinates":[[121.65612992995239,36.916170010137932],[121.6569165894291,36.916052464249901]]},"properties":{"FID":537,"Source_id":1,"Shape_Leng":125.63629865,"Region":"ASIA","Segment":"Blasting Solutions","Method":"Road","Product_tr":"Initiating System","Segment_id":13,"Shape_Le_1":0.00079539309030199996,"Road":"Road_1","Length":71.302156335800007,"ID":"Road_1_13"}},{"type":"Feature","id":538,"geometry":{"type":"LineString","coordinates":[[121.6569165894291,36.916052464249901],[121.65770039625636,36.915923267644757]]},"properties":{"FID":538,"Source_id":1,"Shape_Leng":125.63629865,"Region":"ASIA","Segment":"Blasting Solutions","Method":"Road","Product_tr":"Initiating System","Segment_id":14,"Shape_Le_1":0.00079438334904299997,"Road":"Road_1","Length":71.301081216499995,"ID":"Road_1_14"}},{"type":"Feature","id":539,"geometry":{"type":"LineString","coordinates":[[121.65770039625636,36.915923267644757],[121.6584810491612,36.915782577703851]]},"properties":{"FID":539,"Source_id":1,"Shape_Leng":125.63629865,"Region":"ASIA","Segment":"Blasting Solutions","Method":"Road","Product_tr":"Initiating System","Segment_id":15,"Shape_Le_1":0.00079322923376700001,"Road":"Road_1","Length":71.294342692699999,"ID":"Road_1_15"}},{"type":"Feature","id":540,"geometry":{"type":"LineString","coordinates":[[121.6584810491612,36.915782577703851],[121.65925852566045,36.91563075595468]]},"properties":{"FID":540,"Source_id":1,"Shape_Leng":125.63629865,"Region":"ASIA","Segment":"Blasting Solutions","Method":"Road","Product_tr":"Initiating System","Segment_id":16,"Shape_Le_1":0.00079216131590100001,"Road":"Road_1","Length":71.300098701699994,"ID":"Road_1_16"}},{"type":"Feature","id":541,"geometry":{"type":"LineString","coordinates":[[121.65925852566045,36.91563075595468],[121.66003796807786,36.915485539725921]]},"properties":{"FID":541,"Source_id":1,"Shape_Leng":125.63629865,"Region":"ASIA","Segment":"Blasting Solutions","Method":"Road","Product_tr":"Initiating System","Segment_id":17,"Shape_Le_1":0.00079285448548500003,"Road":"Road_1","Length":71.301210050899996,"ID":"Road_1_17"}},{"type":"Feature","id":542,"geometry":{"type":"LineString","coordinates":[[121.66003796807786,36.915485539725921],[121.66081612176663,36.91533599865744]]},"properties":{"FID":542,"Source_id":1,"Shape_Leng":125.63629865,"Region":"ASIA","Segment":"Blasting Solutions","Method":"Road","Product_tr":"Initiating System","Segment_id":18,"Shape_Le_1":0.00079239238670599996,"Road":"Road_1","Length":71.299659952599995,"ID":"Road_1_18"}},{"type":"Feature","id":543,"geometry":{"type":"LineString","coordinates":[[121.66081612176663,36.91533599865744],[121.66159392022325,36.915185490817805]]},"properties":{"FID":543,"Source_id":1,"Shape_Leng":125.63629865,"Region":"ASIA","Segment":"Blasting Solutions","Method":"Road","Product_tr":"Initiating System","Segment_id":19,"Shape_Le_1":0.00079222663987000002,"Road":"Road_1","Length":71.294066057799995,"ID":"Road_1_19"}},{"type":"Feature","id":544,"geometry":{"type":"LineString","coordinates":[[121.66159392022325,36.915185490817805],[121.66237712000816,36.9150538147818]]},"properties":{"FID":544,"Source_id":1,"Shape_Leng":125.63629865,"Region":"ASIA","Segment":"Blasting Solutions","Method":"Road","Product_tr":"Initiating System","Segment_id":20,"Shape_Le_1":0.00079419171585599999,"Road":"Road_1","Length":71.304748787299999,"ID":"Road_1_20"}},{"type":"Feature","id":545,"geometry":{"type":"LineString","coordinates":[[121.66237712000816,36.9150538147818],[121.66315960932855,36.914919481249115]]},"properties":{"FID":545,"Source_id":1,"Shape_Leng":125.63629865,"Region":"ASIA","Segment":"Blasting Solutions","Method":"Road","Product_tr":"Initiating System","Segment_id":21,"Shape_Le_1":0.00079393641717800001,"Road":"Road_1","Length":71.303978296099999,"ID":"Road_1_21"}},{"type":"Feature","id":546,"geometry":{"type":"LineString","coordinates":[[121.66315960932855,36.914919481249115],[121.66394456908665,36.914794878380974]]},"properties":{"FID":546,"Source_id":1,"Shape_Leng":125.63629865,"Region":"ASIA","Segment":"Blasting Solutions","Method":"Road","Product_tr":"Initiating System","Segment_id":22,"Shape_Le_1":0.00079478783118299996,"Road":"Road_1","Length":71.302115473599997,"ID":"Road_1_22"}},{"type":"Feature","id":547,"geometry":{"type":"LineString","coordinates":[[121.66394456908665,36.914794878380974],[121.66473228976338,36.914681900149617]]},"properties":{"FID":547,"Source_id":1,"Shape_Leng":125.63629865,"Region":"ASIA","Segment":"Blasting Solutions","Method":"Road","Product_tr":"Initiating System","Segment_id":23,"Shape_Le_1":0.00079578134264500001,"Road":"Road_1","Length":71.3054878226,"ID":"Road_1_23"}},{"type":"Feature","id":548,"geometry":{"type":"LineString","coordinates":[[121.66473228976338,36.914681900149617],[121.66552194398264,36.914578323430931]]},"properties":{"FID":548,"Source_id":1,"Shape_Leng":125.63629865,"Region":"ASIA","Segment":"Blasting Solutions","Method":"Road","Product_tr":"Initiating System","Segment_id":24,"Shape_Le_1":0.00079641818327500001,"Road":"Road_1","Length":71.299588004499995,"ID":"Road_1_24"}},{"type":"Feature","id":549,"geometry":{"type":"LineString","coordinates":[[121.66552194398264,36.914578323430931],[121.66631309377431,36.914482168817074]]},"properties":{"FID":549,"Source_id":1,"Shape_Leng":125.63629865,"Region":"ASIA","Segment":"Blasting Solutions","Method":"Road","Product_tr":"Initiating System","Segment_id":25,"Shape_Le_1":0.00079697158206600005,"Road":"Road_1","Length":71.303301239999996,"ID":"Road_1_25"}},{"type":"Feature","id":550,"geometry":{"type":"LineString","coordinates":[[121.66631309377431,36.914482168817074],[121.66710730036164,36.914403882832971]]},"properties":{"FID":550,"Source_id":1,"Shape_Leng":125.63629865,"Region":"ASIA","Segment":"Blasting Solutions","Method":"Road","Product_tr":"Initiating System","Segment_id":26,"Shape_Le_1":0.000798055636321,"Road":"Road_1","Length":71.304039427399999,"ID":"Road_1_26"}},{"type":"Feature","id":551,"geometry":{"type":"LineString","coordinates":[[121.66710730036164,36.914403882832971],[121.66790291079076,36.914335173729341]]},"properties":{"FID":551,"Source_id":1,"Shape_Leng":125.63629865,"Region":"ASIA","Segment":"Blasting Solutions","Method":"Road","Product_tr":"Initiating System","Segment_id":27,"Shape_Le_1":0.00079857178503299996,"Road":"Road_1","Length":71.306808722499994,"ID":"Road_1_27"}},{"type":"Feature","id":552,"geometry":{"type":"LineString","coordinates":[[121.66790291079076,36.914335173729341],[121.66870042508458,36.91428518671205]]},"properties":{"FID":552,"Source_id":1,"Shape_Leng":125.63629865,"Region":"ASIA","Segment":"Blasting Solutions","Method":"Road","Product_tr":"Initiating System","Segment_id":28,"Shape_Le_1":0.00079907931442900005,"Road":"Road_1","Length":71.283839132500006,"ID":"Road_1_28"}},{"type":"Feature","id":553,"geometry":{"type":"LineString","coordinates":[[121.66870042508458,36.91428518671205],[121.66949965258698,36.914253217611929]]},"properties":{"FID":553,"Source_id":1,"Shape_Leng":125.63629865,"Region":"ASIA","Segment":"Blasting Solutions","Method":"Road","Product_tr":"Initiating System","Segment_id":29,"Shape_Le_1":0.00079986662885300004,"Road":"Road_1","Length":71.308677300100001,"ID":"Road_1_29"}},{"type":"Feature","id":554,"geometry":{"type":"LineString","coordinates":[[121.66949965258698,36.914253217611929],[121.67029890706897,36.914221611837945]]},"properties":{"FID":554,"Source_id":1,"Shape_Leng":125.63629865,"Region":"ASIA","Segment":"Blasting Solutions","Method":"Road","Product_tr":"Initiating System","Segment_id":30,"Shape_Le_1":0.00079987914832800003,"Road":"Road_1","Length":71.309113414600006,"ID":"Road_1_30"}},{"type":"Feature","id":555,"geometry":{"type":"LineString","coordinates":[[121.67029890706897,36.914221611837945],[121.67109875420419,36.914201935570929]]},"properties":{"FID":555,"Source_id":1,"Shape_Leng":125.63629865,"Region":"ASIA","Segment":"Blasting Solutions","Method":"Road","Product_tr":"Initiating System","Segment_id":31,"Shape_Le_1":0.00080008911704500002,"Road":"Road_1","Length":71.309076286299998,"ID":"Road_1_31"}},{"type":"Feature","id":556,"geometry":{"type":"LineString","coordinates":[[121.67109875420419,36.914201935570929],[121.6718989529744,36.914200000229869]]},"properties":{"FID":556,"Source_id":1,"Shape_Leng":125.63629865,"Region":"ASIA","Segment":"Blasting Solutions","Method":"Road","Product_tr":"Initiating System","Segment_id":32,"Shape_Le_1":0.00080020111058799997,"Road":"Road_1","Length":71.307304189099995,"ID":"Road_1_32"}},{"type":"Feature","id":557,"geometry":{"type":"LineString","coordinates":[[121.6718989529744,36.914200000229869],[121.67269919401269,36.914200002028508]]},"properties":{"FID":557,"Source_id":1,"Shape_Leng":125.63629865,"Region":"ASIA","Segment":"Blasting Solutions","Method":"Road","Product_tr":"Initiating System","Segment_id":33,"Shape_Le_1":0.00080024103829299999,"Road":"Road_1","Length":71.310748214,"ID":"Road_1_33"}},{"type":"Feature","id":558,"geometry":{"type":"LineString","coordinates":[[121.67269919401269,36.914200002028508],[121.67349910769769,36.914213726582261]]},"properties":{"FID":558,"Source_id":1,"Shape_Leng":125.63629865,"Region":"ASIA","Segment":"Blasting Solutions","Method":"Road","Product_tr":"Initiating System","Segment_id":34,"Shape_Le_1":0.00080003141614999997,"Road":"Road_1","Length":71.297841249200005,"ID":"Road_1_34"}},{"type":"Feature","id":559,"geometry":{"type":"LineString","coordinates":[[121.67349910769769,36.914213726582261],[121.67429875608275,36.91423871514462]]},"properties":{"FID":559,"Source_id":1,"Shape_Leng":125.63629865,"Region":"ASIA","Segment":"Blasting Solutions","Method":"Road","Product_tr":"Initiating System","Segment_id":35,"Shape_Le_1":0.000800038729043,"Road":"Road_1","Length":71.311851873600006,"ID":"Road_1_35"}},{"type":"Feature","id":560,"geometry":{"type":"LineString","coordinates":[[121.67429875608275,36.91423871514462],[121.67509766612443,36.914274658348859]]},"properties":{"FID":560,"Source_id":1,"Shape_Leng":125.63629865,"Region":"ASIA","Segment":"Blasting Solutions","Method":"Road","Product_tr":"Initiating System","Segment_id":36,"Shape_Le_1":0.00079971818075499999,"Road":"Road_1","Length":71.303746306199997,"ID":"Road_1_36"}},{"type":"Feature","id":561,"geometry":{"type":"LineString","coordinates":[[121.67509766612443,36.914274658348859],[121.67589583782274,36.914320823247465]]},"properties":{"FID":561,"Source_id":1,"Shape_Leng":125.63629865,"Region":"ASIA","Segment":"Blasting Solutions","Method":"Road","Product_tr":"Initiating System","Segment_id":37,"Shape_Le_1":0.00079950563340199995,"Road":"Road_1","Length":71.310527583899997,"ID":"Road_1_37"}},{"type":"Feature","id":562,"geometry":{"type":"LineString","coordinates":[[121.67589583782274,36.914320823247465],[121.67669328466741,36.914374734906119]]},"properties":{"FID":562,"Source_id":1,"Shape_Leng":125.63629865,"Region":"ASIA","Segment":"Blasting Solutions","Method":"Road","Product_tr":"Initiating System","Segment_id":38,"Shape_Le_1":0.00079926712494400001,"Road":"Road_1","Length":71.313031077800005,"ID":"Road_1_38"}},{"type":"Feature","id":563,"geometry":{"type":"LineString","coordinates":[[121.67669328466741,36.914374734906119],[121.67749112451588,36.914424867613604]]},"properties":{"FID":563,"Source_id":1,"Shape_Leng":125.63629865,"Region":"ASIA","Segment":"Blasting Solutions","Method":"Road","Product_tr":"Initiating System","Segment_id":39,"Shape_Le_1":0.00079941335501300002,"Road":"Road_1","Length":71.313938441399998,"ID":"Road_1_39"}},{"type":"Feature","id":564,"geometry":{"type":"LineString","coordinates":[[121.67749112451588,36.914424867613604],[121.67828918649684,36.914472752015968]]},"properties":{"FID":564,"Source_id":1,"Shape_Leng":125.63629865,"Region":"ASIA","Segment":"Blasting Solutions","Method":"Road","Product_tr":"Initiating System","Segment_id":40,"Shape_Le_1":0.000799497242923,"Road":"Road_1","Length":71.314601223899999,"ID":"Road_1_40"}},{"type":"Feature","id":565,"geometry":{"type":"LineString","coordinates":[[121.67828918649684,36.914472752015968],[121.67908538778045,36.914535415876799]]},"properties":{"FID":565,"Source_id":1,"Shape_Leng":125.63629865,"Region":"ASIA","Segment":"Blasting Solutions","Method":"Road","Product_tr":"Initiating System","Segment_id":41,"Shape_Le_1":0.00079866341062399999,"Road":"Road_1","Length":71.290469150800007,"ID":"Road_1_41"}},{"type":"Feature","id":566,"geometry":{"type":"LineString","coordinates":[[121.67908538778045,36.914535415876799],[121.67988441113675,36.914571507469134]]},"properties":{"FID":566,"Source_id":1,"Shape_Leng":125.63629865,"Region":"ASIA","Segment":"Blasting Solutions","Method":"Road","Product_tr":"Initiating System","Segment_id":42,"Shape_Le_1":0.00079983806296199996,"Road":"Road_1","Length":71.314475701399999,"ID":"Road_1_42"}},{"type":"Feature","id":567,"geometry":{"type":"LineString","coordinates":[[121.67988441113675,36.914571507469134],[121.6806830432879,36.914612953624953]]},"properties":{"FID":567,"Source_id":1,"Shape_Leng":125.63629865,"Region":"ASIA","Segment":"Blasting Solutions","Method":"Road","Product_tr":"Initiating System","Segment_id":43,"Shape_Le_1":0.00079970688172300002,"Road":"Road_1","Length":71.315492451099999,"ID":"Road_1_43"}},{"type":"Feature","id":568,"geometry":{"type":"LineString","coordinates":[[121.6806830432879,36.914612953624953],[121.68148127254278,36.914659304683198]]},"properties":{"FID":568,"Source_id":1,"Shape_Leng":125.63629865,"Region":"ASIA","Segment":"Blasting Solutions","Method":"Road","Product_tr":"Initiating System","Segment_id":44,"Shape_Le_1":0.00079957386397499998,"Road":"Road_1","Length":71.316816991799996,"ID":"Road_1_44"}},{"type":"Feature","id":569,"geometry":{"type":"LineString","coordinates":[[121.68148127254278,36.914659304683198],[121.68227937229528,36.914707105448599]]},"properties":{"FID":569,"Source_id":1,"Shape_Leng":125.63629865,"Region":"ASIA","Segment":"Blasting Solutions","Method":"Road","Product_tr":"Initiating System","Segment_id":45,"Shape_Le_1":0.00079952994197499995,"Road":"Road_1","Length":71.317049732900003,"ID":"Road_1_45"}},{"type":"Feature","id":570,"geometry":{"type":"LineString","coordinates":[[121.68227937229528,36.914707105448599],[121.683077210345,36.914757761561475]]},"properties":{"FID":570,"Source_id":1,"Shape_Leng":125.63629865,"Region":"ASIA","Segment":"Blasting Solutions","Method":"Road","Product_tr":"Initiating System","Segment_id":46,"Shape_Le_1":0.00079944455427100004,"Road":"Road_1","Length":71.318025925399994,"ID":"Road_1_46"}},{"type":"Feature","id":571,"geometry":{"type":"LineString","coordinates":[[121.683077210345,36.914757761561475],[121.68387434512499,36.914813881955126]]},"properties":{"FID":571,"Source_id":1,"Shape_Leng":125.63629865,"Region":"ASIA","Segment":"Blasting Solutions","Method":"Road","Product_tr":"Initiating System","Segment_id":47,"Shape_Le_1":0.00079910785007300002,"Road":"Road_1","Length":71.305906720600007,"ID":"Road_1_47"}},{"type":"Feature","id":572,"geometry":{"type":"LineString","coordinates":[[121.68387434512499,36.914813881955126],[121.68467263463447,36.914857301223549]]},"properties":{"FID":572,"Source_id":1,"Shape_Leng":125.63629865,"Region":"ASIA","Segment":"Blasting Solutions","Method":"Road","Product_tr":"Initiating System","Segment_id":48,"Shape_Le_1":0.00079946943269199999,"Road":"Road_1","Length":71.299260729699995,"ID":"Road_1_48"}},{"type":"Feature","id":573,"geometry":{"type":"LineString","coordinates":[[121.68467263463447,36.914857301223549],[121.68547038814791,36.914909007744541]]},"properties":{"FID":573,"Source_id":1,"Shape_Leng":125.63629865,"Region":"ASIA","Segment":"Blasting Solutions","Method":"Road","Product_tr":"Initiating System","Segment_id":49,"Shape_Le_1":0.00079942744043299998,"Road":"Road_1","Length":71.319661080200007,"ID":"Road_1_49"}},{"type":"Feature","id":574,"geometry":{"type":"LineString","coordinates":[[121.68547038814791,36.914909007744541],[121.68626867585874,36.914955065623815]]},"properties":{"FID":574,"Source_id":1,"Shape_Leng":125.63629865,"Region":"ASIA","Segment":"Blasting Solutions","Method":"Road","Product_tr":"Initiating System","Segment_id":50,"Shape_Le_1":0.00079961528094199996,"Road":"Road_1","Length":71.319399263600005,"ID":"Road_1_50"}},{"type":"Feature","id":575,"geometry":{"type":"LineString","coordinates":[[121.68626867585874,36.914955065623815],[121.68706723066828,36.914998229484752]]},"properties":{"FID":575,"Source_id":1,"Shape_Leng":125.63629865,"Region":"ASIA","Segment":"Blasting Solutions","Method":"Road","Product_tr":"Initiating System","Segment_id":51,"Shape_Le_1":0.00079972051538199996,"Road":"Road_1","Length":71.320807780699994,"ID":"Road_1_51"}},{"type":"Feature","id":576,"geometry":{"type":"LineString","coordinates":[[121.68706723066828,36.914998229484752],[121.68786589159765,36.915036910225297]]},"properties":{"FID":576,"Source_id":1,"Shape_Leng":125.63629865,"Region":"ASIA","Segment":"Blasting Solutions","Method":"Road","Product_tr":"Initiating System","Segment_id":52,"Shape_Le_1":0.00079959707340800004,"Road":"Road_1","Length":71.298522227600003,"ID":"Road_1_52"}},{"type":"Feature","id":577,"geometry":{"type":"LineString","coordinates":[[121.68786589159765,36.915036910225297],[121.68866394188751,36.915085751506297]]},"properties":{"FID":577,"Source_id":1,"Shape_Leng":125.63629865,"Region":"ASIA","Segment":"Blasting Solutions","Method":"Road","Product_tr":"Initiating System","Segment_id":53,"Shape_Le_1":0.00079954345465000005,"Road":"Road_1","Length":71.320986868800006,"ID":"Road_1_53"}},{"type":"Feature","id":578,"geometry":{"type":"LineString","coordinates":[[121.68866394188751,36.915085751506297],[121.68946168550849,36.915137891500535]]},"properties":{"FID":578,"Source_id":1,"Shape_Leng":125.63629865,"Region":"ASIA","Segment":"Blasting Solutions","Method":"Road","Product_tr":"Initiating System","Segment_id":54,"Shape_Le_1":0.00079944572286699996,"Road":"Road_1","Length":71.322457484799997,"ID":"Road_1_54"}},{"type":"Feature","id":579,"geometry":{"type":"LineString","coordinates":[[121.68946168550849,36.915137891500535],[121.69025950737046,36.915189004469028]]},"properties":{"FID":579,"Source_id":1,"Shape_Leng":125.63629865,"Region":"ASIA","Segment":"Blasting Solutions","Method":"Road","Product_tr":"Initiating System","Segment_id":55,"Shape_Le_1":0.00079945747790500002,"Road":"Road_1","Length":71.320203559800007,"ID":"Road_1_55"}},{"type":"Feature","id":580,"geometry":{"type":"LineString","coordinates":[[121.69025950737046,36.915189004469028],[121.6910573328297,36.915240476267002]]},"properties":{"FID":580,"Source_id":1,"Shape_Leng":125.63629865,"Region":"ASIA","Segment":"Blasting Solutions","Method":"Road","Product_tr":"Initiating System","Segment_id":56,"Shape_Le_1":0.00079948408952600005,"Road":"Road_1","Length":71.323653805899994,"ID":"Road_1_56"}},{"type":"Feature","id":581,"geometry":{"type":"LineString","coordinates":[[121.6910573328297,36.915240476267002],[121.69185555399065,36.915287789599859]]},"properties":{"FID":581,"Source_id":1,"Shape_Leng":125.63629865,"Region":"ASIA","Segment":"Blasting Solutions","Method":"Road","Product_tr":"Initiating System","Segment_id":57,"Shape_Le_1":0.00079962214404800003,"Road":"Road_1","Length":71.323298053000002,"ID":"Road_1_57"}},{"type":"Feature","id":582,"geometry":{"type":"LineString","coordinates":[[121.69185555399065,36.915287789599859],[121.69265374097745,36.915335432084589]]},"properties":{"FID":582,"Source_id":1,"Shape_Leng":125.63629865,"Region":"ASIA","Segment":"Blasting Solutions","Method":"Road","Product_tr":"Initiating System","Segment_id":58,"Shape_Le_1":0.00079960757390500005,"Road":"Road_1","Length":71.322915599699996,"ID":"Road_1_58"}},{"type":"Feature","id":583,"geometry":{"type":"LineString","coordinates":[[121.69265374097745,36.915335432084589],[121.69345122109701,36.915390430124319]]},"properties":{"FID":583,"Source_id":1,"Shape_Leng":125.63629865,"Region":"ASIA","Segment":"Blasting Solutions","Method":"Road","Product_tr":"Initiating System","Segment_id":59,"Shape_Le_1":0.00079937433375500003,"Road":"Road_1","Length":71.325263021599994,"ID":"Road_1_59"}},{"type":"Feature","id":584,"geometry":{"type":"LineString","coordinates":[[121.69345122109701,36.915390430124319],[121.69424948542553,36.915437471861878]]},"properties":{"FID":584,"Source_id":1,"Shape_Leng":125.63629865,"Region":"ASIA","Segment":"Blasting Solutions","Method":"Road","Product_tr":"Initiating System","Segment_id":60,"Shape_Le_1":0.00079964921263300001,"Road":"Road_1","Length":71.324783120199996,"ID":"Road_1_60"}},{"type":"Feature","id":585,"geometry":{"type":"LineString","coordinates":[[121.69424948542553,36.915437471861878],[121.69504741520609,36.915488133370729]]},"properties":{"FID":585,"Source_id":1,"Shape_Leng":125.63629865,"Region":"ASIA","Segment":"Blasting Solutions","Method":"Road","Product_tr":"Initiating System","Segment_id":61,"Shape_Le_1":0.00079953644268700001,"Road":"Road_1","Length":71.325546093,"ID":"Road_1_61"}},{"type":"Feature","id":586,"geometry":{"type":"LineString","coordinates":[[121.69504741520609,36.915488133370729],[121.69584560219289,36.915535759667648]]},"properties":{"FID":586,"Source_id":1,"Shape_Leng":125.63629865,"Region":"ASIA","Segment":"Blasting Solutions","Method":"Road","Product_tr":"Initiating System","Segment_id":62,"Shape_Le_1":0.000799606609561,"Road":"Road_1","Length":71.322596946600001,"ID":"Road_1_62"}},{"type":"Feature","id":587,"geometry":{"type":"LineString","coordinates":[[121.69584560219289,36.915535759667648],[121.69664381166263,36.915583753787246]]},"properties":{"FID":587,"Source_id":1,"Shape_Leng":125.63629865,"Region":"ASIA","Segment":"Blasting Solutions","Method":"Road","Product_tr":"Initiating System","Segment_id":63,"Shape_Le_1":0.00079965104457599997,"Road":"Road_1","Length":71.327587097000006,"ID":"Road_1_63"}},{"type":"Feature","id":588,"geometry":{"type":"LineString","coordinates":[[121.69664381166263,36.915583753787246],[121.69744212365515,36.915630714585859]]},"properties":{"FID":588,"Source_id":1,"Shape_Leng":125.63629865,"Region":"ASIA","Segment":"Blasting Solutions","Method":"Road","Product_tr":"Initiating System","Segment_id":64,"Shape_Le_1":0.00079969203698499998,"Road":"Road_1","Length":71.328183215899998,"ID":"Road_1_64"}},{"type":"Feature","id":589,"geometry":{"type":"LineString","coordinates":[[121.69744212365515,36.915630714585859],[121.69824080886633,36.915673313672528]]},"properties":{"FID":589,"Source_id":1,"Shape_Leng":125.63629865,"Region":"ASIA","Segment":"Blasting Solutions","Method":"Road","Product_tr":"Initiating System","Segment_id":65,"Shape_Le_1":0.00079982044781499995,"Road":"Road_1","Length":71.327594145999996,"ID":"Road_1_65"}},{"type":"Feature","id":590,"geometry":{"type":"LineString","coordinates":[[121.69824080886633,36.915673313672528],[121.69903858935947,36.915725907824424]]},"properties":{"FID":590,"Source_id":1,"Shape_Leng":125.63629865,"Region":"ASIA","Segment":"Blasting Solutions","Method":"Road","Product_tr":"Initiating System","Segment_id":66,"Shape_Le_1":0.00079951226385499997,"Road":"Road_1","Length":71.329295130399998,"ID":"Road_1_66"}},{"type":"Feature","id":591,"geometry":{"type":"LineString","coordinates":[[121.69903858935947,36.915725907824424],[121.69983583295743,36.915782937432652]]},"properties":{"FID":591,"Source_id":1,"Shape_Leng":125.63629865,"Region":"ASIA","Segment":"Blasting Solutions","Method":"Road","Product_tr":"Initiating System","Segment_id":67,"Shape_Le_1":0.00079928075837000002,"Road":"Road_1","Length":71.323554366799996,"ID":"Road_1_67"}},{"type":"Feature","id":592,"geometry":{"type":"LineString","coordinates":[[121.69983583295743,36.915782937432652],[121.70063074011659,36.91585864236248]]},"properties":{"FID":592,"Source_id":1,"Shape_Leng":125.63629865,"Region":"ASIA","Segment":"Blasting Solutions","Method":"Road","Product_tr":"Initiating System","Segment_id":68,"Shape_Le_1":0.00079850399378200005,"Road":"Road_1","Length":71.3304354367,"ID":"Road_1_68"}},{"type":"Feature","id":593,"geometry":{"type":"LineString","coordinates":[[121.70063074011659,36.91585864236248],[121.70142383783991,36.915945636481979]]},"properties":{"FID":593,"Source_id":1,"Shape_Leng":125.63629865,"Region":"ASIA","Segment":"Blasting Solutions","Method":"Road","Product_tr":"Initiating System","Segment_id":69,"Shape_Le_1":0.00079785460803200004,"Road":"Road_1","Length":71.328990218900003,"ID":"Road_1_69"}},{"type":"Feature","id":594,"geometry":{"type":"LineString","coordinates":[[121.70142383783991,36.915945636481979],[121.70221365663497,36.916049570231507]]},"properties":{"FID":594,"Source_id":1,"Shape_Leng":125.63629865,"Region":"ASIA","Segment":"Blasting Solutions","Method":"Road","Product_tr":"Initiating System","Segment_id":70,"Shape_Le_1":0.00079662786375700001,"Road":"Road_1","Length":71.319219237900001,"ID":"Road_1_70"}},{"type":"Feature","id":595,"geometry":{"type":"LineString","coordinates":[[121.70221365663497,36.916049570231507],[121.70300161653142,36.916162905493763]]},"properties":{"FID":595,"Source_id":1,"Shape_Leng":125.63629865,"Region":"ASIA","Segment":"Blasting Solutions","Method":"Road","Product_tr":"Initiating System","Segment_id":71,"Shape_Le_1":0.00079606889154999999,"Road":"Road_1","Length":71.332214625099994,"ID":"Road_1_71"}},{"type":"Feature","id":596,"geometry":{"type":"LineString","coordinates":[[121.70300161653142,36.916162905493763],[121.70378591888516,36.91629130799754]]},"properties":{"FID":596,"Source_id":1,"Shape_Leng":125.63629865,"Region":"ASIA","Segment":"Blasting Solutions","Method":"Road","Product_tr":"Initiating System","Segment_id":72,"Shape_Le_1":0.00079474359705000003,"Road":"Road_1","Length":71.326464078300006,"ID":"Road_1_72"}},{"type":"Feature","id":597,"geometry":{"type":"LineString","coordinates":[[121.70378591888516,36.91629130799754],[121.7045642623309,36.916440573873444]]},"properties":{"FID":597,"Source_id":1,"Shape_Leng":125.63629865,"Region":"ASIA","Segment":"Blasting Solutions","Method":"Road","Product_tr":"Initiating System","Segment_id":73,"Shape_Le_1":0.00079252685837400002,"Road":"Road_1","Length":71.308163768,"ID":"Road_1_73"}},{"type":"Feature","id":598,"geometry":{"type":"LineString","coordinates":[[121.7045642623309,36.916440573873444],[121.70533748233902,36.916607030290265]]},"properties":{"FID":598,"Source_id":1,"Shape_Leng":125.63629865,"Region":"ASIA","Segment":"Blasting Solutions","Method":"Road","Product_tr":"Initiating System","Segment_id":74,"Shape_Le_1":0.00079093420690199995,"Road":"Road_1","Length":71.334116418700006,"ID":"Road_1_74"}},{"type":"Feature","id":599,"geometry":{"type":"LineString","coordinates":[[121.70533748233902,36.916607030290265],[121.7061064989158,36.916785368549995]]},"properties":{"FID":599,"Source_id":1,"Shape_Leng":125.63629865,"Region":"ASIA","Segment":"Blasting Solutions","Method":"Road","Product_tr":"Initiating System","Segment_id":75,"Shape_Le_1":0.00078942449306400005,"Road":"Road_1","Length":71.326817184000006,"ID":"Road_1_75"}},{"type":"Feature","id":600,"geometry":{"type":"LineString","coordinates":[[121.7061064989158,36.916785368549995],[121.70687296141807,36.916970934660981]]},"properties":{"FID":600,"Source_id":1,"Shape_Leng":125.63629865,"Region":"ASIA","Segment":"Blasting Solutions","Method":"Road","Product_tr":"Initiating System","Segment_id":76,"Shape_Le_1":0.00078860607969500002,"Road":"Road_1","Length":71.335447684499997,"ID":"Road_1_76"}},{"type":"Feature","id":601,"geometry":{"type":"LineString","coordinates":[[121.70687296141807,36.916970934660981],[121.70763962267051,36.917155821783808]]},"properties":{"FID":601,"Source_id":1,"Shape_Leng":125.63629865,"Region":"ASIA","Segment":"Blasting Solutions","Method":"Road","Product_tr":"Initiating System","Segment_id":77,"Shape_Le_1":0.00078863979368500004,"Road":"Road_1","Length":71.330535017599999,"ID":"Road_1_77"}},{"type":"Feature","id":602,"geometry":{"type":"LineString","coordinates":[[121.70763962267051,36.917155821783808],[121.70839056017633,36.9173786288207]]},"properties":{"FID":602,"Source_id":1,"Shape_Leng":125.63629865,"Region":"ASIA","Segment":"Blasting Solutions","Method":"Road","Product_tr":"Initiating System","Segment_id":78,"Shape_Le_1":0.000783294397609,"Road":"Road_1","Length":71.336841851599999,"ID":"Road_1_78"}},{"type":"Feature","id":603,"geometry":{"type":"LineString","coordinates":[[121.70839056017633,36.9173786288207],[121.70914914371804,36.917583890983849]]},"properties":{"FID":603,"Source_id":1,"Shape_Leng":125.63629865,"Region":"ASIA","Segment":"Blasting Solutions","Method":"Road","Product_tr":"Initiating System","Segment_id":79,"Shape_Le_1":0.000785863566641,"Road":"Road_1","Length":71.330698441400003,"ID":"Road_1_79"}},{"type":"Feature","id":604,"geometry":{"type":"LineString","coordinates":[[121.70914914371804,36.917583890983849],[121.70990574605344,36.917794008586668]]},"properties":{"FID":604,"Source_id":1,"Shape_Leng":125.63629865,"Region":"ASIA","Segment":"Blasting Solutions","Method":"Road","Product_tr":"Initiating System","Segment_id":80,"Shape_Le_1":0.00078523658915499999,"Road":"Road_1","Length":71.337558233999999,"ID":"Road_1_80"}},{"type":"Feature","id":605,"geometry":{"type":"LineString","coordinates":[[121.70990574605344,36.917794008586668],[121.71066160105215,36.918005889760082]]},"properties":{"FID":605,"Source_id":1,"Shape_Leng":125.63629865,"Region":"ASIA","Segment":"Blasting Solutions","Method":"Road","Product_tr":"Initiating System","Segment_id":81,"Shape_Le_1":0.00078499070741599997,"Road":"Road_1","Length":71.338720425399998,"ID":"Road_1_81"}},{"type":"Feature","id":606,"geometry":{"type":"LineString","coordinates":[[121.71066160105215,36.918005889760082],[121.71141741827932,36.91821787975141]]},"properties":{"FID":606,"Source_id":1,"Shape_Leng":125.63629865,"Region":"ASIA","Segment":"Blasting Solutions","Method":"Road","Product_tr":"Initiating System","Segment_id":82,"Shape_Le_1":0.00078498371786599999,"Road":"Road_1","Length":71.339348622399996,"ID":"Road_1_82"}},{"type":"Feature","id":607,"geometry":{"type":"LineString","coordinates":[[121.71141741827932,36.91821787975141],[121.71217465463667,36.918426608800985]]},"properties":{"FID":607,"Source_id":1,"Shape_Leng":125.63629865,"Region":"ASIA","Segment":"Blasting Solutions","Method":"Road","Product_tr":"Initiating System","Segment_id":83,"Shape_Le_1":0.00078547738161000003,"Road":"Road_1","Length":71.340243575700001,"ID":"Road_1_83"}},{"type":"Feature","id":608,"geometry":{"type":"LineString","coordinates":[[121.71217465463667,36.918426608800985],[121.71293200610728,36.918635093235025]]},"properties":{"FID":608,"Source_id":1,"Shape_Leng":125.63629865,"Region":"ASIA","Segment":"Blasting Solutions","Method":"Road","Product_tr":"Initiating System","Segment_id":84,"Shape_Le_1":0.00078552339829800004,"Road":"Road_1","Length":71.340963095700005,"ID":"Road_1_84"}},{"type":"Feature","id":609,"geometry":{"type":"LineString","coordinates":[[121.71293200610728,36.918635093235025],[121.71369111575245,36.918839431794368]]},"properties":{"FID":609,"Source_id":1,"Shape_Leng":125.63629865,"Region":"ASIA","Segment":"Blasting Solutions","Method":"Road","Product_tr":"Initiating System","Segment_id":85,"Shape_Le_1":0.00078613084167299997,"Road":"Road_1","Length":71.341429139100001,"ID":"Road_1_85"}},{"type":"Feature","id":610,"geometry":{"type":"LineString","coordinates":[[121.71369111575245,36.918839431794368],[121.71445044483221,36.919043274827345]]},"properties":{"FID":610,"Source_id":1,"Shape_Leng":125.63629865,"Region":"ASIA","Segment":"Blasting Solutions","Method":"Road","Product_tr":"Initiating System","Segment_id":86,"Shape_Le_1":0.00078621411425700005,"Road":"Road_1","Length":71.342341466700006,"ID":"Road_1_86"}},{"type":"Feature","id":611,"geometry":{"type":"LineString","coordinates":[[121.71445044483221,36.919043274827345],[121.7152114943151,36.91924287395949]]},"properties":{"FID":611,"Source_id":1,"Shape_Leng":125.63629865,"Region":"ASIA","Segment":"Blasting Solutions","Method":"Road","Product_tr":"Initiating System","Segment_id":87,"Shape_Le_1":0.00078678849061199999,"Road":"Road_1","Length":71.339939931800004,"ID":"Road_1_87"}},{"type":"Feature","id":612,"geometry":{"type":"LineString","coordinates":[[121.7152114943151,36.91924287395949],[121.71597888311908,36.919425896787743]]},"properties":{"FID":612,"Source_id":1,"Shape_Leng":125.63629865,"Region":"ASIA","Segment":"Blasting Solutions","Method":"Road","Product_tr":"Initiating System","Segment_id":88,"Shape_Le_1":0.00078891249966899998,"Road":"Road_1","Length":71.3315018821,"ID":"Road_1_88"}},{"type":"Feature","id":613,"geometry":{"type":"LineString","coordinates":[[121.71597888311908,36.919425896787743],[121.71675244397022,36.919591759652064]]},"properties":{"FID":613,"Source_id":1,"Shape_Leng":125.63629865,"Region":"ASIA","Segment":"Blasting Solutions","Method":"Road","Product_tr":"Initiating System","Segment_id":89,"Shape_Le_1":0.00079114276852099998,"Road":"Road_1","Length":71.3438374391,"ID":"Road_1_89"}},{"type":"Feature","id":614,"geometry":{"type":"LineString","coordinates":[[121.71675244397022,36.919591759652064],[121.71752941505054,36.919746376494118]]},"properties":{"FID":614,"Source_id":1,"Shape_Leng":125.63629865,"Region":"ASIA","Segment":"Blasting Solutions","Method":"Road","Product_tr":"Initiating System","Segment_id":90,"Shape_Le_1":0.00079220605115700002,"Road":"Road_1","Length":71.326844209300006,"ID":"Road_1_90"}},{"type":"Feature","id":615,"geometry":{"type":"LineString","coordinates":[[121.71752941505054,36.919746376494118],[121.71831081888922,36.919885831665852]]},"properties":{"FID":615,"Source_id":1,"Shape_Leng":125.63629865,"Region":"ASIA","Segment":"Blasting Solutions","Method":"Road","Product_tr":"Initiating System","Segment_id":91,"Shape_Le_1":0.00079375040411799999,"Road":"Road_1","Length":71.326264145799996,"ID":"Road_1_91"}},{"type":"Feature","id":616,"geometry":{"type":"LineString","coordinates":[[121.71831081888922,36.919885831665852],[121.71909831293681,36.92000207533556]]},"properties":{"FID":616,"Source_id":1,"Shape_Leng":125.63629865,"Region":"ASIA","Segment":"Blasting Solutions","Method":"Road","Product_tr":"Initiating System","Segment_id":92,"Shape_Le_1":0.00079602730212600004,"Road":"Road_1","Length":71.345547789500003,"ID":"Road_1_92"}},{"type":"Feature","id":617,"geometry":{"type":"LineString","coordinates":[[121.71909831293681,36.92000207533556],[121.71988426374787,36.920124884056179]]},"properties":{"FID":617,"Source_id":1,"Shape_Leng":125.63629865,"Region":"ASIA","Segment":"Blasting Solutions","Method":"Road","Product_tr":"Initiating System","Segment_id":93,"Shape_Le_1":0.00079548768643700001,"Road":"Road_1","Length":71.345784198800004,"ID":"Road_1_93"}},{"type":"Feature","id":618,"geometry":{"type":"LineString","coordinates":[[121.71988426374787,36.920124884056179],[121.72067430107825,36.920229267466766]]},"properties":{"FID":618,"Source_id":1,"Shape_Leng":125.63629865,"Region":"ASIA","Segment":"Blasting Solutions","Method":"Road","Product_tr":"Initiating System","Segment_id":94,"Shape_Le_1":0.00079690330642599998,"Road":"Road_1","Length":71.342732417099995,"ID":"Road_1_94"}},{"type":"Feature","id":619,"geometry":{"type":"LineString","coordinates":[[121.72067430107825,36.920229267466766],[121.72146678906108,36.920321225843963]]},"properties":{"FID":619,"Source_id":1,"Shape_Leng":125.63629865,"Region":"ASIA","Segment":"Blasting Solutions","Method":"Road","Product_tr":"Initiating System","Segment_id":95,"Shape_Le_1":0.00079780545628300005,"Road":"Road_1","Length":71.347876765300001,"ID":"Road_1_95"}},{"type":"Feature","id":620,"geometry":{"type":"LineString","coordinates":[[121.72146678906108,36.920321225843963],[121.72225626881186,36.920427889035921]]},"properties":{"FID":620,"Source_id":1,"Shape_Leng":125.63629865,"Region":"ASIA","Segment":"Blasting Solutions","Method":"Road","Product_tr":"Initiating System","Segment_id":96,"Shape_Le_1":0.000796652567565,"Road":"Road_1","Length":71.335075856000003,"ID":"Road_1_96"}},{"type":"Feature","id":621,"geometry":{"type":"LineString","coordinates":[[121.72225626881186,36.920427889035921],[121.72304270165944,36.920548878428065]]},"properties":{"FID":621,"Source_id":1,"Shape_Leng":125.63629865,"Region":"ASIA","Segment":"Blasting Solutions","Method":"Road","Product_tr":"Initiating System","Segment_id":97,"Shape_Le_1":0.00079568527494099995,"Road":"Road_1","Length":71.349293471600006,"ID":"Road_1_97"}},{"type":"Feature","id":622,"geometry":{"type":"LineString","coordinates":[[121.72304270165944,36.920548878428065],[121.72382349036184,36.920691066639449]]},"properties":{"FID":622,"Source_id":1,"Shape_Leng":125.63629865,"Region":"ASIA","Segment":"Blasting Solutions","Method":"Road","Product_tr":"Initiating System","Segment_id":98,"Shape_Le_1":0.00079362994225999997,"Road":"Road_1","Length":71.338520997200007,"ID":"Road_1_98"}},{"type":"Feature","id":623,"geometry":{"type":"LineString","coordinates":[[121.72382349036184,36.920691066639449],[121.72459303304208,36.920868442624567]]},"properties":{"FID":623,"Source_id":1,"Shape_Leng":125.63629865,"Region":"ASIA","Segment":"Blasting Solutions","Method":"Road","Product_tr":"Initiating System","Segment_id":99,"Shape_Le_1":0.00078972031556499996,"Road":"Road_1","Length":71.338808720200007,"ID":"Road_1_99"}},{"type":"Feature","id":624,"geometry":{"type":"LineString","coordinates":[[121.72459303304208,36.920868442624567],[121.72534910477748,36.921079123203015]]},"properties":{"FID":624,"Source_id":1,"Shape_Leng":125.63629865,"Region":"ASIA","Segment":"Blasting Solutions","Method":"Road","Product_tr":"Initiating System","Segment_id":100,"Shape_Le_1":0.00078487628018600005,"Road":"Road_1","Length":71.310609960700006,"ID":"Road_1_100"}},{"type":"Feature","id":625,"geometry":{"type":"LineString","coordinates":[[121.72534910477748,36.921079123203015],[121.72608298214402,36.921335615246505]]},"properties":{"FID":625,"Source_id":1,"Shape_Leng":125.63629865,"Region":"ASIA","Segment":"Blasting Solutions","Method":"Road","Product_tr":"Initiating System","Segment_id":101,"Shape_Le_1":0.00077740861681399999,"Road":"Road_1","Length":71.317669290500007,"ID":"Road_1_101"}},{"type":"Feature","id":626,"geometry":{"type":"LineString","coordinates":[[121.72608298214402,36.921335615246505],[121.72680538326188,36.921612691872269]]},"properties":{"FID":626,"Source_id":1,"Shape_Leng":125.63629865,"Region":"ASIA","Segment":"Blasting Solutions","Method":"Road","Product_tr":"Initiating System","Segment_id":102,"Shape_Le_1":0.000773714955021,"Road":"Road_1","Length":71.335542770999993,"ID":"Road_1_102"}},{"type":"Feature","id":627,"geometry":{"type":"LineString","coordinates":[[121.72680538326188,36.921612691872269],[121.72750394874834,36.921926227013842]]},"properties":{"FID":627,"Source_id":1,"Shape_Leng":125.63629865,"Region":"ASIA","Segment":"Blasting Solutions","Method":"Road","Product_tr":"Initiating System","Segment_id":103,"Shape_Le_1":0.00076570100161399998,"Road":"Road_1","Length":71.309315860300003,"ID":"Road_1_103"}},{"type":"Feature","id":628,"geometry":{"type":"LineString","coordinates":[[121.72750394874834,36.921926227013842],[121.72818499723985,36.922263748872979]]},"properties":{"FID":628,"Source_id":1,"Shape_Leng":125.63629865,"Region":"ASIA","Segment":"Blasting Solutions","Method":"Road","Product_tr":"Initiating System","Segment_id":104,"Shape_Le_1":0.00076009739717400001,"Road":"Road_1","Length":71.312352810600004,"ID":"Road_1_104"}},{"type":"Feature","id":629,"geometry":{"type":"LineString","coordinates":[[121.72818499723985,36.922263748872979],[121.72883502721481,36.922639182552302]]},"properties":{"FID":629,"Source_id":1,"Shape_Leng":125.63629865,"Region":"ASIA","Segment":"Blasting Solutions","Method":"Road","Product_tr":"Initiating System","Segment_id":105,"Shape_Le_1":0.00075065932081100004,"Road":"Road_1","Length":71.3478213689,"ID":"Road_1_105"}},{"type":"Feature","id":630,"geometry":{"type":"LineString","coordinates":[[121.72883502721481,36.922639182552302],[121.72945219506278,36.923048642081199]]},"properties":{"FID":630,"Source_id":1,"Shape_Leng":125.63629865,"Region":"ASIA","Segment":"Blasting Solutions","Method":"Road","Product_tr":"Initiating System","Segment_id":106,"Shape_Le_1":0.00074064381342399995,"Road":"Road_1","Length":71.335708684099998,"ID":"Road_1_106"}},{"type":"Feature","id":631,"geometry":{"type":"LineString","coordinates":[[121.72945219506278,36.923048642081199],[121.73004385633897,36.923481737592169]]},"properties":{"FID":631,"Source_id":1,"Shape_Leng":125.63629865,"Region":"ASIA","Segment":"Blasting Solutions","Method":"Road","Product_tr":"Initiating System","Segment_id":107,"Shape_Le_1":0.000733235833389,"Road":"Road_1","Length":71.338835281499996,"ID":"Road_1_107"}},{"type":"Feature","id":632,"geometry":{"type":"LineString","coordinates":[[121.73004385633897,36.923481737592169],[121.7306098419707,36.923935906916597]]},"properties":{"FID":632,"Source_id":1,"Shape_Leng":125.63629865,"Region":"ASIA","Segment":"Blasting Solutions","Method":"Road","Product_tr":"Initiating System","Segment_id":108,"Shape_Le_1":0.00072567865518099995,"Road":"Road_1","Length":71.298716056100005,"ID":"Road_1_108"}},{"type":"Feature","id":633,"geometry":{"type":"LineString","coordinates":[[121.7306098419707,36.923935906916597],[121.73113890863374,36.924418484025864]]},"properties":{"FID":633,"Source_id":1,"Shape_Leng":125.63629865,"Region":"ASIA","Segment":"Blasting Solutions","Method":"Road","Product_tr":"Initiating System","Segment_id":109,"Shape_Le_1":0.000716095105641,"Road":"Road_1","Length":71.346036207400005,"ID":"Road_1_109"}},{"type":"Feature","id":634,"geometry":{"type":"LineString","coordinates":[[121.73113890863374,36.924418484025864],[121.73164945016208,36.924913773951573]]},"properties":{"FID":634,"Source_id":1,"Shape_Leng":125.63629865,"Region":"ASIA","Segment":"Blasting Solutions","Method":"Road","Product_tr":"Initiating System","Segment_id":110,"Shape_Le_1":0.00071131200093299996,"Road":"Road_1","Length":71.347323952099998,"ID":"Road_1_110"}},{"type":"Feature","id":635,"geometry":{"type":"LineString","coordinates":[[121.73164945016208,36.924913773951573],[121.73213133479328,36.925427362382948]]},"properties":{"FID":635,"Source_id":1,"Shape_Leng":125.63629865,"Region":"ASIA","Segment":"Blasting Solutions","Method":"Road","Product_tr":"Initiating System","Segment_id":111,"Shape_Le_1":0.000704262646054,"Road":"Road_1","Length":71.358261306299994,"ID":"Road_1_111"}},{"type":"Feature","id":636,"geometry":{"type":"LineString","coordinates":[[121.73213133479328,36.925427362382948],[121.7326106464642,36.925942524627885]]},"properties":{"FID":636,"Source_id":1,"Shape_Leng":125.63629865,"Region":"ASIA","Segment":"Blasting Solutions","Method":"Road","Product_tr":"Initiating System","Segment_id":112,"Shape_Le_1":0.00070365603563399997,"Road":"Road_1","Length":71.360243350700003,"ID":"Road_1_112"}},{"type":"Feature","id":637,"geometry":{"type":"LineString","coordinates":[[121.7326106464642,36.925942524627885],[121.73308538148524,36.926460423509809]]},"properties":{"FID":637,"Source_id":1,"Shape_Leng":125.63629865,"Region":"ASIA","Segment":"Blasting Solutions","Method":"Road","Product_tr":"Initiating System","Segment_id":113,"Shape_Le_1":0.00070256145076699999,"Road":"Road_1","Length":71.361169998199998,"ID":"Road_1_113"}},{"type":"Feature","id":638,"geometry":{"type":"LineString","coordinates":[[121.73308538148524,36.926460423509809],[121.73356012729812,36.926978325989012]]},"properties":{"FID":638,"Source_id":1,"Shape_Leng":125.63629865,"Region":"ASIA","Segment":"Blasting Solutions","Method":"Road","Product_tr":"Initiating System","Segment_id":114,"Shape_Le_1":0.00070257139481499995,"Road":"Road_1","Length":71.361895908999998,"ID":"Road_1_114"}},{"type":"Feature","id":639,"geometry":{"type":"LineString","coordinates":[[121.73356012729812,36.926978325989012],[121.73403298903133,36.927497339130923]]},"properties":{"FID":639,"Source_id":1,"Shape_Leng":125.63629865,"Region":"ASIA","Segment":"Blasting Solutions","Method":"Road","Product_tr":"Initiating System","Segment_id":115,"Shape_Le_1":0.00070212026050800003,"Road":"Road_1","Length":71.361807424899993,"ID":"Road_1_115"}},{"type":"Feature","id":640,"geometry":{"type":"LineString","coordinates":[[121.73403298903133,36.927497339130923],[121.73450055285832,36.928019456732613]]},"properties":{"FID":640,"Source_id":1,"Shape_Leng":125.63629865,"Region":"ASIA","Segment":"Blasting Solutions","Method":"Road","Product_tr":"Initiating System","Segment_id":116,"Shape_Le_1":0.00070087282890800003,"Road":"Road_1","Length":71.363440147600002,"ID":"Road_1_116"}},{"type":"Feature","id":641,"geometry":{"type":"LineString","coordinates":[[121.73450055285832,36.928019456732613],[121.73496812837652,36.928541578830846]]},"properties":{"FID":641,"Source_id":1,"Shape_Leng":125.63629865,"Region":"ASIA","Segment":"Blasting Solutions","Method":"Road","Product_tr":"Initiating System","Segment_id":117,"Shape_Le_1":0.00070088397804699996,"Road":"Road_1","Length":71.3642916676,"ID":"Road_1_117"}},{"type":"Feature","id":642,"geometry":{"type":"LineString","coordinates":[[121.73496812837652,36.928541578830846],[121.73543578303497,36.929063665855551]]},"properties":{"FID":642,"Source_id":1,"Shape_Leng":125.63629865,"Region":"ASIA","Segment":"Blasting Solutions","Method":"Road","Product_tr":"Initiating System","Segment_id":118,"Shape_Le_1":0.00070091065117899995,"Road":"Road_1","Length":71.365086061599996,"ID":"Road_1_118"}},{"type":"Feature","id":643,"geometry":{"type":"LineString","coordinates":[[121.73543578303497,36.929063665855551],[121.7359093372462,36.929582314772063]]},"properties":{"FID":643,"Source_id":1,"Shape_Leng":125.63629865,"Region":"ASIA","Segment":"Blasting Solutions","Method":"Road","Product_tr":"Initiating System","Segment_id":119,"Shape_Le_1":0.00070231779812800004,"Road":"Road_1","Length":71.364982584700002,"ID":"Road_1_119"}},{"type":"Feature","id":644,"geometry":{"type":"LineString","coordinates":[[121.7359093372462,36.929582314772063],[121.7364032494105,36.930088359690103]]},"properties":{"FID":644,"Source_id":1,"Shape_Leng":125.63629865,"Region":"ASIA","Segment":"Blasting Solutions","Method":"Road","Product_tr":"Initiating System","Segment_id":120,"Shape_Le_1":0.00070712847850999997,"Road":"Road_1","Length":71.345731514099995,"ID":"Road_1_120"}},{"type":"Feature","id":645,"geometry":{"type":"LineString","coordinates":[[121.7364032494105,36.930088359690103],[121.73691342311599,36.930584127155782]]},"properties":{"FID":645,"Source_id":1,"Shape_Leng":125.63629865,"Region":"ASIA","Segment":"Blasting Solutions","Method":"Road","Product_tr":"Initiating System","Segment_id":121,"Shape_Le_1":0.00071138076288500003,"Road":"Road_1","Length":71.365177315400004,"ID":"Road_1_121"}},{"type":"Feature","id":646,"geometry":{"type":"LineString","coordinates":[[121.73691342311599,36.930584127155782],[121.73742985970034,36.931075735257025]]},"properties":{"FID":646,"Source_id":1,"Shape_Leng":125.63629865,"Region":"ASIA","Segment":"Blasting Solutions","Method":"Road","Product_tr":"Initiating System","Segment_id":122,"Shape_Le_1":0.00071301141004900001,"Road":"Road_1","Length":71.368181744699996,"ID":"Road_1_122"}},{"type":"Feature","id":647,"geometry":{"type":"LineString","coordinates":[[121.73742985970034,36.931075735257025],[121.73794091114416,36.931570911868164]]},"properties":{"FID":647,"Source_id":1,"Shape_Leng":125.63629865,"Region":"ASIA","Segment":"Blasting Solutions","Method":"Road","Product_tr":"Initiating System","Segment_id":123,"Shape_Le_1":0.00071159922319600003,"Road":"Road_1","Length":71.364137446000001,"ID":"Road_1_123"}},{"type":"Feature","id":648,"geometry":{"type":"LineString","coordinates":[[121.73794091114416,36.931570911868164],[121.73847043646151,36.932053409837067]]},"properties":{"FID":648,"Source_id":1,"Shape_Leng":125.63629865,"Region":"ASIA","Segment":"Blasting Solutions","Method":"Road","Product_tr":"Initiating System","Segment_id":124,"Shape_Le_1":0.00071638073097200002,"Road":"Road_1","Length":71.363395546899994,"ID":"Road_1_124"}},{"type":"Feature","id":649,"geometry":{"type":"LineString","coordinates":[[121.73847043646151,36.932053409837067],[121.73901694187839,36.932523413524791]]},"properties":{"FID":649,"Source_id":1,"Shape_Leng":125.63629865,"Region":"ASIA","Segment":"Blasting Solutions","Method":"Road","Product_tr":"Initiating System","Segment_id":125,"Shape_Le_1":0.00072081317770400001,"Road":"Road_1","Length":71.352360992300007,"ID":"Road_1_125"}},{"type":"Feature","id":650,"geometry":{"type":"LineString","coordinates":[[121.73901694187839,36.932523413524791],[121.73957591729481,36.932984110128643]]},"properties":{"FID":650,"Source_id":1,"Shape_Leng":125.63629865,"Region":"ASIA","Segment":"Blasting Solutions","Method":"Road","Product_tr":"Initiating System","Segment_id":126,"Shape_Le_1":0.000724358251812,"Road":"Road_1","Length":71.371319871500006,"ID":"Road_1_126"}},{"type":"Feature","id":651,"geometry":{"type":"LineString","coordinates":[[121.73957591729481,36.932984110128643],[121.74013958537364,36.933441055660239]]},"properties":{"FID":651,"Source_id":1,"Shape_Leng":125.63629865,"Region":"ASIA","Segment":"Blasting Solutions","Method":"Road","Product_tr":"Initiating System","Segment_id":127,"Shape_Le_1":0.00072561761412799999,"Road":"Road_1","Length":71.367055615300004,"ID":"Road_1_127"}},{"type":"Feature","id":652,"geometry":{"type":"LineString","coordinates":[[121.74013958537364,36.933441055660239],[121.74072043589945,36.933883909714723]]},"properties":{"FID":652,"Source_id":1,"Shape_Leng":125.63629865,"Region":"ASIA","Segment":"Blasting Solutions","Method":"Road","Product_tr":"Initiating System","Segment_id":128,"Shape_Le_1":0.000730415667208,"Road":"Road_1","Length":71.366326514299999,"ID":"Road_1_128"}},{"type":"Feature","id":653,"geometry":{"type":"LineString","coordinates":[[121.74072043589945,36.933883909714723],[121.74130502041044,36.934323684490494]]},"properties":{"FID":653,"Source_id":1,"Shape_Leng":125.63629865,"Region":"ASIA","Segment":"Blasting Solutions","Method":"Road","Product_tr":"Initiating System","Segment_id":129,"Shape_Le_1":0.00073153325549300005,"Road":"Road_1","Length":71.373580558300006,"ID":"Road_1_129"}},{"type":"Feature","id":654,"geometry":{"type":"LineString","coordinates":[[121.74130502041044,36.934323684490494],[121.7418946132459,36.934759140721837]]},"properties":{"FID":654,"Source_id":1,"Shape_Leng":125.63629865,"Region":"ASIA","Segment":"Blasting Solutions","Method":"Road","Product_tr":"Initiating System","Segment_id":130,"Shape_Le_1":0.00073296783084300004,"Road":"Road_1","Length":71.374224606200002,"ID":"Road_1_130"}},{"type":"Feature","id":655,"geometry":{"type":"LineString","coordinates":[[121.7418946132459,36.934759140721837],[121.74251365528107,36.935167203603612]]},"properties":{"FID":655,"Source_id":1,"Shape_Leng":125.63629865,"Region":"ASIA","Segment":"Blasting Solutions","Method":"Road","Product_tr":"Initiating System","Segment_id":131,"Shape_Le_1":0.00074143668427400003,"Road":"Road_1","Length":71.359376895500006,"ID":"Road_1_131"}},{"type":"Feature","id":656,"geometry":{"type":"LineString","coordinates":[[121.74251365528107,36.935167203603612],[121.7431365455152,36.935571440769422]]},"properties":{"FID":656,"Source_id":1,"Shape_Leng":125.63629865,"Region":"ASIA","Segment":"Blasting Solutions","Method":"Road","Product_tr":"Initiating System","Segment_id":132,"Shape_Le_1":0.00074256308148999998,"Road":"Road_1","Length":71.356750924899998,"ID":"Road_1_132"}},{"type":"Feature","id":657,"geometry":{"type":"LineString","coordinates":[[121.7431365455152,36.935571440769422],[121.74376523008141,36.935970145305987]]},"properties":{"FID":657,"Source_id":1,"Shape_Leng":125.63629865,"Region":"ASIA","Segment":"Blasting Solutions","Method":"Road","Product_tr":"Initiating System","Segment_id":133,"Shape_Le_1":0.00074445254467099997,"Road":"Road_1","Length":71.376450334099999,"ID":"Road_1_133"}},{"type":"Feature","id":658,"geometry":{"type":"LineString","coordinates":[[121.74376523008141,36.935970145305987],[121.74439843194216,36.936364230924596]]},"properties":{"FID":658,"Source_id":1,"Shape_Leng":125.63629865,"Region":"ASIA","Segment":"Blasting Solutions","Method":"Road","Product_tr":"Initiating System","Segment_id":134,"Shape_Le_1":0.00074582040147300004,"Road":"Road_1","Length":71.377213745700004,"ID":"Road_1_134"}},{"type":"Feature","id":659,"geometry":{"type":"LineString","coordinates":[[121.74439843194216,36.936364230924596],[121.7450330016718,36.936756911802092]]},"properties":{"FID":659,"Source_id":1,"Shape_Leng":125.63629865,"Region":"ASIA","Segment":"Blasting Solutions","Method":"Road","Product_tr":"Initiating System","Segment_id":135,"Shape_Le_1":0.00074624192680900002,"Road":"Road_1","Length":71.378045256799993,"ID":"Road_1_135"}},{"type":"Feature","id":660,"geometry":{"type":"LineString","coordinates":[[121.7450330016718,36.936756911802092],[121.74566933047527,36.937147756263983]]},"properties":{"FID":660,"Source_id":1,"Shape_Leng":125.63629865,"Region":"ASIA","Segment":"Blasting Solutions","Method":"Road","Product_tr":"Initiating System","Segment_id":136,"Shape_Le_1":0.00074677556167200001,"Road":"Road_1","Length":71.377966400199995,"ID":"Road_1_136"}},{"type":"Feature","id":661,"geometry":{"type":"LineString","coordinates":[[121.74566933047527,36.937147756263983],[121.7462970635587,36.937547486927031]]},"properties":{"FID":661,"Source_id":1,"Shape_Leng":125.63629865,"Region":"ASIA","Segment":"Blasting Solutions","Method":"Road","Product_tr":"Initiating System","Segment_id":137,"Shape_Le_1":0.00074419985690500005,"Road":"Road_1","Length":71.379776264499995,"ID":"Road_1_137"}},{"type":"Feature","id":662,"geometry":{"type":"LineString","coordinates":[[121.7462970635587,36.937547486927031],[121.74692120924647,36.937950834663354]]},"properties":{"FID":662,"Source_id":1,"Shape_Leng":125.63629865,"Region":"ASIA","Segment":"Blasting Solutions","Method":"Road","Product_tr":"Initiating System","Segment_id":138,"Shape_Le_1":0.000743133390418,"Road":"Road_1","Length":71.380489553700002,"ID":"Road_1_138"}},{"type":"Feature","id":663,"geometry":{"type":"LineString","coordinates":[[121.74692120924647,36.937950834663354],[121.74753352435278,36.938365682929998]]},"properties":{"FID":663,"Source_id":1,"Shape_Leng":125.63629865,"Region":"ASIA","Segment":"Blasting Solutions","Method":"Road","Product_tr":"Initiating System","Segment_id":139,"Shape_Le_1":0.00073961400321499997,"Road":"Road_1","Length":71.378864644900005,"ID":"Road_1_139"}},{"type":"Feature","id":664,"geometry":{"type":"LineString","coordinates":[[121.74753352435278,36.938365682929998],[121.74814995295799,36.938776636232831]]},"properties":{"FID":664,"Source_id":1,"Shape_Leng":125.63629865,"Region":"ASIA","Segment":"Blasting Solutions","Method":"Road","Product_tr":"Initiating System","Segment_id":140,"Shape_Le_1":0.00074085548012599995,"Road":"Road_1","Length":71.382128715799993,"ID":"Road_1_140"}},{"type":"Feature","id":665,"geometry":{"type":"LineString","coordinates":[[121.74814995295799,36.938776636232831],[121.74875106790751,36.939201898648776]]},"properties":{"FID":665,"Source_id":1,"Shape_Leng":125.63629865,"Region":"ASIA","Segment":"Blasting Solutions","Method":"Road","Product_tr":"Initiating System","Segment_id":141,"Shape_Le_1":0.00073633369130399998,"Road":"Road_1","Length":71.377714359199999,"ID":"Road_1_141"}},{"type":"Feature","id":666,"geometry":{"type":"LineString","coordinates":[[121.74875106790751,36.939201898648776],[121.74935236272142,36.939627076528438]]},"properties":{"FID":666,"Source_id":1,"Shape_Leng":125.63629865,"Region":"ASIA","Segment":"Blasting Solutions","Method":"Road","Product_tr":"Initiating System","Segment_id":142,"Shape_Le_1":0.00073643172297200004,"Road":"Road_1","Length":71.3833131114,"ID":"Road_1_142"}},{"type":"Feature","id":667,"geometry":{"type":"LineString","coordinates":[[121.74935236272142,36.939627076528438],[121.74994529114235,36.940059743062761]]},"properties":{"FID":667,"Source_id":1,"Shape_Leng":125.63629865,"Region":"ASIA","Segment":"Blasting Solutions","Method":"Road","Product_tr":"Initiating System","Segment_id":143,"Shape_Le_1":0.00073400575084099997,"Road":"Road_1","Length":71.381906297399993,"ID":"Road_1_143"}},{"type":"Feature","id":668,"geometry":{"type":"LineString","coordinates":[[121.74994529114235,36.940059743062761],[121.75052656884611,36.940502439735837]]},"properties":{"FID":668,"Source_id":1,"Shape_Leng":125.63629865,"Region":"ASIA","Segment":"Blasting Solutions","Method":"Road","Product_tr":"Initiating System","Segment_id":144,"Shape_Le_1":0.00073066005313000002,"Road":"Road_1","Length":71.378693391599995,"ID":"Road_1_144"}},{"type":"Feature","id":669,"geometry":{"type":"LineString","coordinates":[[121.75052656884611,36.940502439735837],[121.75110535902513,36.940947329855419]]},"properties":{"FID":669,"Source_id":1,"Shape_Leng":125.63629865,"Region":"ASIA","Segment":"Blasting Solutions","Method":"Road","Product_tr":"Initiating System","Segment_id":145,"Shape_Le_1":0.00073001732159700002,"Road":"Road_1","Length":71.386030403899994,"ID":"Road_1_145"}},{"type":"Feature","id":670,"geometry":{"type":"LineString","coordinates":[[121.75110535902513,36.940947329855419],[121.75167343917792,36.941400995559547]]},"properties":{"FID":670,"Source_id":1,"Shape_Leng":125.63629865,"Region":"ASIA","Segment":"Blasting Solutions","Method":"Road","Product_tr":"Initiating System","Segment_id":146,"Shape_Le_1":0.00072699905852399997,"Road":"Road_1","Length":71.383329341099994,"ID":"Road_1_146"}},{"type":"Feature","id":671,"geometry":{"type":"LineString","coordinates":[[121.75167343917792,36.941400995559547],[121.7522363230479,36.941858549932192]]},"properties":{"FID":671,"Source_id":1,"Shape_Leng":125.63629865,"Region":"ASIA","Segment":"Blasting Solutions","Method":"Road","Product_tr":"Initiating System","Segment_id":147,"Shape_Le_1":0.000725392483421,"Road":"Road_1","Length":71.362148352299997,"ID":"Road_1_147"}},{"type":"Feature","id":672,"geometry":{"type":"LineString","coordinates":[[121.7522363230479,36.941858549932192],[121.75279366619475,36.942320503788267]]},"properties":{"FID":672,"Source_id":1,"Shape_Leng":125.63629865,"Region":"ASIA","Segment":"Blasting Solutions","Method":"Road","Product_tr":"Initiating System","Segment_id":148,"Shape_Le_1":0.000723901062636,"Road":"Road_1","Length":71.365931564600004,"ID":"Road_1_148"}},{"type":"Feature","id":673,"geometry":{"type":"LineString","coordinates":[[121.75279366619475,36.942320503788267],[121.75336786083813,36.942769266388609]]},"properties":{"FID":673,"Source_id":1,"Shape_Leng":125.63629865,"Region":"ASIA","Segment":"Blasting Solutions","Method":"Road","Product_tr":"Initiating System","Segment_id":149,"Shape_Le_1":0.00072875740816100002,"Road":"Road_1","Length":71.389192824999995,"ID":"Road_1_149"}},{"type":"Feature","id":674,"geometry":{"type":"LineString","coordinates":[[121.75336786083813,36.942769266388609],[121.75392722925824,36.943229912630443]]},"properties":{"FID":674,"Source_id":1,"Shape_Leng":125.63629865,"Region":"ASIA","Segment":"Blasting Solutions","Method":"Road","Product_tr":"Initiating System","Segment_id":150,"Shape_Le_1":0.00072462955331299998,"Road":"Road_1","Length":71.387158965400005,"ID":"Road_1_150"}},{"type":"Feature","id":675,"geometry":{"type":"LineString","coordinates":[[121.75392722925824,36.943229912630443],[121.75447917017766,36.943696341512975]]},"properties":{"FID":675,"Source_id":1,"Shape_Leng":125.63629865,"Region":"ASIA","Segment":"Blasting Solutions","Method":"Road","Product_tr":"Initiating System","Segment_id":151,"Shape_Le_1":0.00072263039030499995,"Road":"Road_1","Length":71.390652142500002,"ID":"Road_1_151"}},{"type":"Feature","id":676,"geometry":{"type":"LineString","coordinates":[[121.75447917017766,36.943696341512975],[121.75504035612755,36.944155577617892]]},"properties":{"FID":676,"Source_id":1,"Shape_Leng":125.63629865,"Region":"ASIA","Segment":"Blasting Solutions","Method":"Road","Product_tr":"Initiating System","Segment_id":152,"Shape_Le_1":0.00072513962132400003,"Road":"Road_1","Length":71.388036499899997,"ID":"Road_1_152"}},{"type":"Feature","id":677,"geometry":{"type":"LineString","coordinates":[[121.75504035612755,36.944155577617892],[121.75559866784431,36.944617008068519]]},"properties":{"FID":677,"Source_id":1,"Shape_Leng":125.63629865,"Region":"ASIA","Segment":"Blasting Solutions","Method":"Road","Product_tr":"Initiating System","Segment_id":153,"Shape_Le_1":0.00072431349140899995,"Road":"Road_1","Length":71.383275636099995,"ID":"Road_1_153"}},{"type":"Feature","id":678,"geometry":{"type":"LineString","coordinates":[[121.75559866784431,36.944617008068519],[121.75614974541452,36.945084132127022]]},"properties":{"FID":678,"Source_id":1,"Shape_Leng":125.63629865,"Region":"ASIA","Segment":"Blasting Solutions","Method":"Road","Product_tr":"Initiating System","Segment_id":154,"Shape_Le_1":0.000722420496953,"Road":"Road_1","Length":71.393106112599995,"ID":"Road_1_154"}},{"type":"Feature","id":679,"geometry":{"type":"LineString","coordinates":[[121.75614974541452,36.945084132127022],[121.75670469726401,36.945548292020135]]},"properties":{"FID":679,"Source_id":1,"Shape_Leng":125.63629865,"Region":"ASIA","Segment":"Blasting Solutions","Method":"Road","Product_tr":"Initiating System","Segment_id":155,"Shape_Le_1":0.00072347492121799999,"Road":"Road_1","Length":71.392917597500002,"ID":"Road_1_155"}},{"type":"Feature","id":680,"geometry":{"type":"LineString","coordinates":[[121.75670469726401,36.945548292020135],[121.757266972293,36.946006762801915]]},"properties":{"FID":680,"Source_id":1,"Shape_Leng":125.63629865,"Region":"ASIA","Segment":"Blasting Solutions","Method":"Road","Product_tr":"Initiating System","Segment_id":156,"Shape_Le_1":0.00072549890831299999,"Road":"Road_1","Length":71.394610964699993,"ID":"Road_1_156"}},{"type":"Feature","id":681,"geometry":{"type":"LineString","coordinates":[[121.757266972293,36.946006762801915],[121.75781875942823,36.946473367951626]]},"properties":{"FID":681,"Source_id":1,"Shape_Leng":125.63629865,"Region":"ASIA","Segment":"Blasting Solutions","Method":"Road","Product_tr":"Initiating System","Segment_id":157,"Shape_Le_1":0.00072262674206699995,"Road":"Road_1","Length":71.394194777300001,"ID":"Road_1_157"}},{"type":"Feature","id":682,"geometry":{"type":"LineString","coordinates":[[121.75781875942823,36.946473367951626],[121.75837272382216,36.946938309355517]]},"properties":{"FID":682,"Source_id":1,"Shape_Leng":125.63629865,"Region":"ASIA","Segment":"Blasting Solutions","Method":"Road","Product_tr":"Initiating System","Segment_id":158,"Shape_Le_1":0.00072321992422399995,"Road":"Road_1","Length":71.394087941099997,"ID":"Road_1_158"}},{"type":"Feature","id":683,"geometry":{"type":"LineString","coordinates":[[121.75837272382216,36.946938309355517],[121.75892704704563,36.947403005244553]]},"properties":{"FID":683,"Source_id":1,"Shape_Leng":125.63629865,"Region":"ASIA","Segment":"Blasting Solutions","Method":"Road","Product_tr":"Initiating System","Segment_id":159,"Shape_Le_1":0.00072333706206999997,"Road":"Road_1","Length":71.396294898400001,"ID":"Road_1_159"}},{"type":"Feature","id":684,"geometry":{"type":"LineString","coordinates":[[121.75892704704563,36.947403005244553],[121.75948455476851,36.947865218105392]]},"properties":{"FID":684,"Source_id":1,"Shape_Leng":125.63629865,"Region":"ASIA","Segment":"Blasting Solutions","Method":"Road","Product_tr":"Initiating System","Segment_id":160,"Shape_Le_1":0.00072419306112999997,"Road":"Road_1","Length":71.394310412600007,"ID":"Road_1_160"}},{"type":"Feature","id":685,"geometry":{"type":"LineString","coordinates":[[121.75948455476851,36.947865218105392],[121.76004038975225,36.948328640554394]]},"properties":{"FID":685,"Source_id":1,"Shape_Leng":125.63629865,"Region":"ASIA","Segment":"Blasting Solutions","Method":"Road","Product_tr":"Initiating System","Segment_id":161,"Shape_Le_1":0.00072368010570400001,"Road":"Road_1","Length":71.387197290100005,"ID":"Road_1_161"}},{"type":"Feature","id":686,"geometry":{"type":"LineString","coordinates":[[121.76004038975225,36.948328640554394],[121.76058734483013,36.948798960803458]]},"properties":{"FID":686,"Source_id":1,"Shape_Leng":125.63629865,"Region":"ASIA","Segment":"Blasting Solutions","Method":"Road","Product_tr":"Initiating System","Segment_id":162,"Shape_Le_1":0.00072136051589900005,"Road":"Road_1","Length":71.398411942300001,"ID":"Road_1_162"}},{"type":"Feature","id":687,"geometry":{"type":"LineString","coordinates":[[121.76058734483013,36.948798960803458],[121.76113869489495,36.949265984137924]]},"properties":{"FID":687,"Source_id":1,"Shape_Leng":125.63629865,"Region":"ASIA","Segment":"Blasting Solutions","Method":"Road","Product_tr":"Initiating System","Segment_id":163,"Shape_Le_1":0.00072256327675699998,"Road":"Road_1","Length":71.399863432700002,"ID":"Road_1_163"}},{"type":"Feature","id":688,"geometry":{"type":"LineString","coordinates":[[121.76113869489495,36.949265984137924],[121.76169300822585,36.949730759167267]]},"properties":{"FID":688,"Source_id":1,"Shape_Leng":125.63629865,"Region":"ASIA","Segment":"Blasting Solutions","Method":"Road","Product_tr":"Initiating System","Segment_id":164,"Shape_Le_1":0.00072338032645900005,"Road":"Road_1","Length":71.401005552200004,"ID":"Road_1_164"}},{"type":"Feature","id":689,"geometry":{"type":"LineString","coordinates":[[121.76169300822585,36.949730759167267],[121.76224733414722,36.950195535095929]]},"properties":{"FID":689,"Source_id":1,"Shape_Leng":125.63629865,"Region":"ASIA","Segment":"Blasting Solutions","Method":"Road","Product_tr":"Initiating System","Segment_id":165,"Shape_Le_1":0.00072339055216899995,"Road":"Road_1","Length":71.401648613999996,"ID":"Road_1_165"}},{"type":"Feature","id":690,"geometry":{"type":"LineString","coordinates":[[121.76224733414722,36.950195535095929],[121.76280886273889,36.950654701952999]]},"properties":{"FID":690,"Source_id":1,"Shape_Leng":125.63629865,"Region":"ASIA","Segment":"Blasting Solutions","Method":"Road","Product_tr":"Initiating System","Segment_id":166,"Shape_Le_1":0.00072536098730200001,"Road":"Road_1","Length":71.400991345500003,"ID":"Road_1_166"}},{"type":"Feature","id":691,"geometry":{"type":"LineString","coordinates":[[121.76280886273889,36.950654701952999],[121.76337927393445,36.951106710206545]]},"properties":{"FID":691,"Source_id":1,"Shape_Leng":125.63629865,"Region":"ASIA","Segment":"Blasting Solutions","Method":"Road","Product_tr":"Initiating System","Segment_id":167,"Shape_Le_1":0.00072779144903399996,"Road":"Road_1","Length":71.396812250500005,"ID":"Road_1_167"}},{"type":"Feature","id":692,"geometry":{"type":"LineString","coordinates":[[121.76337927393445,36.951106710206545],[121.76394324508476,36.951563989386671]]},"properties":{"FID":692,"Source_id":1,"Shape_Leng":125.63629865,"Region":"ASIA","Segment":"Blasting Solutions","Method":"Road","Product_tr":"Initiating System","Segment_id":168,"Shape_Le_1":0.00072606315631799998,"Road":"Road_1","Length":71.404104135300003,"ID":"Road_1_168"}},{"type":"Feature","id":693,"geometry":{"type":"LineString","coordinates":[[121.76394324508476,36.951563989386671],[121.76450722792629,36.952021270365378]]},"properties":{"FID":693,"Source_id":1,"Shape_Leng":125.63629865,"Region":"ASIA","Segment":"Blasting Solutions","Method":"Road","Product_tr":"Initiating System","Segment_id":169,"Shape_Le_1":0.00072607337027699996,"Road":"Road_1","Length":71.404770085899997,"ID":"Road_1_169"}},{"type":"Feature","id":694,"geometry":{"type":"LineString","coordinates":[[121.76450722792629,36.952021270365378],[121.76506942561355,36.952479925508214]]},"properties":{"FID":694,"Source_id":1,"Shape_Leng":125.63629865,"Region":"ASIA","Segment":"Blasting Solutions","Method":"Road","Product_tr":"Initiating System","Segment_id":170,"Shape_Le_1":0.000725555497263,"Road":"Road_1","Length":71.401429568899999,"ID":"Road_1_170"}},{"type":"Feature","id":695,"geometry":{"type":"LineString","coordinates":[[121.76506942561355,36.952479925508214],[121.76565190211363,36.952922047514505]]},"properties":{"FID":695,"Source_id":1,"Shape_Leng":125.63629865,"Region":"ASIA","Segment":"Blasting Solutions","Method":"Road","Product_tr":"Initiating System","Segment_id":171,"Shape_Le_1":0.00073126653252999997,"Road":"Road_1","Length":71.406319959100003,"ID":"Road_1_171"}},{"type":"Feature","id":696,"geometry":{"type":"LineString","coordinates":[[121.76565190211363,36.952922047514505],[121.76623817105485,36.95336093016283]]},"properties":{"FID":696,"Source_id":1,"Shape_Leng":125.63629865,"Region":"ASIA","Segment":"Blasting Solutions","Method":"Road","Product_tr":"Initiating System","Segment_id":172,"Shape_Le_1":0.00073234503510299996,"Road":"Road_1","Length":71.406198352100006,"ID":"Road_1_172"}},{"type":"Feature","id":697,"geometry":{"type":"LineString","coordinates":[[121.76623817105485,36.95336093016283],[121.76682655430216,36.953798012368452]]},"properties":{"FID":697,"Source_id":1,"Shape_Leng":125.63629865,"Region":"ASIA","Segment":"Blasting Solutions","Method":"Road","Product_tr":"Initiating System","Segment_id":173,"Shape_Le_1":0.00073296364178599999,"Road":"Road_1","Length":71.407927713099994,"ID":"Road_1_173"}},{"type":"Feature","id":698,"geometry":{"type":"LineString","coordinates":[[121.76682655430216,36.953798012368452],[121.76742664762173,36.954224693015249]]},"properties":{"FID":698,"Source_id":1,"Shape_Leng":125.63629865,"Region":"ASIA","Segment":"Blasting Solutions","Method":"Road","Product_tr":"Initiating System","Segment_id":174,"Shape_Le_1":0.000736320831263,"Road":"Road_1","Length":71.405948056300005,"ID":"Road_1_174"}},{"type":"Feature","id":699,"geometry":{"type":"LineString","coordinates":[[121.76742664762173,36.954224693015249],[121.76802846943838,36.95464985380778]]},"properties":{"FID":699,"Source_id":1,"Shape_Leng":125.63629865,"Region":"ASIA","Segment":"Blasting Solutions","Method":"Road","Product_tr":"Initiating System","Segment_id":175,"Shape_Le_1":0.00073685222296999997,"Road":"Road_1","Length":71.409472722800004,"ID":"Road_1_175"}},{"type":"Feature","id":700,"geometry":{"type":"LineString","coordinates":[[121.76802846943838,36.95464985380778],[121.76863305846894,36.955072477612816]]},"properties":{"FID":700,"Source_id":1,"Shape_Leng":125.63629865,"Region":"ASIA","Segment":"Blasting Solutions","Method":"Road","Product_tr":"Initiating System","Segment_id":176,"Shape_Le_1":0.00073765762820899997,"Road":"Road_1","Length":71.409199323400003,"ID":"Road_1_176"}},{"type":"Feature","id":701,"geometry":{"type":"LineString","coordinates":[[121.76863305846894,36.955072477612816],[121.7692476146857,36.955485700804502]]},"properties":{"FID":701,"Source_id":1,"Shape_Leng":125.63629865,"Region":"ASIA","Segment":"Blasting Solutions","Method":"Road","Product_tr":"Initiating System","Segment_id":177,"Shape_Le_1":0.00074056245496600004,"Road":"Road_1","Length":71.406305708000005,"ID":"Road_1_177"}},{"type":"Feature","id":702,"geometry":{"type":"LineString","coordinates":[[121.7692476146857,36.955485700804502],[121.76987443315863,36.955886952221135]]},"properties":{"FID":702,"Source_id":1,"Shape_Leng":125.63629865,"Region":"ASIA","Segment":"Blasting Solutions","Method":"Road","Product_tr":"Initiating System","Segment_id":178,"Shape_Le_1":0.00074424733615000005,"Road":"Road_1","Length":71.410686033499999,"ID":"Road_1_178"}},{"type":"Feature","id":703,"geometry":{"type":"LineString","coordinates":[[121.76987443315863,36.955886952221135],[121.77050236858952,36.956287109162815]]},"properties":{"FID":703,"Source_id":1,"Shape_Leng":125.63629865,"Region":"ASIA","Segment":"Blasting Solutions","Method":"Road","Product_tr":"Initiating System","Segment_id":179,"Shape_Le_1":0.00074459954561799998,"Road":"Road_1","Length":71.412661433500006,"ID":"Road_1_179"}},{"type":"Feature","id":704,"geometry":{"type":"LineString","coordinates":[[121.77050236858952,36.956287109162815],[121.77113031751026,36.956687265205176]]},"properties":{"FID":704,"Source_id":1,"Shape_Leng":125.63629865,"Region":"ASIA","Segment":"Blasting Solutions","Method":"Road","Product_tr":"Initiating System","Segment_id":180,"Shape_Le_1":0.00074461043861399998,"Road":"Road_1","Length":71.413312979799997,"ID":"Road_1_180"}},{"type":"Feature","id":705,"geometry":{"type":"LineString","coordinates":[[121.77113031751026,36.956687265205176],[121.77176618945816,36.957079211336577]]},"properties":{"FID":705,"Source_id":1,"Shape_Leng":125.63629865,"Region":"ASIA","Segment":"Blasting Solutions","Method":"Road","Product_tr":"Initiating System","Segment_id":181,"Shape_Le_1":0.00074696379032400005,"Road":"Road_1","Length":71.408428458900005,"ID":"Road_1_181"}},{"type":"Feature","id":706,"geometry":{"type":"LineString","coordinates":[[121.77176618945816,36.957079211336577],[121.7724069573153,36.957466087989644]]},"properties":{"FID":706,"Source_id":1,"Shape_Leng":125.63629865,"Region":"ASIA","Segment":"Blasting Solutions","Method":"Road","Product_tr":"Initiating System","Segment_id":182,"Shape_Le_1":0.00074850316727800002,"Road":"Road_1","Length":71.414862439800004,"ID":"Road_1_182"}},{"type":"Feature","id":707,"geometry":{"type":"LineString","coordinates":[[121.7724069573153,36.957466087989644],[121.77304650838971,36.95785421200236]]},"properties":{"FID":707,"Source_id":1,"Shape_Leng":125.63629865,"Region":"ASIA","Segment":"Blasting Solutions","Method":"Road","Product_tr":"Initiating System","Segment_id":183,"Shape_Le_1":0.00074810816465999998,"Road":"Road_1","Length":71.411475310499995,"ID":"Road_1_183"}},{"type":"Feature","id":708,"geometry":{"type":"LineString","coordinates":[[121.77304650838971,36.95785421200236],[121.77367852854127,36.958250277928016]]},"properties":{"FID":708,"Source_id":1,"Shape_Leng":125.63629865,"Region":"ASIA","Segment":"Blasting Solutions","Method":"Road","Product_tr":"Initiating System","Segment_id":184,"Shape_Le_1":0.000745867072232,"Road":"Road_1","Length":71.416475849400001,"ID":"Road_1_184"}},{"type":"Feature","id":709,"geometry":{"type":"LineString","coordinates":[[121.77367852854127,36.958250277928016],[121.77431881616053,36.95863770316754]]},"properties":{"FID":709,"Source_id":1,"Shape_Leng":125.63629865,"Region":"ASIA","Segment":"Blasting Solutions","Method":"Road","Product_tr":"Initiating System","Segment_id":185,"Shape_Le_1":0.000748375942692,"Road":"Road_1","Length":71.416631849799998,"ID":"Road_1_185"}},{"type":"Feature","id":710,"geometry":{"type":"LineString","coordinates":[[121.77431881616053,36.95863770316754],[121.77496041409188,36.95902372366595]]},"properties":{"FID":710,"Source_id":1,"Shape_Leng":125.63629865,"Region":"ASIA","Segment":"Blasting Solutions","Method":"Road","Product_tr":"Initiating System","Segment_id":186,"Shape_Le_1":0.000748772148724,"Road":"Road_1","Length":71.415993205700005,"ID":"Road_1_186"}},{"type":"Feature","id":711,"geometry":{"type":"LineString","coordinates":[[121.77496041409188,36.95902372366595],[121.77559868722972,36.959413320768192]]},"properties":{"FID":711,"Source_id":1,"Shape_Leng":125.63629865,"Region":"ASIA","Segment":"Blasting Solutions","Method":"Road","Product_tr":"Initiating System","Segment_id":187,"Shape_Le_1":0.00074778238850700001,"Road":"Road_1","Length":71.418661720900005,"ID":"Road_1_187"}},{"type":"Feature","id":712,"geometry":{"type":"LineString","coordinates":[[121.77559868722972,36.959413320768192],[121.77623118132396,36.959808892066746]]},"properties":{"FID":712,"Source_id":1,"Shape_Leng":125.63629865,"Region":"ASIA","Segment":"Blasting Solutions","Method":"Road","Product_tr":"Initiating System","Segment_id":188,"Shape_Le_1":0.000746006321353,"Road":"Road_1","Length":71.415094978400006,"ID":"Road_1_188"}},{"type":"Feature","id":713,"geometry":{"type":"LineString","coordinates":[[121.77623118132396,36.959808892066746],[121.77685216679413,36.960216062821075]]},"properties":{"FID":713,"Source_id":1,"Shape_Leng":125.63629865,"Region":"ASIA","Segment":"Blasting Solutions","Method":"Road","Product_tr":"Initiating System","Segment_id":189,"Shape_Le_1":0.00074257052010900004,"Road":"Road_1","Length":71.416691123199996,"ID":"Road_1_189"}},{"type":"Feature","id":714,"geometry":{"type":"LineString","coordinates":[[121.77685216679413,36.960216062821075],[121.77746840024656,36.960627912748009]]},"properties":{"FID":714,"Source_id":1,"Shape_Leng":125.63629865,"Region":"ASIA","Segment":"Blasting Solutions","Method":"Road","Product_tr":"Initiating System","Segment_id":190,"Shape_Le_1":0.00074119095394700003,"Road":"Road_1","Length":71.420442290799997,"ID":"Road_1_190"}},{"type":"Feature","id":715,"geometry":{"type":"LineString","coordinates":[[121.77746840024656,36.960627912748009],[121.7780812387582,36.961042987643793]]},"properties":{"FID":715,"Source_id":1,"Shape_Leng":125.63629865,"Region":"ASIA","Segment":"Blasting Solutions","Method":"Road","Product_tr":"Initiating System","Segment_id":191,"Shape_Le_1":0.000740174445967,"Road":"Road_1","Length":71.4184668491,"ID":"Road_1_191"}},{"type":"Feature","id":716,"geometry":{"type":"LineString","coordinates":[[121.7780812387582,36.961042987643793],[121.77867212571812,36.961478135407674]]},"properties":{"FID":716,"Source_id":1,"Shape_Leng":125.63629865,"Region":"ASIA","Segment":"Blasting Solutions","Method":"Road","Product_tr":"Initiating System","Segment_id":192,"Shape_Le_1":0.00073382625723300001,"Road":"Road_1","Length":71.422569263,"ID":"Road_1_192"}},{"type":"Feature","id":717,"geometry":{"type":"LineString","coordinates":[[121.77867212571812,36.961478135407674],[121.77926186514298,36.961914298506144]]},"properties":{"FID":717,"Source_id":1,"Shape_Leng":125.63629865,"Region":"ASIA","Segment":"Blasting Solutions","Method":"Road","Product_tr":"Initiating System","Segment_id":193,"Shape_Le_1":0.00073350585390300003,"Road":"Road_1","Length":71.423404223800006,"ID":"Road_1_193"}},{"type":"Feature","id":718,"geometry":{"type":"LineString","coordinates":[[121.77926186514298,36.961914298506144],[121.77984416447669,36.962356735275137]]},"properties":{"FID":718,"Source_id":1,"Shape_Leng":125.63629865,"Region":"ASIA","Segment":"Blasting Solutions","Method":"Road","Product_tr":"Initiating System","Segment_id":194,"Shape_Le_1":0.00073131580632700003,"Road":"Road_1","Length":71.414275062800002,"ID":"Road_1_194"}},{"type":"Feature","id":719,"geometry":{"type":"LineString","coordinates":[[121.77984416447669,36.962356735275137],[121.78041330762812,36.962810201329773]]},"properties":{"FID":719,"Source_id":1,"Shape_Leng":125.63629865,"Region":"ASIA","Segment":"Blasting Solutions","Method":"Road","Product_tr":"Initiating System","Segment_id":195,"Shape_Le_1":0.00072770556514100001,"Road":"Road_1","Length":71.424938243499994,"ID":"Road_1_195"}},{"type":"Feature","id":720,"geometry":{"type":"LineString","coordinates":[[121.78041330762812,36.962810201329773],[121.78098176010019,36.963264234856581]]},"properties":{"FID":720,"Source_id":1,"Shape_Leng":125.63629865,"Region":"ASIA","Segment":"Blasting Solutions","Method":"Road","Product_tr":"Initiating System","Segment_id":196,"Shape_Le_1":0.00072751952308099999,"Road":"Road_1","Length":71.425505581699994,"ID":"Road_1_196"}},{"type":"Feature","id":721,"geometry":{"type":"LineString","coordinates":[[121.78098176010019,36.963264234856581],[121.78154659549909,36.963721181287553]]},"properties":{"FID":721,"Source_id":1,"Shape_Leng":125.63629865,"Region":"ASIA","Segment":"Blasting Solutions","Method":"Road","Product_tr":"Initiating System","Segment_id":197,"Shape_Le_1":0.00072652533929299995,"Road":"Road_1","Length":71.426499945200007,"ID":"Road_1_197"}},{"type":"Feature","id":722,"geometry":{"type":"LineString","coordinates":[[121.78154659549909,36.963721181287553],[121.78209965157771,36.964186994134536]]},"properties":{"FID":722,"Source_id":1,"Shape_Leng":125.63629865,"Region":"ASIA","Segment":"Blasting Solutions","Method":"Road","Product_tr":"Initiating System","Segment_id":198,"Shape_Le_1":0.00072308549598799996,"Road":"Road_1","Length":71.400619342699997,"ID":"Road_1_198"}},{"type":"Feature","id":723,"geometry":{"type":"LineString","coordinates":[[121.78209965157771,36.964186994134536],[121.78264968413566,36.964655445592371]]},"properties":{"FID":723,"Source_id":1,"Shape_Leng":125.63629865,"Region":"ASIA","Segment":"Blasting Solutions","Method":"Road","Product_tr":"Initiating System","Segment_id":199,"Shape_Le_1":0.00072248362137499996,"Road":"Road_1","Length":71.427796431000004,"ID":"Road_1_199"}},{"type":"Feature","id":724,"geometry":{"type":"LineString","coordinates":[[121.78264968413566,36.964655445592371],[121.78319785869428,36.965125312583154]]},"properties":{"FID":724,"Source_id":1,"Shape_Leng":125.63629865,"Region":"ASIA","Segment":"Blasting Solutions","Method":"Road","Product_tr":"Initiating System","Segment_id":200,"Shape_Le_1":0.00072199053715599996,"Road":"Road_1","Length":71.428829315900003,"ID":"Road_1_200"}},{"type":"Feature","id":725,"geometry":{"type":"LineString","coordinates":[[121.78319785869428,36.965125312583154],[121.78374622300987,36.965595046474277]]},"properties":{"FID":725,"Source_id":1,"Shape_Leng":125.63629865,"Region":"ASIA","Segment":"Blasting Solutions","Method":"Road","Product_tr":"Initiating System","Segment_id":201,"Shape_Le_1":0.00072204802546900005,"Road":"Road_1","Length":71.429396385700002,"ID":"Road_1_201"}},{"type":"Feature","id":726,"geometry":{"type":"LineString","coordinates":[[121.78374622300987,36.965595046474277],[121.78431045676223,36.966052534297091]]},"properties":{"FID":726,"Source_id":1,"Shape_Leng":125.63629865,"Region":"ASIA","Segment":"Blasting Solutions","Method":"Road","Product_tr":"Initiating System","Segment_id":202,"Shape_Le_1":0.00072639853752699997,"Road":"Road_1","Length":71.430405788300007,"ID":"Road_1_202"}},{"type":"Feature","id":727,"geometry":{"type":"LineString","coordinates":[[121.78431045676223,36.966052534297091],[121.78487526877871,36.96650951490227]]},"properties":{"FID":727,"Source_id":1,"Shape_Leng":125.63629865,"Region":"ASIA","Segment":"Blasting Solutions","Method":"Road","Product_tr":"Initiating System","Segment_id":203,"Shape_Le_1":0.00072652865564099998,"Road":"Road_1","Length":71.426451498500001,"ID":"Road_1_203"}},{"type":"Feature","id":728,"geometry":{"type":"LineString","coordinates":[[121.78487526877871,36.96650951490227],[121.78546271763037,36.966947546791914]]},"properties":{"FID":728,"Source_id":1,"Shape_Leng":125.63629865,"Region":"ASIA","Segment":"Blasting Solutions","Method":"Road","Product_tr":"Initiating System","Segment_id":204,"Shape_Le_1":0.00073278106529999995,"Road":"Road_1","Length":71.412052470600003,"ID":"Road_1_204"}},{"type":"Feature","id":729,"geometry":{"type":"LineString","coordinates":[[121.78546271763037,36.966947546791914],[121.78608457184555,36.967354148275376]]},"properties":{"FID":729,"Source_id":1,"Shape_Leng":125.63629865,"Region":"ASIA","Segment":"Blasting Solutions","Method":"Road","Product_tr":"Initiating System","Segment_id":205,"Shape_Le_1":0.00074298548525100002,"Road":"Road_1","Length":71.432725252300003,"ID":"Road_1_205"}},{"type":"Feature","id":730,"geometry":{"type":"LineString","coordinates":[[121.78608457184555,36.967354148275376],[121.78670680557468,36.967760380137463]]},"properties":{"FID":730,"Source_id":1,"Shape_Leng":125.63629865,"Region":"ASIA","Segment":"Blasting Solutions","Method":"Road","Product_tr":"Initiating System","Segment_id":206,"Shape_Le_1":0.00074310102909600005,"Road":"Road_1","Length":71.432805949799999,"ID":"Road_1_206"}},{"type":"Feature","id":731,"geometry":{"type":"LineString","coordinates":[[121.78670680557468,36.967760380137463],[121.787348593263,36.968146217174251]]},"properties":{"FID":731,"Source_id":1,"Shape_Leng":125.63629865,"Region":"ASIA","Segment":"Blasting Solutions","Method":"Road","Product_tr":"Initiating System","Segment_id":207,"Shape_Le_1":0.000748840207148,"Road":"Road_1","Length":71.411888881099998,"ID":"Road_1_207"}},{"type":"Feature","id":732,"geometry":{"type":"LineString","coordinates":[[121.787348593263,36.968146217174251],[121.78801232980527,36.968507533296076]]},"properties":{"FID":732,"Source_id":1,"Shape_Leng":125.63629865,"Region":"ASIA","Segment":"Blasting Solutions","Method":"Road","Product_tr":"Initiating System","Segment_id":208,"Shape_Le_1":0.00075570863262800002,"Road":"Road_1","Length":71.422756704199998,"ID":"Road_1_208"}},{"type":"Feature","id":733,"geometry":{"type":"LineString","coordinates":[[121.78801232980527,36.968507533296076],[121.78868843922021,36.96885396833602]]},"properties":{"FID":733,"Source_id":1,"Shape_Leng":125.63629865,"Region":"ASIA","Segment":"Blasting Solutions","Method":"Road","Product_tr":"Initiating System","Segment_id":209,"Shape_Le_1":0.00075969808336699999,"Road":"Road_1","Length":71.434726169599998,"ID":"Road_1_209"}},{"type":"Feature","id":734,"geometry":{"type":"LineString","coordinates":[[121.78868843922021,36.96885396833602],[121.78941570656968,36.969122366504052]]},"properties":{"FID":734,"Source_id":1,"Shape_Leng":125.63629865,"Region":"ASIA","Segment":"Blasting Solutions","Method":"Road","Product_tr":"Initiating System","Segment_id":210,"Shape_Le_1":0.00077521311535300001,"Road":"Road_1","Length":71.283015339599999,"ID":"Road_1_210"}},{"type":"Feature","id":735,"geometry":{"type":"LineString","coordinates":[[121.78941570656968,36.969122366504052],[121.79013745388045,36.969402710366865]]},"properties":{"FID":735,"Source_id":1,"Shape_Leng":125.63629865,"Region":"ASIA","Segment":"Blasting Solutions","Method":"Road","Product_tr":"Initiating System","Segment_id":211,"Shape_Le_1":0.00077428151341099995,"Road":"Road_1","Length":71.404101095100003,"ID":"Road_1_211"}},{"type":"Feature","id":736,"geometry":{"type":"LineString","coordinates":[[121.79013745388045,36.969402710366865],[121.79089284033239,36.969613243456479]]},"properties":{"FID":736,"Source_id":1,"Shape_Leng":125.63629865,"Region":"ASIA","Segment":"Blasting Solutions","Method":"Road","Product_tr":"Initiating System","Segment_id":212,"Shape_Le_1":0.00078417655767100002,"Road":"Road_1","Length":71.207300669299997,"ID":"Road_1_212"}},{"type":"Feature","id":737,"geometry":{"type":"LineString","coordinates":[[121.79089284033239,36.969613243456479],[121.79169138794725,36.969636695976817]]},"properties":{"FID":737,"Source_id":1,"Shape_Leng":125.63629865,"Region":"ASIA","Segment":"Blasting Solutions","Method":"Road","Product_tr":"Initiating System","Segment_id":213,"Shape_Le_1":0.00079889192880800005,"Road":"Road_1","Length":71.155938191399997,"ID":"Road_1_213"}},{"type":"Feature","id":738,"geometry":{"type":"LineString","coordinates":[[121.79169138794725,36.969636695976817],[121.79246766565029,36.969484111602526]]},"properties":{"FID":738,"Source_id":1,"Shape_Leng":125.63629865,"Region":"ASIA","Segment":"Blasting Solutions","Method":"Road","Product_tr":"Initiating System","Segment_id":214,"Shape_Le_1":0.00079113150835600002,"Road":"Road_1","Length":71.169147005799999,"ID":"Road_1_214"}},{"type":"Feature","id":739,"geometry":{"type":"LineString","coordinates":[[121.79246766565029,36.969484111602526],[121.79316087927123,36.969162930424943]]},"properties":{"FID":739,"Source_id":1,"Shape_Leng":125.63629865,"Region":"ASIA","Segment":"Blasting Solutions","Method":"Road","Product_tr":"Initiating System","Segment_id":215,"Shape_Le_1":0.00076400423629899999,"Road":"Road_1","Length":71.280653348599998,"ID":"Road_1_215"}},{"type":"Feature","id":740,"geometry":{"type":"LineString","coordinates":[[121.79316087927123,36.969162930424943],[121.79390859000944,36.968953306549906]]},"properties":{"FID":740,"Source_id":1,"Shape_Leng":125.63629865,"Region":"ASIA","Segment":"Blasting Solutions","Method":"Road","Product_tr":"Initiating System","Segment_id":216,"Shape_Le_1":0.00077653944975100003,"Road":"Road_1","Length":70.529020000900005,"ID":"Road_1_216"}},{"type":"Feature","id":741,"geometry":{"type":"LineString","coordinates":[[121.79390859000944,36.968953306549906],[121.7947080792145,36.968987224480884]]},"properties":{"FID":741,"Source_id":1,"Shape_Leng":125.63629865,"Region":"ASIA","Segment":"Blasting Solutions","Method":"Road","Product_tr":"Initiating System","Segment_id":217,"Shape_Le_1":0.00080020835727700004,"Road":"Road_1","Length":71.292216920100003,"ID":"Road_1_217"}},{"type":"Feature","id":742,"geometry":{"type":"LineString","coordinates":[[121.7947080792145,36.968987224480884],[121.79550278852298,36.969067053701622]]},"properties":{"FID":742,"Source_id":1,"Shape_Leng":125.63629865,"Region":"ASIA","Segment":"Blasting Solutions","Method":"Road","Product_tr":"Initiating System","Segment_id":218,"Shape_Le_1":0.00079870870125899995,"Road":"Road_1","Length":71.319465142300004,"ID":"Road_1_218"}},{"type":"Feature","id":743,"geometry":{"type":"LineString","coordinates":[[121.79550278852298,36.969067053701622],[121.79574747876325,36.969464497388685]]},"properties":{"FID":743,"Source_id":1,"Shape_Leng":125.63629865,"Region":"ASIA","Segment":"Blasting Solutions","Method":"Road","Product_tr":"Initiating System","Segment_id":219,"Shape_Le_1":0.00046672775583600002,"Road":"Road_1","Length":49.195548850500003,"ID":"Road_1_219"}},{"type":"Feature","id":744,"geometry":{"type":"LineString","coordinates":[[121.79574747876325,36.969464497388685],[121.79563659685152,36.970102070853955]]},"properties":{"FID":744,"Source_id":1,"Shape_Leng":125.63629865,"Region":"ASIA","Segment":"Blasting Solutions","Method":"Road","Product_tr":"Initiating System","Segment_id":220,"Shape_Le_1":0.00064714350955800005,"Road":"Road_1","Length":71.441631894799997,"ID":"Road_1_220"}},{"type":"Feature","id":745,"geometry":{"type":"LineString","coordinates":[[121.79563659685152,36.970102070853955],[121.79552859816636,36.970739967175803]]},"properties":{"FID":745,"Source_id":1,"Shape_Leng":125.63629865,"Region":"ASIA","Segment":"Blasting Solutions","Method":"Road","Product_tr":"Initiating System","Segment_id":221,"Shape_Le_1":0.00064697405931400003,"Road":"Road_1","Length":71.442101374700002,"ID":"Road_1_221"}},{"type":"Feature","id":746,"geometry":{"type":"LineString","coordinates":[[121.79552859816636,36.970739967175803],[121.79541824325736,36.971377608090165]]},"properties":{"FID":746,"Source_id":1,"Shape_Leng":125.63629865,"Region":"ASIA","Segment":"Blasting Solutions","Method":"Road","Product_tr":"Initiating System","Segment_id":222,"Shape_Le_1":0.00064711988194500003,"Road":"Road_1","Length":71.442567962699997,"ID":"Road_1_222"}},{"type":"Feature","id":747,"geometry":{"type":"LineString","coordinates":[[121.79541824325736,36.971377608090165],[121.79531421058243,36.972014965718131]]},"properties":{"FID":747,"Source_id":1,"Shape_Leng":125.63629865,"Region":"ASIA","Segment":"Blasting Solutions","Method":"Road","Product_tr":"Initiating System","Segment_id":223,"Shape_Le_1":0.00064579218280999995,"Road":"Road_1","Length":71.336138346599995,"ID":"Road_1_223"}},{"type":"Feature","id":748,"geometry":{"type":"LineString","coordinates":[[121.79531421058243,36.972014965718131],[121.79524370013667,36.9726533054058]]},"properties":{"FID":748,"Source_id":1,"Shape_Leng":125.63629865,"Region":"ASIA","Segment":"Blasting Solutions","Method":"Road","Product_tr":"Initiating System","Segment_id":224,"Shape_Le_1":0.00064222214210900004,"Road":"Road_1","Length":71.118785818500001,"ID":"Road_1_224"}},{"type":"Feature","id":749,"geometry":{"type":"LineString","coordinates":[[121.79524370013667,36.9726533054058],[121.79513216801524,36.973289177353706]]},"properties":{"FID":749,"Source_id":1,"Shape_Leng":125.63629865,"Region":"ASIA","Segment":"Blasting Solutions","Method":"Road","Product_tr":"Initiating System","Segment_id":225,"Shape_Le_1":0.00064557923467499999,"Road":"Road_1","Length":71.262645352199996,"ID":"Road_1_225"}},{"type":"Feature","id":750,"geometry":{"type":"LineString","coordinates":[[121.79513216801524,36.973289177353706],[121.79497932013953,36.973894886040227]]},"properties":{"FID":750,"Source_id":1,"Shape_Leng":125.63629865,"Region":"ASIA","Segment":"Blasting Solutions","Method":"Road","Product_tr":"Initiating System","Segment_id":226,"Shape_Le_1":0.00062469631504999997,"Road":"Road_1","Length":68.583782288799995,"ID":"Road_1_226"}},{"type":"Feature","id":751,"geometry":{"type":"LineString","coordinates":[[121.79497932013953,36.973894886040227],[121.79500267823107,36.973316624662573]]},"properties":{"FID":751,"Source_id":1,"Shape_Leng":125.63629865,"Region":"ASIA","Segment":"Blasting Solutions","Method":"Road","Product_tr":"Initiating System","Segment_id":227,"Shape_Le_1":0.00057873294473999998,"Road":"Road_1","Length":64.207493390799996,"ID":"Road_1_227"}},{"type":"Feature","id":752,"geometry":{"type":"LineString","coordinates":[[121.79500267823107,36.973316624662573],[121.79513495231629,36.972682076516662]]},"properties":{"FID":752,"Source_id":1,"Shape_Leng":125.63629865,"Region":"ASIA","Segment":"Blasting Solutions","Method":"Road","Product_tr":"Initiating System","Segment_id":228,"Shape_Le_1":0.00064818807694899997,"Road":"Road_1","Length":71.398510864599999,"ID":"Road_1_228"}},{"type":"Feature","id":753,"geometry":{"type":"LineString","coordinates":[[121.79513495231629,36.972682076516662],[121.79530689909416,36.972060925571327]]},"properties":{"FID":753,"Source_id":1,"Shape_Leng":125.63629865,"Region":"ASIA","Segment":"Blasting Solutions","Method":"Road","Product_tr":"Initiating System","Segment_id":229,"Shape_Le_1":0.00064451081551100003,"Road":"Road_1","Length":70.613415984699998,"ID":"Road_1_229"}},{"type":"Feature","id":754,"geometry":{"type":"LineString","coordinates":[[121.79530689909416,36.972060925571327],[121.7954102626735,36.971423495997612]]},"properties":{"FID":754,"Source_id":1,"Shape_Leng":125.63629865,"Region":"ASIA","Segment":"Blasting Solutions","Method":"Road","Product_tr":"Initiating System","Segment_id":230,"Shape_Le_1":0.00064575575179799997,"Road":"Road_1","Length":71.336343380399995,"ID":"Road_1_230"}},{"type":"Feature","id":755,"geometry":{"type":"LineString","coordinates":[[121.7954102626735,36.971423495997612],[121.79552083791634,36.970785878465563]]},"properties":{"FID":755,"Source_id":1,"Shape_Leng":125.63629865,"Region":"ASIA","Segment":"Blasting Solutions","Method":"Road","Product_tr":"Initiating System","Segment_id":231,"Shape_Le_1":0.00064713445396400002,"Road":"Road_1","Length":71.442698796499997,"ID":"Road_1_231"}},{"type":"Feature","id":756,"geometry":{"type":"LineString","coordinates":[[121.79552083791634,36.970785878465563],[121.79562865493858,36.970147962358624]]},"properties":{"FID":756,"Source_id":1,"Shape_Leng":125.63629865,"Region":"ASIA","Segment":"Blasting Solutions","Method":"Road","Product_tr":"Initiating System","Segment_id":232,"Shape_Le_1":0.00064696326771799997,"Road":"Road_1","Length":71.442101203799993,"ID":"Road_1_232"}},{"type":"Feature","id":757,"geometry":{"type":"LineString","coordinates":[[121.79562865493858,36.970147962358624],[121.79573949817939,36.969510384396756]]},"properties":{"FID":757,"Source_id":1,"Shape_Leng":125.63629865,"Region":"ASIA","Segment":"Blasting Solutions","Method":"Road","Product_tr":"Initiating System","Segment_id":233,"Shape_Le_1":0.00064714131493200002,"Road":"Road_1","Length":71.441650016899999,"ID":"Road_1_233"}},{"type":"Feature","id":758,"geometry":{"type":"LineString","coordinates":[[121.79573949817939,36.969510384396756],[121.79523969275772,36.969093141235533]]},"properties":{"FID":758,"Source_id":1,"Shape_Leng":125.63629865,"Region":"ASIA","Segment":"Blasting Solutions","Method":"Road","Product_tr":"Initiating System","Segment_id":234,"Shape_Le_1":0.00065107397054200002,"Road":"Road_1","Length":64.225529936699999,"ID":"Road_1_234"}},{"type":"Feature","id":759,"geometry":{"type":"LineString","coordinates":[[121.79523969275772,36.969093141235533],[121.79444192485505,36.969026226279368]]},"properties":{"FID":759,"Source_id":1,"Shape_Leng":125.63629865,"Region":"ASIA","Segment":"Blasting Solutions","Method":"Road","Product_tr":"Initiating System","Segment_id":235,"Shape_Le_1":0.00080056932109999999,"Road":"Road_1","Length":71.426497772100007,"ID":"Road_1_235"}},{"type":"Feature","id":760,"geometry":{"type":"LineString","coordinates":[[121.79444192485505,36.969026226279368],[121.79364958256224,36.969068801983667]]},"properties":{"FID":760,"Source_id":1,"Shape_Leng":125.63629865,"Region":"ASIA","Segment":"Blasting Solutions","Method":"Road","Product_tr":"Initiating System","Segment_id":236,"Shape_Le_1":0.00079348534931299999,"Road":"Road_1","Length":70.714319326899997,"ID":"Road_1_236"}},{"type":"Feature","id":761,"geometry":{"type":"LineString","coordinates":[[121.79364958256224,36.969068801983667],[121.79293659914481,36.969356228906918]]},"properties":{"FID":761,"Source_id":1,"Shape_Leng":125.63629865,"Region":"ASIA","Segment":"Blasting Solutions","Method":"Road","Product_tr":"Initiating System","Segment_id":237,"Shape_Le_1":0.00076873896072599999,"Road":"Road_1","Length":71.051927602700005,"ID":"Road_1_237"}},{"type":"Feature","id":762,"geometry":{"type":"LineString","coordinates":[[121.79293659914481,36.969356228906918],[121.79235052715512,36.96978804378324]]},"properties":{"FID":762,"Source_id":1,"Shape_Leng":125.63629865,"Region":"ASIA","Segment":"Blasting Solutions","Method":"Road","Product_tr":"Initiating System","Segment_id":238,"Shape_Le_1":0.00072797284599700001,"Road":"Road_1","Length":70.852418652699996,"ID":"Road_1_238"}},{"type":"Feature","id":763,"geometry":{"type":"LineString","coordinates":[[121.79235052715512,36.96978804378324],[121.7918199397385,36.970270820541998]]},"properties":{"FID":763,"Source_id":1,"Shape_Leng":125.63629865,"Region":"ASIA","Segment":"Blasting Solutions","Method":"Road","Product_tr":"Initiating System","Segment_id":239,"Shape_Le_1":0.00071735375197499996,"Road":"Road_1","Length":71.433821522299993,"ID":"Road_1_239"}},{"type":"Feature","id":764,"geometry":{"type":"LineString","coordinates":[[121.7918199397385,36.970270820541998],[121.79128465696147,36.970750099837289]]},"properties":{"FID":764,"Source_id":1,"Shape_Leng":125.63629865,"Region":"ASIA","Segment":"Blasting Solutions","Method":"Road","Product_tr":"Initiating System","Segment_id":240,"Shape_Le_1":0.00071849585544199999,"Road":"Road_1","Length":71.421327313399999,"ID":"Road_1_240"}},{"type":"Feature","id":765,"geometry":{"type":"LineString","coordinates":[[121.79128465696147,36.970750099837289],[121.79071327809538,36.971195573616853]]},"properties":{"FID":765,"Source_id":1,"Shape_Leng":125.63629865,"Region":"ASIA","Segment":"Blasting Solutions","Method":"Road","Product_tr":"Initiating System","Segment_id":241,"Shape_Le_1":0.00072451411089599995,"Road":"Road_1","Length":70.941517394300007,"ID":"Road_1_241"}},{"type":"Feature","id":766,"geometry":{"type":"LineString","coordinates":[[121.79071327809538,36.971195573616853],[121.78994889932233,36.971208708215386]]},"properties":{"FID":766,"Source_id":1,"Shape_Leng":125.63629865,"Region":"ASIA","Segment":"Blasting Solutions","Method":"Road","Product_tr":"Initiating System","Segment_id":242,"Shape_Le_1":0.00076449161301899999,"Road":"Road_1","Length":68.079889445700005,"ID":"Road_1_242"}},{"type":"Feature","id":767,"geometry":{"type":"LineString","coordinates":[[121.78994889932233,36.971208708215386],[121.78960678552482,36.970664103965305]]},"properties":{"FID":767,"Source_id":1,"Shape_Leng":125.63629865,"Region":"ASIA","Segment":"Blasting Solutions","Method":"Road","Product_tr":"Initiating System","Segment_id":243,"Shape_Le_1":0.000643145115543,"Road":"Road_1","Length":67.682063519899998,"ID":"Road_1_243"}},{"type":"Feature","id":768,"geometry":{"type":"LineString","coordinates":[[121.78960678552482,36.970664103965305],[121.78957074609309,36.970021342311156]]},"properties":{"FID":768,"Source_id":1,"Shape_Leng":125.63629865,"Region":"ASIA","Segment":"Blasting Solutions","Method":"Road","Product_tr":"Initiating System","Segment_id":244,"Shape_Le_1":0.00064377122076399998,"Road":"Road_1","Length":71.403968632599998,"ID":"Road_1_244"}},{"type":"Feature","id":769,"geometry":{"type":"LineString","coordinates":[[121.78957074609309,36.970021342311156],[121.7892685612951,36.969438560940887]]},"properties":{"FID":769,"Source_id":1,"Shape_Leng":125.63629865,"Region":"ASIA","Segment":"Blasting Solutions","Method":"Road","Product_tr":"Initiating System","Segment_id":245,"Shape_Le_1":0.00065646765165399996,"Road":"Road_1","Length":70.049826866299995,"ID":"Road_1_245"}},{"type":"Feature","id":770,"geometry":{"type":"LineString","coordinates":[[121.7892685612951,36.969438560940887],[121.7886618597571,36.969020930171837]]},"properties":{"FID":770,"Source_id":1,"Shape_Leng":125.63629865,"Region":"ASIA","Segment":"Blasting Solutions","Method":"Road","Product_tr":"Initiating System","Segment_id":246,"Shape_Le_1":0.00073654749709299995,"Road":"Road_1","Length":71.181562925500003,"ID":"Road_1_246"}},{"type":"Feature","id":771,"geometry":{"type":"LineString","coordinates":[[121.7886618597571,36.969020930171837],[121.78798667304659,36.968673338603764]]},"properties":{"FID":771,"Source_id":1,"Shape_Leng":125.63629865,"Region":"ASIA","Segment":"Blasting Solutions","Method":"Road","Product_tr":"Initiating System","Segment_id":247,"Shape_Le_1":0.00075940568357299996,"Road":"Road_1","Length":71.434606356900005,"ID":"Road_1_247"}},{"type":"Feature","id":772,"geometry":{"type":"LineString","coordinates":[[121.78798667304659,36.968673338603764],[121.78732121520193,36.968314009084281]]},"properties":{"FID":772,"Source_id":1,"Shape_Leng":125.63629865,"Region":"ASIA","Segment":"Blasting Solutions","Method":"Road","Product_tr":"Initiating System","Segment_id":248,"Shape_Le_1":0.00075627498080600003,"Road":"Road_1","Length":71.426225226900002,"ID":"Road_1_248"}},{"type":"Feature","id":773,"geometry":{"type":"LineString","coordinates":[[121.78732121520193,36.968314009084281],[121.78667784650543,36.96792990414184]]},"properties":{"FID":773,"Source_id":1,"Shape_Leng":125.63629865,"Region":"ASIA","Segment":"Blasting Solutions","Method":"Road","Product_tr":"Initiating System","Segment_id":249,"Shape_Le_1":0.00074930627012299996,"Road":"Road_1","Length":71.409598890300003,"ID":"Road_1_249"}},{"type":"Feature","id":774,"geometry":{"type":"LineString","coordinates":[[121.78667784650543,36.96792990414184],[121.78605455517368,36.967524751466158]]},"properties":{"FID":774,"Source_id":1,"Shape_Leng":125.63629865,"Region":"ASIA","Segment":"Blasting Solutions","Method":"Road","Product_tr":"Initiating System","Segment_id":250,"Shape_Le_1":0.00074339812674399999,"Road":"Road_1","Length":71.430341194700006,"ID":"Road_1_250"}},{"type":"Feature","id":775,"geometry":{"type":"LineString","coordinates":[[121.78605455517368,36.967524751466158],[121.7854336992059,36.967117164325714]]},"properties":{"FID":775,"Source_id":1,"Shape_Leng":125.63629865,"Region":"ASIA","Segment":"Blasting Solutions","Method":"Road","Product_tr":"Initiating System","Segment_id":251,"Shape_Le_1":0.00074269065551199999,"Road":"Road_1","Length":71.432955318799998,"ID":"Road_1_251"}},{"type":"Feature","id":776,"geometry":{"type":"LineString","coordinates":[[121.7854336992059,36.967117164325714],[121.78483896404703,36.966685766734827]]},"properties":{"FID":776,"Source_id":1,"Shape_Leng":125.63629865,"Region":"ASIA","Segment":"Blasting Solutions","Method":"Road","Product_tr":"Initiating System","Segment_id":252,"Shape_Le_1":0.00073472021247499996,"Road":"Road_1","Length":71.392834532099997,"ID":"Road_1_252"}},{"type":"Feature","id":777,"geometry":{"type":"LineString","coordinates":[[121.78483896404703,36.966685766734827],[121.78427509452001,36.966228225851978]]},"properties":{"FID":777,"Source_id":1,"Shape_Leng":125.63629865,"Region":"ASIA","Segment":"Blasting Solutions","Method":"Road","Product_tr":"Initiating System","Segment_id":253,"Shape_Le_1":0.00072614909142200001,"Road":"Road_1","Length":71.411492315999993,"ID":"Road_1_253"}},{"type":"Feature","id":778,"geometry":{"type":"LineString","coordinates":[[121.78427509452001,36.966228225851978],[121.78371226371007,36.965769622869857]]},"properties":{"FID":778,"Source_id":1,"Shape_Leng":125.63629865,"Region":"ASIA","Segment":"Blasting Solutions","Method":"Road","Product_tr":"Initiating System","Segment_id":254,"Shape_Le_1":0.00072601323392100005,"Road":"Road_1","Length":71.430623967499997,"ID":"Road_1_254"}},{"type":"Feature","id":779,"geometry":{"type":"LineString","coordinates":[[121.78371226371007,36.965769622869857],[121.78316282920127,36.965300755025851]]},"properties":{"FID":779,"Source_id":1,"Shape_Leng":125.63629865,"Region":"ASIA","Segment":"Blasting Solutions","Method":"Road","Product_tr":"Initiating System","Segment_id":255,"Shape_Le_1":0.00072229864640699999,"Road":"Road_1","Length":71.4244603291,"ID":"Road_1_255"}},{"type":"Feature","id":780,"geometry":{"type":"LineString","coordinates":[[121.78316282920127,36.965300755025851],[121.78261712148299,36.964829039928304]]},"properties":{"FID":780,"Source_id":1,"Shape_Leng":125.63629865,"Region":"ASIA","Segment":"Blasting Solutions","Method":"Road","Product_tr":"Initiating System","Segment_id":256,"Shape_Le_1":0.000721326588345,"Road":"Road_1","Length":71.428978112799996,"ID":"Road_1_256"}},{"type":"Feature","id":781,"geometry":{"type":"LineString","coordinates":[[121.78261712148299,36.964829039928304],[121.78206456812541,36.964362542697245]]},"properties":{"FID":781,"Source_id":1,"Shape_Leng":125.63629865,"Region":"ASIA","Segment":"Blasting Solutions","Method":"Road","Product_tr":"Initiating System","Segment_id":257,"Shape_Le_1":0.000723142364654,"Road":"Road_1","Length":71.424496683300006,"ID":"Road_1_257"}},{"type":"Feature","id":782,"geometry":{"type":"LineString","coordinates":[[121.78206456812541,36.964362542697245],[121.78150846514359,36.963898746130269]]},"properties":{"FID":782,"Source_id":1,"Shape_Leng":125.63629865,"Region":"ASIA","Segment":"Blasting Solutions","Method":"Road","Product_tr":"Initiating System","Segment_id":258,"Shape_Le_1":0.00072412552912199995,"Road":"Road_1","Length":71.426565601799993,"ID":"Road_1_258"}},{"type":"Feature","id":783,"geometry":{"type":"LineString","coordinates":[[121.78150846514359,36.963898746130269],[121.78094685291501,36.963439245624727]]},"properties":{"FID":783,"Source_id":1,"Shape_Leng":125.63629865,"Region":"ASIA","Segment":"Blasting Solutions","Method":"Road","Product_tr":"Initiating System","Segment_id":259,"Shape_Le_1":0.00072563696838299997,"Road":"Road_1","Length":71.426654045399999,"ID":"Road_1_259"}},{"type":"Feature","id":784,"geometry":{"type":"LineString","coordinates":[[121.78094685291501,36.963439245624727],[121.78038044729988,36.962983580727723]]},"properties":{"FID":784,"Source_id":1,"Shape_Leng":125.63629865,"Region":"ASIA","Segment":"Blasting Solutions","Method":"Road","Product_tr":"Initiating System","Segment_id":260,"Shape_Le_1":0.00072694278950600003,"Road":"Road_1","Length":71.424411673999998,"ID":"Road_1_260"}},{"type":"Feature","id":785,"geometry":{"type":"LineString","coordinates":[[121.78038044729988,36.962983580727723],[121.77981125198778,36.962530153343948]]},"properties":{"FID":785,"Source_id":1,"Shape_Leng":125.63629865,"Region":"ASIA","Segment":"Blasting Solutions","Method":"Road","Product_tr":"Initiating System","Segment_id":261,"Shape_Le_1":0.000727722265476,"Road":"Road_1","Length":71.425130598799996,"ID":"Road_1_261"}},{"type":"Feature","id":786,"geometry":{"type":"LineString","coordinates":[[121.77981125198778,36.962530153343948],[121.77923325591007,36.962084076119254]]},"properties":{"FID":786,"Source_id":1,"Shape_Leng":125.63629865,"Region":"ASIA","Segment":"Blasting Solutions","Method":"Road","Product_tr":"Initiating System","Segment_id":262,"Shape_Le_1":0.00073011256408699998,"Road":"Road_1","Length":71.415854626400005,"ID":"Road_1_262"}},{"type":"Feature","id":787,"geometry":{"type":"LineString","coordinates":[[121.77923325591007,36.962084076119254],[121.77864351378719,36.96164791302084]]},"properties":{"FID":787,"Source_id":1,"Shape_Leng":125.63629865,"Region":"ASIA","Segment":"Blasting Solutions","Method":"Road","Product_tr":"Initiating System","Segment_id":263,"Shape_Le_1":0.00073350802307899999,"Road":"Road_1","Length":71.423496094699999,"ID":"Road_1_263"}},{"type":"Feature","id":788,"geometry":{"type":"LineString","coordinates":[[121.77864351378719,36.96164791302084],[121.7780484701608,36.961216450678705]]},"properties":{"FID":788,"Source_id":1,"Shape_Leng":125.63629865,"Region":"ASIA","Segment":"Blasting Solutions","Method":"Road","Product_tr":"Initiating System","Segment_id":264,"Shape_Le_1":0.00073500793872499995,"Road":"Road_1","Length":71.420814652900006,"ID":"Road_1_264"}},{"type":"Feature","id":789,"geometry":{"type":"LineString","coordinates":[[121.7780484701608,36.961216450678705],[121.77744055723599,36.960796745173695]]},"properties":{"FID":789,"Source_id":1,"Shape_Leng":125.63629865,"Region":"ASIA","Segment":"Blasting Solutions","Method":"Road","Product_tr":"Initiating System","Segment_id":265,"Shape_Le_1":0.00073872243439800003,"Road":"Road_1","Length":71.417800790900003,"ID":"Road_1_265"}},{"type":"Feature","id":790,"geometry":{"type":"LineString","coordinates":[[121.77744055723599,36.960796745173695],[121.77682712427247,36.960382220663007]]},"properties":{"FID":790,"Source_id":1,"Shape_Leng":125.63629865,"Region":"ASIA","Segment":"Blasting Solutions","Method":"Road","Product_tr":"Initiating System","Segment_id":266,"Shape_Le_1":0.00074035840691699998,"Road":"Road_1","Length":71.419706932400004,"ID":"Road_1_266"}},{"type":"Feature","id":791,"geometry":{"type":"LineString","coordinates":[[121.77682712427247,36.960382220663007],[121.77620835922846,36.959972836677139]]},"properties":{"FID":791,"Source_id":1,"Shape_Leng":125.63629865,"Region":"ASIA","Segment":"Blasting Solutions","Method":"Road","Product_tr":"Initiating System","Segment_id":267,"Shape_Le_1":0.00074193357355899995,"Road":"Road_1","Length":71.419570423500005,"ID":"Road_1_267"}},{"type":"Feature","id":792,"geometry":{"type":"LineString","coordinates":[[121.77620835922846,36.959972836677139],[121.77557140539614,36.959581834833841]]},"properties":{"FID":792,"Source_id":1,"Shape_Leng":125.63629865,"Region":"ASIA","Segment":"Blasting Solutions","Method":"Road","Product_tr":"Initiating System","Segment_id":268,"Shape_Le_1":0.00074739054448000005,"Road":"Road_1","Length":71.419460034500005,"ID":"Road_1_268"}},{"type":"Feature","id":793,"geometry":{"type":"LineString","coordinates":[[121.77557140539614,36.959581834833841],[121.77493598041121,36.959189294250564]]},"properties":{"FID":793,"Source_id":1,"Shape_Leng":125.63629865,"Region":"ASIA","Segment":"Blasting Solutions","Method":"Road","Product_tr":"Initiating System","Segment_id":269,"Shape_Le_1":0.00074689558907600003,"Road":"Road_1","Length":71.415627845299994,"ID":"Road_1_269"}},{"type":"Feature","id":794,"geometry":{"type":"LineString","coordinates":[[121.77493598041121,36.959189294250564],[121.77429464238389,36.958803433831463]]},"properties":{"FID":794,"Source_id":1,"Shape_Leng":125.63629865,"Region":"ASIA","Segment":"Blasting Solutions","Method":"Road","Product_tr":"Initiating System","Segment_id":270,"Shape_Le_1":0.00074846691865299996,"Road":"Road_1","Length":71.386718366599993,"ID":"Road_1_270"}},{"type":"Feature","id":795,"geometry":{"type":"LineString","coordinates":[[121.77429464238389,36.958803433831463],[121.77365168197957,36.958418857644233]]},"properties":{"FID":795,"Source_id":1,"Shape_Leng":125.63629865,"Region":"ASIA","Segment":"Blasting Solutions","Method":"Road","Product_tr":"Initiating System","Segment_id":271,"Shape_Le_1":0.00074919752089000003,"Road":"Road_1","Length":71.417345083200004,"ID":"Road_1_271"}},{"type":"Feature","id":796,"geometry":{"type":"LineString","coordinates":[[121.77365168197957,36.958418857644233],[121.77301827057681,36.958024251318193]]},"properties":{"FID":796,"Source_id":1,"Shape_Leng":125.63629865,"Region":"ASIA","Segment":"Blasting Solutions","Method":"Road","Product_tr":"Initiating System","Segment_id":272,"Shape_Le_1":0.00074627351399900003,"Road":"Road_1","Length":71.414633655700001,"ID":"Road_1_272"}},{"type":"Feature","id":797,"geometry":{"type":"LineString","coordinates":[[121.77301827057681,36.958024251318193],[121.77238177539869,36.957632866363724]]},"properties":{"FID":797,"Source_id":1,"Shape_Leng":125.63629865,"Region":"ASIA","Segment":"Blasting Solutions","Method":"Road","Product_tr":"Initiating System","Segment_id":273,"Shape_Le_1":0.00074720030404499995,"Road":"Road_1","Length":71.414010114299998,"ID":"Road_1_273"}},{"type":"Feature","id":798,"geometry":{"type":"LineString","coordinates":[[121.77238177539869,36.957632866363724],[121.77174015588355,36.957246895328012]]},"properties":{"FID":798,"Source_id":1,"Shape_Leng":125.63629865,"Region":"ASIA","Segment":"Blasting Solutions","Method":"Road","Product_tr":"Initiating System","Segment_id":274,"Shape_Le_1":0.00074876514516400005,"Road":"Road_1","Length":71.415064181199995,"ID":"Road_1_274"}},{"type":"Feature","id":799,"geometry":{"type":"LineString","coordinates":[[121.77174015588355,36.957246895328012],[121.77110211207287,36.956857248763072]]},"properties":{"FID":799,"Source_id":1,"Shape_Leng":125.63629865,"Region":"ASIA","Segment":"Blasting Solutions","Method":"Road","Product_tr":"Initiating System","Segment_id":275,"Shape_Le_1":0.00074761243296199995,"Road":"Road_1","Length":71.407002453600001,"ID":"Road_1_275"}},{"type":"Feature","id":800,"geometry":{"type":"LineString","coordinates":[[121.77110211207287,36.956857248763072],[121.77047531068706,36.956455932595247]]},"properties":{"FID":800,"Source_id":1,"Shape_Leng":125.63629865,"Region":"ASIA","Segment":"Blasting Solutions","Method":"Road","Product_tr":"Initiating System","Segment_id":276,"Shape_Le_1":0.00074426785756600005,"Road":"Road_1","Length":71.413428466599996,"ID":"Road_1_276"}},{"type":"Feature","id":801,"geometry":{"type":"LineString","coordinates":[[121.77047531068706,36.956455932595247],[121.76984833573215,36.956054804385758]]},"properties":{"FID":801,"Source_id":1,"Shape_Leng":125.63629865,"Region":"ASIA","Segment":"Blasting Solutions","Method":"Road","Product_tr":"Initiating System","Segment_id":277,"Shape_Le_1":0.000744312726302,"Road":"Road_1","Length":71.412735636999997,"ID":"Road_1_277"}},{"type":"Feature","id":802,"geometry":{"type":"LineString","coordinates":[[121.76984833573215,36.956054804385758],[121.76922137516635,36.955653676176269]]},"properties":{"FID":802,"Source_id":1,"Shape_Leng":125.63629865,"Region":"ASIA","Segment":"Blasting Solutions","Method":"Road","Product_tr":"Initiating System","Segment_id":278,"Shape_Le_1":0.00074430060561000001,"Road":"Road_1","Length":71.411960680299998,"ID":"Road_1_278"}},{"type":"Feature","id":803,"geometry":{"type":"LineString","coordinates":[[121.76922137516635,36.955653676176269],[121.76860094997392,36.955246107921596]]},"properties":{"FID":803,"Source_id":1,"Shape_Leng":125.63629865,"Region":"ASIA","Segment":"Blasting Solutions","Method":"Road","Product_tr":"Initiating System","Segment_id":279,"Shape_Le_1":0.00074232021502000005,"Road":"Road_1","Length":71.408521727199997,"ID":"Road_1_279"}},{"type":"Feature","id":804,"geometry":{"type":"LineString","coordinates":[[121.76860094997392,36.955246107921596],[121.76799212423725,36.954827530166426]]},"properties":{"FID":804,"Source_id":1,"Shape_Leng":125.63629865,"Region":"ASIA","Segment":"Blasting Solutions","Method":"Road","Product_tr":"Initiating System","Segment_id":280,"Shape_Le_1":0.00073883429451099996,"Road":"Road_1","Length":71.401138587700004,"ID":"Road_1_280"}},{"type":"Feature","id":805,"geometry":{"type":"LineString","coordinates":[[121.76799212423725,36.954827530166426],[121.76739522351079,36.954397921327086]]},"properties":{"FID":805,"Source_id":1,"Shape_Leng":125.63629865,"Region":"ASIA","Segment":"Blasting Solutions","Method":"Road","Product_tr":"Initiating System","Segment_id":281,"Shape_Le_1":0.00073542792447099995,"Road":"Road_1","Length":71.409602484700002,"ID":"Road_1_281"}},{"type":"Feature","id":806,"geometry":{"type":"LineString","coordinates":[[121.76739522351079,36.954397921327086],[121.76679710510234,36.953969417754479]]},"properties":{"FID":806,"Source_id":1,"Shape_Leng":125.63629865,"Region":"ASIA","Segment":"Blasting Solutions","Method":"Road","Product_tr":"Initiating System","Segment_id":282,"Shape_Le_1":0.00073577234404500005,"Road":"Road_1","Length":71.4088576459,"ID":"Road_1_282"}},{"type":"Feature","id":807,"geometry":{"type":"LineString","coordinates":[[121.76679710510234,36.953969417754479],[121.76620827848933,36.953532724056004]]},"properties":{"FID":807,"Source_id":1,"Shape_Leng":125.63629865,"Region":"ASIA","Segment":"Blasting Solutions","Method":"Road","Product_tr":"Initiating System","Segment_id":283,"Shape_Le_1":0.00073308810280799997,"Road":"Road_1","Length":71.407558791400007,"ID":"Road_1_283"}},{"type":"Feature","id":808,"geometry":{"type":"LineString","coordinates":[[121.76620827848933,36.953532724056004],[121.76562108234714,36.953094635509046]]},"properties":{"FID":808,"Source_id":1,"Shape_Leng":125.63629865,"Region":"ASIA","Segment":"Blasting Solutions","Method":"Road","Product_tr":"Initiating System","Segment_id":284,"Shape_Le_1":0.00073261236979699999,"Road":"Road_1","Length":71.406493895699995,"ID":"Road_1_284"}},{"type":"Feature","id":809,"geometry":{"type":"LineString","coordinates":[[121.76562108234714,36.953094635509046],[121.76503964096673,36.952651633066466]]},"properties":{"FID":809,"Source_id":1,"Shape_Leng":125.63629865,"Region":"ASIA","Segment":"Blasting Solutions","Method":"Road","Product_tr":"Initiating System","Segment_id":285,"Shape_Le_1":0.00073097554198400003,"Road":"Road_1","Length":71.406517763799997,"ID":"Road_1_285"}},{"type":"Feature","id":810,"geometry":{"type":"LineString","coordinates":[[121.76503964096673,36.952651633066466],[121.7644643176742,36.952203624098047]]},"properties":{"FID":810,"Source_id":1,"Shape_Leng":125.63629865,"Region":"ASIA","Segment":"Blasting Solutions","Method":"Road","Product_tr":"Initiating System","Segment_id":286,"Shape_Le_1":0.00072918374002699997,"Road":"Road_1","Length":71.398305822099999,"ID":"Road_1_286"}},{"type":"Feature","id":811,"geometry":{"type":"LineString","coordinates":[[121.7644643176742,36.952203624098047],[121.76389966573709,36.951746871920648]]},"properties":{"FID":811,"Source_id":1,"Shape_Leng":125.63629865,"Region":"ASIA","Segment":"Blasting Solutions","Method":"Road","Product_tr":"Initiating System","Segment_id":287,"Shape_Le_1":0.00072626053289599995,"Road":"Road_1","Length":71.404952857500007,"ID":"Road_1_287"}},{"type":"Feature","id":812,"geometry":{"type":"LineString","coordinates":[[121.76389966573709,36.951746871920648],[121.76333502728971,36.951290121541945]]},"properties":{"FID":812,"Source_id":1,"Shape_Leng":125.63629865,"Region":"ASIA","Segment":"Blasting Solutions","Method":"Road","Product_tr":"Initiating System","Segment_id":288,"Shape_Le_1":0.00072624891373100002,"Road":"Road_1","Length":71.404173639999996,"ID":"Road_1_288"}},{"type":"Feature","id":813,"geometry":{"type":"LineString","coordinates":[[121.76333502728971,36.951290121541945],[121.7627757847747,36.950829188416378]]},"properties":{"FID":813,"Source_id":1,"Shape_Leng":125.63629865,"Region":"ASIA","Segment":"Blasting Solutions","Method":"Road","Product_tr":"Initiating System","Segment_id":289,"Shape_Le_1":0.00072471479689499997,"Road":"Road_1","Length":71.398524809400001,"ID":"Road_1_289"}},{"type":"Feature","id":814,"geometry":{"type":"LineString","coordinates":[[121.7627757847747,36.950829188416378],[121.76221210050812,36.950371705090163]]},"properties":{"FID":814,"Source_id":1,"Shape_Leng":125.63629865,"Region":"ASIA","Segment":"Blasting Solutions","Method":"Road","Product_tr":"Initiating System","Segment_id":290,"Shape_Le_1":0.00072596897051900003,"Road":"Road_1","Length":71.402572597399995,"ID":"Road_1_290"}},{"type":"Feature","id":815,"geometry":{"type":"LineString","coordinates":[[121.76221210050812,36.950371705090163],[121.76165773681521,36.949906954342509]]},"properties":{"FID":815,"Source_id":1,"Shape_Leng":125.63629865,"Region":"ASIA","Segment":"Blasting Solutions","Method":"Road","Product_tr":"Initiating System","Segment_id":291,"Shape_Le_1":0.00072340331867100003,"Road":"Road_1","Length":71.401878913199994,"ID":"Road_1_291"}},{"type":"Feature","id":816,"geometry":{"type":"LineString","coordinates":[[121.76165773681521,36.949906954342509],[121.76110342168568,36.949442180212486]]},"properties":{"FID":816,"Source_id":1,"Shape_Leng":125.63629865,"Region":"ASIA","Segment":"Blasting Solutions","Method":"Road","Product_tr":"Initiating System","Segment_id":292,"Shape_Le_1":0.00072338112691000002,"Road":"Road_1","Length":71.400966712300004,"ID":"Road_1_292"}},{"type":"Feature","id":817,"geometry":{"type":"LineString","coordinates":[[121.76110342168568,36.949442180212486],[121.76055224249205,36.948975028275015]]},"properties":{"FID":817,"Source_id":1,"Shape_Leng":125.63629865,"Region":"ASIA","Segment":"Blasting Solutions","Method":"Road","Product_tr":"Initiating System","Segment_id":293,"Shape_Le_1":0.00072251604561000002,"Road":"Road_1","Length":71.399681586,"ID":"Road_1_293"}},{"type":"Feature","id":818,"geometry":{"type":"LineString","coordinates":[[121.76055224249205,36.948975028275015],[121.76000113974089,36.948507858351036]]},"properties":{"FID":818,"Source_id":1,"Shape_Leng":125.63629865,"Region":"ASIA","Segment":"Blasting Solutions","Method":"Road","Product_tr":"Initiating System","Segment_id":294,"Shape_Le_1":0.00072246936281600001,"Road":"Road_1","Length":71.3966526456,"ID":"Road_1_294"}},{"type":"Feature","id":819,"geometry":{"type":"LineString","coordinates":[[121.76000113974089,36.948507858351036],[121.75944823025168,36.948042072483702]]},"properties":{"FID":819,"Source_id":1,"Shape_Leng":125.63629865,"Region":"ASIA","Segment":"Blasting Solutions","Method":"Road","Product_tr":"Initiating System","Segment_id":295,"Shape_Le_1":0.00072295599967900001,"Road":"Road_1","Length":71.396311213600001,"ID":"Road_1_295"}},{"type":"Feature","id":820,"geometry":{"type":"LineString","coordinates":[[121.75944823025168,36.948042072483702],[121.75888962625527,36.947580668113403]]},"properties":{"FID":820,"Source_id":1,"Shape_Leng":125.63629865,"Region":"ASIA","Segment":"Blasting Solutions","Method":"Road","Product_tr":"Initiating System","Segment_id":296,"Shape_Le_1":0.00072452219961599996,"Road":"Road_1","Length":71.397809941399998,"ID":"Road_1_296"}},{"type":"Feature","id":821,"geometry":{"type":"LineString","coordinates":[[121.75888962625527,36.947580668113403],[121.75833216799526,36.947118384206135]]},"properties":{"FID":821,"Source_id":1,"Shape_Leng":125.63629865,"Region":"ASIA","Segment":"Blasting Solutions","Method":"Road","Product_tr":"Initiating System","Segment_id":297,"Shape_Le_1":0.00072420033317200001,"Road":"Road_1","Length":71.397037941400001,"ID":"Road_1_297"}},{"type":"Feature","id":822,"geometry":{"type":"LineString","coordinates":[[121.75833216799526,36.947118384206135],[121.75777735823851,36.946654175749643]]},"properties":{"FID":822,"Source_id":1,"Shape_Leng":125.63629865,"Region":"ASIA","Segment":"Blasting Solutions","Method":"Road","Product_tr":"Initiating System","Segment_id":298,"Shape_Le_1":0.00072339709514500003,"Road":"Road_1","Length":71.387351382700004,"ID":"Road_1_298"}},{"type":"Feature","id":823,"geometry":{"type":"LineString","coordinates":[[121.75777735823851,36.946654175749643],[121.75722673842336,36.946186664982633]]},"properties":{"FID":823,"Source_id":1,"Shape_Leng":125.63629865,"Region":"ASIA","Segment":"Blasting Solutions","Method":"Road","Product_tr":"Initiating System","Segment_id":299,"Shape_Le_1":0.00072232160296800002,"Road":"Road_1","Length":71.395575453999996,"ID":"Road_1_299"}},{"type":"Feature","id":824,"geometry":{"type":"LineString","coordinates":[[121.75722673842336,36.946186664982633],[121.75666977928699,36.945724037534376]]},"properties":{"FID":824,"Source_id":1,"Shape_Leng":125.63629865,"Region":"ASIA","Segment":"Blasting Solutions","Method":"Road","Product_tr":"Initiating System","Segment_id":300,"Shape_Le_1":0.000724035658968,"Road":"Road_1","Length":71.394156811200006,"ID":"Road_1_300"}},{"type":"Feature","id":825,"geometry":{"type":"LineString","coordinates":[[121.75666977928699,36.945724037534376],[121.75611360795665,36.945260806640988]]},"properties":{"FID":825,"Source_id":1,"Shape_Leng":125.63629865,"Region":"ASIA","Segment":"Blasting Solutions","Method":"Road","Product_tr":"Initiating System","Segment_id":301,"Shape_Le_1":0.00072381586697600005,"Road":"Road_1","Length":71.393823205199993,"ID":"Road_1_301"}},{"type":"Feature","id":826,"geometry":{"type":"LineString","coordinates":[[121.75611360795665,36.945260806640988],[121.75556142601909,36.944794522549216]]},"properties":{"FID":826,"Source_id":1,"Shape_Leng":125.63629865,"Region":"ASIA","Segment":"Blasting Solutions","Method":"Road","Product_tr":"Initiating System","Segment_id":302,"Shape_Le_1":0.00072272107096200001,"Road":"Road_1","Length":71.393109084299994,"ID":"Road_1_302"}},{"type":"Feature","id":827,"geometry":{"type":"LineString","coordinates":[[121.75556142601909,36.944794522549216],[121.75501171092174,36.944326616080502]]},"properties":{"FID":827,"Source_id":1,"Shape_Leng":125.63629865,"Region":"ASIA","Segment":"Blasting Solutions","Method":"Road","Product_tr":"Initiating System","Segment_id":303,"Shape_Le_1":0.00072188860062900005,"Road":"Road_1","Length":71.372987090199999,"ID":"Road_1_303"}},{"type":"Feature","id":828,"geometry":{"type":"LineString","coordinates":[[121.75501171092174,36.944326616080502],[121.75445401883792,36.943865015657991]]},"properties":{"FID":828,"Source_id":1,"Shape_Leng":125.63629865,"Region":"ASIA","Segment":"Blasting Solutions","Method":"Road","Product_tr":"Initiating System","Segment_id":304,"Shape_Le_1":0.00072394434206899999,"Road":"Road_1","Length":71.358502305100004,"ID":"Road_1_304"}},{"type":"Feature","id":829,"geometry":{"type":"LineString","coordinates":[[121.75445401883792,36.943865015657991],[121.75389802917073,36.943401692134444]]},"properties":{"FID":829,"Source_id":1,"Shape_Leng":125.63629865,"Region":"ASIA","Segment":"Blasting Solutions","Method":"Road","Product_tr":"Initiating System","Segment_id":305,"Shape_Le_1":0.00072373558534599995,"Road":"Road_1","Length":71.390822210699994,"ID":"Road_1_305"}},{"type":"Feature","id":830,"geometry":{"type":"LineString","coordinates":[[121.75389802917073,36.943401692134444],[121.75334562060402,36.942935635571189]]},"properties":{"FID":830,"Source_id":1,"Shape_Leng":125.63629865,"Region":"ASIA","Segment":"Blasting Solutions","Method":"Road","Product_tr":"Initiating System","Segment_id":306,"Shape_Le_1":0.00072274749720900003,"Road":"Road_1","Length":71.3895346268,"ID":"Road_1_306"}},{"type":"Feature","id":831,"geometry":{"type":"LineString","coordinates":[[121.75334562060402,36.942935635571189],[121.75277502504741,36.94248402122065]]},"properties":{"FID":831,"Source_id":1,"Shape_Leng":125.63629865,"Region":"ASIA","Segment":"Blasting Solutions","Method":"Road","Product_tr":"Initiating System","Segment_id":307,"Shape_Le_1":0.000727691425561,"Road":"Road_1","Length":71.381613503099999,"ID":"Road_1_307"}},{"type":"Feature","id":832,"geometry":{"type":"LineString","coordinates":[[121.75277502504741,36.94248402122065],[121.75221379233267,36.942024919114772]]},"properties":{"FID":832,"Source_id":1,"Shape_Leng":125.63629865,"Region":"ASIA","Segment":"Blasting Solutions","Method":"Road","Product_tr":"Initiating System","Segment_id":308,"Shape_Le_1":0.00072509096237799995,"Road":"Road_1","Length":71.381092972700003,"ID":"Road_1_308"}},{"type":"Feature","id":833,"geometry":{"type":"LineString","coordinates":[[121.75221379233267,36.942024919114772],[121.75165286898482,36.941565724378734]]},"properties":{"FID":833,"Source_id":1,"Shape_Leng":125.63629865,"Region":"ASIA","Segment":"Blasting Solutions","Method":"Road","Product_tr":"Initiating System","Segment_id":309,"Shape_Le_1":0.00072491020669200005,"Road":"Road_1","Length":71.369341319499995,"ID":"Road_1_309"}},{"type":"Feature","id":834,"geometry":{"type":"LineString","coordinates":[[121.75165286898482,36.941565724378734],[121.75109104631474,36.94110703775965]]},"properties":{"FID":834,"Source_id":1,"Shape_Leng":125.63629865,"Region":"ASIA","Segment":"Blasting Solutions","Method":"Road","Product_tr":"Initiating System","Segment_id":310,"Shape_Le_1":0.00072528485930799995,"Road":"Road_1","Length":71.385437951599997,"ID":"Road_1_310"}},{"type":"Feature","id":835,"geometry":{"type":"LineString","coordinates":[[121.75109104631474,36.94110703775965],[121.7505125205364,36.940661935400044]]},"properties":{"FID":835,"Source_id":1,"Shape_Leng":125.63629865,"Region":"ASIA","Segment":"Blasting Solutions","Method":"Road","Product_tr":"Initiating System","Segment_id":311,"Shape_Le_1":0.00072993711148799999,"Road":"Road_1","Length":71.385240484700006,"ID":"Road_1_311"}},{"type":"Feature","id":836,"geometry":{"type":"LineString","coordinates":[[121.7505125205364,36.940661935400044],[121.74992856734957,36.940221616534416]]},"properties":{"FID":836,"Source_id":1,"Shape_Leng":125.63629865,"Region":"ASIA","Segment":"Blasting Solutions","Method":"Road","Product_tr":"Initiating System","Segment_id":312,"Shape_Le_1":0.00073135629336200001,"Road":"Road_1","Length":71.3707724474,"ID":"Road_1_312"}},{"type":"Feature","id":837,"geometry":{"type":"LineString","coordinates":[[121.74992856734957,36.940221616534416],[121.74933692316051,36.939787781780751]]},"properties":{"FID":837,"Source_id":1,"Shape_Leng":125.63629865,"Region":"ASIA","Segment":"Blasting Solutions","Method":"Road","Product_tr":"Initiating System","Segment_id":313,"Shape_Le_1":0.00073365893978899997,"Road":"Road_1","Length":71.384590028000005,"ID":"Road_1_313"}},{"type":"Feature","id":838,"geometry":{"type":"LineString","coordinates":[[121.74933692316051,36.939787781780751],[121.74874088578326,36.939357851883415]]},"properties":{"FID":838,"Source_id":1,"Shape_Leng":125.63629865,"Region":"ASIA","Segment":"Blasting Solutions","Method":"Road","Product_tr":"Initiating System","Segment_id":314,"Shape_Le_1":0.00073491514591999998,"Road":"Road_1","Length":71.383869310899996,"ID":"Road_1_314"}},{"type":"Feature","id":839,"geometry":{"type":"LineString","coordinates":[[121.74874088578326,36.939357851883415],[121.74813651438865,36.938935502371578]]},"properties":{"FID":839,"Source_id":1,"Shape_Leng":125.63629865,"Region":"ASIA","Segment":"Blasting Solutions","Method":"Road","Product_tr":"Initiating System","Segment_id":315,"Shape_Le_1":0.00073732210924299995,"Road":"Road_1","Length":71.382848078999999,"ID":"Road_1_315"}},{"type":"Feature","id":840,"geometry":{"type":"LineString","coordinates":[[121.74813651438865,36.938935502371578],[121.74752370105807,36.93852118110766]]},"properties":{"FID":840,"Source_id":1,"Shape_Leng":125.63629865,"Region":"ASIA","Segment":"Blasting Solutions","Method":"Road","Product_tr":"Initiating System","Segment_id":316,"Shape_Le_1":0.00073973122677500002,"Road":"Road_1","Length":71.374789883099993,"ID":"Road_1_316"}},{"type":"Feature","id":841,"geometry":{"type":"LineString","coordinates":[[121.74752370105807,36.93852118110766],[121.74691135357614,36.938106357122763]]},"properties":{"FID":841,"Source_id":1,"Shape_Leng":125.63629865,"Region":"ASIA","Segment":"Blasting Solutions","Method":"Road","Product_tr":"Initiating System","Segment_id":317,"Shape_Le_1":0.00073962718789700001,"Road":"Road_1","Length":71.379246819200006,"ID":"Road_1_317"}},{"type":"Feature","id":842,"geometry":{"type":"LineString","coordinates":[[121.74691135357614,36.938106357122763],[121.74628990135795,36.937700398654499]]},"properties":{"FID":842,"Source_id":1,"Shape_Leng":125.63629865,"Region":"ASIA","Segment":"Blasting Solutions","Method":"Road","Product_tr":"Initiating System","Segment_id":318,"Shape_Le_1":0.00074229720290500004,"Road":"Road_1","Length":71.376177605999999,"ID":"Road_1_318"}},{"type":"Feature","id":843,"geometry":{"type":"LineString","coordinates":[[121.74628990135795,36.937700398654499],[121.74565835604835,36.937304585438312]]},"properties":{"FID":843,"Source_id":1,"Shape_Leng":125.63629865,"Region":"ASIA","Segment":"Blasting Solutions","Method":"Road","Product_tr":"Initiating System","Segment_id":319,"Shape_Le_1":0.00074533051741399999,"Road":"Road_1","Length":71.377699403899996,"ID":"Road_1_319"}},{"type":"Feature","id":844,"geometry":{"type":"LineString","coordinates":[[121.74565835604835,36.937304585438312],[121.74502208570073,36.936913665433337]]},"properties":{"FID":844,"Source_id":1,"Shape_Leng":125.63629865,"Region":"ASIA","Segment":"Blasting Solutions","Method":"Road","Product_tr":"Initiating System","Segment_id":320,"Shape_Le_1":0.00074676529482800005,"Road":"Road_1","Length":71.378834241299998,"ID":"Road_1_320"}},{"type":"Feature","id":845,"geometry":{"type":"LineString","coordinates":[[121.74502208570073,36.936913665433337],[121.74438698627046,36.936521534041617]]},"properties":{"FID":845,"Source_id":1,"Shape_Leng":125.63629865,"Region":"ASIA","Segment":"Blasting Solutions","Method":"Road","Product_tr":"Initiating System","Segment_id":321,"Shape_Le_1":0.00074640358701000005,"Road":"Road_1","Length":71.378138742900006,"ID":"Road_1_321"}},{"type":"Feature","id":846,"geometry":{"type":"LineString","coordinates":[[121.74438698627046,36.936521534041617],[121.7437533437419,36.936127901681346]]},"properties":{"FID":846,"Source_id":1,"Shape_Leng":125.63629865,"Region":"ASIA","Segment":"Blasting Solutions","Method":"Road","Product_tr":"Initiating System","Segment_id":322,"Shape_Le_1":0.00074595528622500005,"Road":"Road_1","Length":71.377355775500007,"ID":"Road_1_322"}},{"type":"Feature","id":847,"geometry":{"type":"LineString","coordinates":[[121.7437533437419,36.936127901681346],[121.74312366002891,36.935730207083452]]},"properties":{"FID":847,"Source_id":1,"Shape_Leng":125.63629865,"Region":"ASIA","Segment":"Blasting Solutions","Method":"Road","Product_tr":"Initiating System","Segment_id":323,"Shape_Le_1":0.00074475671973799995,"Road":"Road_1","Length":71.376868793300005,"ID":"Road_1_323"}},{"type":"Feature","id":848,"geometry":{"type":"LineString","coordinates":[[121.74312366002891,36.935730207083452],[121.74249825888762,36.935328200236313]]},"properties":{"FID":848,"Source_id":1,"Shape_Leng":125.63629865,"Region":"ASIA","Segment":"Blasting Solutions","Method":"Road","Product_tr":"Initiating System","Segment_id":324,"Shape_Le_1":0.00074346223352400001,"Road":"Road_1","Length":71.375785341500006,"ID":"Road_1_324"}},{"type":"Feature","id":849,"geometry":{"type":"LineString","coordinates":[[121.74249825888762,36.935328200236313],[121.74188511640511,36.934915358357159]]},"properties":{"FID":849,"Source_id":1,"Shape_Leng":125.63629865,"Region":"ASIA","Segment":"Blasting Solutions","Method":"Road","Product_tr":"Initiating System","Segment_id":325,"Shape_Le_1":0.00073917665076600003,"Road":"Road_1","Length":71.293553854400002,"ID":"Road_1_325"}},{"type":"Feature","id":850,"geometry":{"type":"LineString","coordinates":[[121.74188511640511,36.934915358357159],[121.74129344703499,36.934481913009904]]},"properties":{"FID":850,"Source_id":1,"Shape_Leng":125.63629865,"Region":"ASIA","Segment":"Blasting Solutions","Method":"Road","Product_tr":"Initiating System","Segment_id":326,"Shape_Le_1":0.00073344905249099999,"Road":"Road_1","Length":71.3597777353,"ID":"Road_1_326"}},{"type":"Feature","id":851,"geometry":{"type":"LineString","coordinates":[[121.74129344703499,36.934481913009904],[121.74070545859013,36.934045069124693]]},"properties":{"FID":851,"Source_id":1,"Shape_Leng":125.63629865,"Region":"ASIA","Segment":"Blasting Solutions","Method":"Road","Product_tr":"Initiating System","Segment_id":327,"Shape_Le_1":0.00073250460158199996,"Road":"Road_1","Length":71.373752461999999,"ID":"Road_1_327"}},{"type":"Feature","id":852,"geometry":{"type":"LineString","coordinates":[[121.74070545859013,36.934045069124693],[121.74011762932514,36.933608102931657]]},"properties":{"FID":852,"Source_id":1,"Shape_Leng":125.63629865,"Region":"ASIA","Segment":"Blasting Solutions","Method":"Road","Product_tr":"Initiating System","Segment_id":328,"Shape_Le_1":0.00073244979256700002,"Road":"Road_1","Length":71.372783654399996,"ID":"Road_1_328"}},{"type":"Feature","id":853,"geometry":{"type":"LineString","coordinates":[[121.74011762932514,36.933608102931657],[121.73955383983787,36.93315123114445]]},"properties":{"FID":853,"Source_id":1,"Shape_Leng":125.63629865,"Region":"ASIA","Segment":"Blasting Solutions","Method":"Road","Product_tr":"Initiating System","Segment_id":329,"Shape_Le_1":0.00072566549863300003,"Road":"Road_1","Length":71.368776391500006,"ID":"Road_1_329"}},{"type":"Feature","id":854,"geometry":{"type":"LineString","coordinates":[[121.73955383983787,36.93315123114445],[121.73899867215107,36.93268757487175]]},"properties":{"FID":854,"Source_id":1,"Shape_Leng":125.63629865,"Region":"ASIA","Segment":"Blasting Solutions","Method":"Road","Product_tr":"Initiating System","Segment_id":330,"Shape_Le_1":0.00072331756489000002,"Road":"Road_1","Length":71.371397283199997,"ID":"Road_1_330"}},{"type":"Feature","id":855,"geometry":{"type":"LineString","coordinates":[[121.73899867215107,36.93268757487175],[121.73844374008661,36.932224118248485]]},"properties":{"FID":855,"Source_id":1,"Shape_Leng":125.63629865,"Region":"ASIA","Segment":"Blasting Solutions","Method":"Road","Product_tr":"Initiating System","Segment_id":331,"Shape_Le_1":0.00072300873979099997,"Road":"Road_1","Length":71.341081350600007,"ID":"Road_1_331"}},{"type":"Feature","id":856,"geometry":{"type":"LineString","coordinates":[[121.73844374008661,36.932224118248485],[121.73791632637744,36.931740053660576]]},"properties":{"FID":856,"Source_id":1,"Shape_Leng":125.63629865,"Region":"ASIA","Segment":"Blasting Solutions","Method":"Road","Product_tr":"Initiating System","Segment_id":332,"Shape_Le_1":0.00071587970070499999,"Road":"Road_1","Length":71.369874008300002,"ID":"Road_1_332"}},{"type":"Feature","id":857,"geometry":{"type":"LineString","coordinates":[[121.73791632637744,36.931740053660576],[121.73740485315147,36.931245199006753]]},"properties":{"FID":857,"Source_id":1,"Shape_Leng":125.63629865,"Region":"ASIA","Segment":"Blasting Solutions","Method":"Road","Product_tr":"Initiating System","Segment_id":333,"Shape_Le_1":0.00071167829058800005,"Road":"Road_1","Length":71.360554317500004,"ID":"Road_1_333"}},{"type":"Feature","id":858,"geometry":{"type":"LineString","coordinates":[[121.73740485315147,36.931245199006753],[121.7368884147686,36.930753590006248]]},"properties":{"FID":858,"Source_id":1,"Shape_Leng":125.63629865,"Region":"ASIA","Segment":"Blasting Solutions","Method":"Road","Product_tr":"Initiating System","Segment_id":334,"Shape_Le_1":0.00071301333275300004,"Road":"Road_1","Length":71.368296865000005,"ID":"Road_1_334"}},{"type":"Feature","id":859,"geometry":{"type":"LineString","coordinates":[[121.7368884147686,36.930753590006248],[121.7363780072393,36.930258008700207]]},"properties":{"FID":859,"Source_id":1,"Shape_Leng":125.63629865,"Region":"ASIA","Segment":"Blasting Solutions","Method":"Road","Product_tr":"Initiating System","Segment_id":335,"Shape_Le_1":0.00071141877742099998,"Road":"Road_1","Length":71.362461196400005,"ID":"Road_1_335"}},{"type":"Feature","id":860,"geometry":{"type":"LineString","coordinates":[[121.7363780072393,36.930258008700207],[121.73587941230505,36.929754727398802]]},"properties":{"FID":860,"Source_id":1,"Shape_Leng":125.63629865,"Region":"ASIA","Segment":"Blasting Solutions","Method":"Road","Product_tr":"Initiating System","Segment_id":336,"Shape_Le_1":0.00070844123030499998,"Road":"Road_1","Length":71.363456606,"ID":"Road_1_336"}},{"type":"Feature","id":861,"geometry":{"type":"LineString","coordinates":[[121.73587941230505,36.929754727398802],[121.73539338359785,36.929243558143753]]},"properties":{"FID":861,"Source_id":1,"Shape_Leng":125.63629865,"Region":"ASIA","Segment":"Blasting Solutions","Method":"Road","Product_tr":"Initiating System","Segment_id":337,"Shape_Le_1":0.00070534949601599995,"Road":"Road_1","Length":71.365994401699993,"ID":"Road_1_337"}},{"type":"Feature","id":862,"geometry":{"type":"LineString","coordinates":[[121.73539338359785,36.929243558143753],[121.73492735311493,36.92872053762278]]},"properties":{"FID":862,"Source_id":1,"Shape_Leng":125.63629865,"Region":"ASIA","Segment":"Blasting Solutions","Method":"Road","Product_tr":"Initiating System","Segment_id":338,"Shape_Le_1":0.00070052471503499996,"Road":"Road_1","Length":71.364875275100005,"ID":"Road_1_338"}},{"type":"Feature","id":863,"geometry":{"type":"LineString","coordinates":[[121.73492735311493,36.92872053762278],[121.7344594304584,36.928198615173983]]},"properties":{"FID":863,"Source_id":1,"Shape_Leng":125.63629865,"Region":"ASIA","Segment":"Blasting Solutions","Method":"Road","Product_tr":"Initiating System","Segment_id":339,"Shape_Le_1":0.00070096694290700001,"Road":"Road_1","Length":71.364311102499997,"ID":"Road_1_339"}},{"type":"Feature","id":864,"geometry":{"type":"LineString","coordinates":[[121.7344594304584,36.928198615173983],[121.73399090615544,36.927677049756085]]},"properties":{"FID":864,"Source_id":1,"Shape_Leng":125.63629865,"Region":"ASIA","Segment":"Blasting Solutions","Method":"Road","Product_tr":"Initiating System","Segment_id":340,"Shape_Le_1":0.00070110306489900003,"Road":"Road_1","Length":71.363660505200002,"ID":"Road_1_340"}},{"type":"Feature","id":865,"geometry":{"type":"LineString","coordinates":[[121.73399090615544,36.927677049756085],[121.73352149512095,36.927156010441593]]},"properties":{"FID":865,"Source_id":1,"Shape_Leng":125.63629865,"Region":"ASIA","Segment":"Blasting Solutions","Method":"Road","Product_tr":"Initiating System","Segment_id":341,"Shape_Le_1":0.00070130498824999999,"Road":"Road_1","Length":71.362748689599997,"ID":"Road_1_341"}},{"type":"Feature","id":866,"geometry":{"type":"LineString","coordinates":[[121.73352149512095,36.927156010441593],[121.73305122163663,36.926635481942014]]},"properties":{"FID":866,"Source_id":1,"Shape_Leng":125.63629865,"Region":"ASIA","Segment":"Blasting Solutions","Method":"Road","Product_tr":"Initiating System","Segment_id":342,"Shape_Le_1":0.00070150343472600001,"Road":"Road_1","Length":71.362076330199997,"ID":"Road_1_342"}},{"type":"Feature","id":867,"geometry":{"type":"LineString","coordinates":[[121.73305122163663,36.926635481942014],[121.73258095984352,36.926114957939035]]},"properties":{"FID":867,"Source_id":1,"Shape_Leng":125.63629865,"Region":"ASIA","Segment":"Blasting Solutions","Method":"Road","Product_tr":"Initiating System","Segment_id":343,"Shape_Le_1":0.00070149226063999999,"Road":"Road_1","Length":71.361223928499996,"ID":"Road_1_343"}},{"type":"Feature","id":868,"geometry":{"type":"LineString","coordinates":[[121.73258095984352,36.926114957939035],[121.73210129563836,36.925600036712353]]},"properties":{"FID":868,"Source_id":1,"Shape_Leng":125.63629865,"Region":"ASIA","Segment":"Blasting Solutions","Method":"Road","Product_tr":"Initiating System","Segment_id":344,"Shape_Le_1":0.00070371984439700002,"Road":"Road_1","Length":71.357567626700003,"ID":"Road_1_344"}},{"type":"Feature","id":869,"geometry":{"type":"LineString","coordinates":[[121.73210129563836,36.925600036712353],[121.73161756110164,36.925087561641703]]},"properties":{"FID":869,"Source_id":1,"Shape_Leng":125.63629865,"Region":"ASIA","Segment":"Blasting Solutions","Method":"Road","Product_tr":"Initiating System","Segment_id":345,"Shape_Le_1":0.00070471966060900004,"Road":"Road_1","Length":71.358985214699999,"ID":"Road_1_345"}},{"type":"Feature","id":870,"geometry":{"type":"LineString","coordinates":[[121.73161756110164,36.925087561641703],[121.73110993877276,36.924590234751577]]},"properties":{"FID":870,"Source_id":1,"Shape_Leng":125.63629865,"Region":"ASIA","Segment":"Blasting Solutions","Method":"Road","Product_tr":"Initiating System","Segment_id":346,"Shape_Le_1":0.00071064369723699997,"Road":"Road_1","Length":71.356411409399996,"ID":"Road_1_346"}},{"type":"Feature","id":871,"geometry":{"type":"LineString","coordinates":[[121.73110993877276,36.924590234751577],[121.73058751180429,36.924103177219877]]},"properties":{"FID":871,"Source_id":1,"Shape_Leng":125.63629865,"Region":"ASIA","Segment":"Blasting Solutions","Method":"Road","Product_tr":"Initiating System","Segment_id":347,"Shape_Le_1":0.00071425133991699999,"Road":"Road_1","Length":71.332503126700004,"ID":"Road_1_347"}},{"type":"Feature","id":872,"geometry":{"type":"LineString","coordinates":[[121.73058751180429,36.924103177219877],[121.73002197223627,36.923648348692382]]},"properties":{"FID":872,"Source_id":1,"Shape_Leng":125.63629865,"Region":"ASIA","Segment":"Blasting Solutions","Method":"Road","Product_tr":"Initiating System","Segment_id":348,"Shape_Le_1":0.00072574375120600001,"Road":"Road_1","Length":71.322287652100002,"ID":"Road_1_348"}},{"type":"Feature","id":873,"geometry":{"type":"LineString","coordinates":[[121.73002197223627,36.923648348692382],[121.72943917198029,36.923207420985761]]},"properties":{"FID":873,"Source_id":1,"Shape_Leng":125.63629865,"Region":"ASIA","Segment":"Blasting Solutions","Method":"Road","Product_tr":"Initiating System","Segment_id":349,"Shape_Le_1":0.00073080324358900002,"Road":"Road_1","Length":71.350578488300002,"ID":"Road_1_349"}},{"type":"Feature","id":874,"geometry":{"type":"LineString","coordinates":[[121.72943917198029,36.923207420985761],[121.72883244076456,36.922787941210572]]},"properties":{"FID":874,"Source_id":1,"Shape_Leng":125.63629865,"Region":"ASIA","Segment":"Blasting Solutions","Method":"Road","Product_tr":"Initiating System","Segment_id":350,"Shape_Le_1":0.00073762188818400003,"Road":"Road_1","Length":71.341847900700003,"ID":"Road_1_350"}},{"type":"Feature","id":875,"geometry":{"type":"LineString","coordinates":[[121.72883244076456,36.922787941210572],[121.72818408802527,36.922410645934633]]},"properties":{"FID":875,"Source_id":1,"Shape_Leng":125.63629865,"Region":"ASIA","Segment":"Blasting Solutions","Method":"Road","Product_tr":"Initiating System","Segment_id":351,"Shape_Le_1":0.00075014198642099996,"Road":"Road_1","Length":71.3475121118,"ID":"Road_1_351"}},{"type":"Feature","id":876,"geometry":{"type":"LineString","coordinates":[[121.72818408802527,36.922410645934633],[121.72750587059954,36.92206899348929]]},"properties":{"FID":876,"Source_id":1,"Shape_Leng":125.63629865,"Region":"ASIA","Segment":"Blasting Solutions","Method":"Road","Product_tr":"Initiating System","Segment_id":352,"Shape_Le_1":0.00075941113369000003,"Road":"Road_1","Length":71.340288248799993,"ID":"Road_1_352"}},{"type":"Feature","id":877,"geometry":{"type":"LineString","coordinates":[[121.72750587059954,36.92206899348929],[121.72680739054874,36.921754595897937]]},"properties":{"FID":877,"Source_id":1,"Shape_Leng":125.63629865,"Region":"ASIA","Segment":"Blasting Solutions","Method":"Road","Product_tr":"Initiating System","Segment_id":353,"Shape_Le_1":0.000765976649001,"Road":"Road_1","Length":71.3493256788,"ID":"Road_1_353"}},{"type":"Feature","id":878,"geometry":{"type":"LineString","coordinates":[[121.72680739054874,36.921754595897937],[121.72608324924261,36.921480506819989]]},"properties":{"FID":878,"Source_id":1,"Shape_Leng":125.63629865,"Region":"ASIA","Segment":"Blasting Solutions","Method":"Road","Product_tr":"Initiating System","Segment_id":354,"Shape_Le_1":0.00077427737530099999,"Road":"Road_1","Length":71.333372755900001,"ID":"Road_1_354"}},{"type":"Feature","id":879,"geometry":{"type":"LineString","coordinates":[[121.72608324924261,36.921480506819989],[121.72535279649446,36.92121751447678]]},"properties":{"FID":879,"Source_id":1,"Shape_Leng":125.63629865,"Region":"ASIA","Segment":"Blasting Solutions","Method":"Road","Product_tr":"Initiating System","Segment_id":355,"Shape_Le_1":0.00077635442283599998,"Road":"Road_1","Length":71.329991404400005,"ID":"Road_1_355"}},{"type":"Feature","id":880,"geometry":{"type":"LineString","coordinates":[[121.72535279649446,36.92121751447678],[121.72459870956288,36.921002194295909]]},"properties":{"FID":880,"Source_id":1,"Shape_Leng":125.63629865,"Region":"ASIA","Segment":"Blasting Solutions","Method":"Road","Product_tr":"Initiating System","Segment_id":356,"Shape_Le_1":0.00078422565672699998,"Road":"Road_1","Length":71.314312972400003,"ID":"Road_1_356"}},{"type":"Feature","id":881,"geometry":{"type":"LineString","coordinates":[[121.72459870956288,36.921002194295909],[121.72383106265352,36.920819221829674]]},"properties":{"FID":881,"Source_id":1,"Shape_Leng":125.63629865,"Region":"ASIA","Segment":"Blasting Solutions","Method":"Road","Product_tr":"Initiating System","Segment_id":357,"Shape_Le_1":0.00078915188706599995,"Road":"Road_1","Length":71.350609887000005,"ID":"Road_1_357"}},{"type":"Feature","id":882,"geometry":{"type":"LineString","coordinates":[[121.72383106265352,36.920819221829674],[121.72305038366835,36.920677752176573]]},"properties":{"FID":882,"Source_id":1,"Shape_Leng":125.63629865,"Region":"ASIA","Segment":"Blasting Solutions","Method":"Road","Product_tr":"Initiating System","Segment_id":358,"Shape_Le_1":0.00079339355973400002,"Road":"Road_1","Length":71.311274712400007,"ID":"Road_1_358"}},{"type":"Feature","id":883,"geometry":{"type":"LineString","coordinates":[[121.72305038366835,36.920677752176573],[121.72226394812276,36.920556761885109]]},"properties":{"FID":883,"Source_id":1,"Shape_Leng":125.63629865,"Region":"ASIA","Segment":"Blasting Solutions","Method":"Road","Product_tr":"Initiating System","Segment_id":359,"Shape_Le_1":0.00079568807833199997,"Road":"Road_1","Length":71.349432601299995,"ID":"Road_1_359"}},{"type":"Feature","id":884,"geometry":{"type":"LineString","coordinates":[[121.72226394812276,36.920556761885109],[121.7214752687687,36.920446194736144]]},"properties":{"FID":884,"Source_id":1,"Shape_Leng":125.63629865,"Region":"ASIA","Segment":"Blasting Solutions","Method":"Road","Product_tr":"Initiating System","Segment_id":360,"Shape_Le_1":0.00079639200017899998,"Road":"Road_1","Length":71.3378734697,"ID":"Road_1_360"}},{"type":"Feature","id":885,"geometry":{"type":"LineString","coordinates":[[121.7214752687687,36.920446194736144],[121.72068371518139,36.920349293685035]]},"properties":{"FID":885,"Source_id":1,"Shape_Leng":125.63629865,"Region":"ASIA","Segment":"Blasting Solutions","Method":"Road","Product_tr":"Initiating System","Segment_id":361,"Shape_Le_1":0.000797462786142,"Road":"Road_1","Length":71.345976508899994,"ID":"Road_1_361"}},{"type":"Feature","id":886,"geometry":{"type":"LineString","coordinates":[[121.72068371518139,36.920349293685035],[121.71989419136389,36.920242303139844]]},"properties":{"FID":886,"Source_id":1,"Shape_Leng":125.63629865,"Region":"ASIA","Segment":"Blasting Solutions","Method":"Road","Product_tr":"Initiating System","Segment_id":362,"Shape_Le_1":0.00079674013025800002,"Road":"Road_1","Length":71.345056141499995,"ID":"Road_1_362"}},{"type":"Feature","id":887,"geometry":{"type":"LineString","coordinates":[[121.71989419136389,36.920242303139844],[121.71910452275563,36.920136140870284]]},"properties":{"FID":887,"Source_id":1,"Shape_Leng":125.63629865,"Region":"ASIA","Segment":"Blasting Solutions","Method":"Road","Product_tr":"Initiating System","Segment_id":363,"Shape_Le_1":0.00079677282731900004,"Road":"Road_1","Length":71.342637275000001,"ID":"Road_1_363"}},{"type":"Feature","id":888,"geometry":{"type":"LineString","coordinates":[[121.71910452275563,36.920136140870284],[121.7183174855636,36.92001799783236]]},"properties":{"FID":888,"Source_id":1,"Shape_Leng":125.63629865,"Region":"ASIA","Segment":"Blasting Solutions","Method":"Road","Product_tr":"Initiating System","Segment_id":364,"Shape_Le_1":0.00079585508671000001,"Road":"Road_1","Length":71.343826699299996,"ID":"Road_1_364"}},{"type":"Feature","id":889,"geometry":{"type":"LineString","coordinates":[[121.7183174855636,36.92001799783236],[121.71753596930955,36.919878449131147]]},"properties":{"FID":889,"Source_id":1,"Shape_Leng":125.63629865,"Region":"ASIA","Segment":"Blasting Solutions","Method":"Road","Product_tr":"Initiating System","Segment_id":365,"Shape_Le_1":0.00079387750651900004,"Road":"Road_1","Length":71.3381776664,"ID":"Road_1_365"}},{"type":"Feature","id":890,"geometry":{"type":"LineString","coordinates":[[121.71753596930955,36.919878449131147],[121.71675909265809,36.919722965342601]]},"properties":{"FID":890,"Source_id":1,"Shape_Leng":125.63629865,"Region":"ASIA","Segment":"Blasting Solutions","Method":"Road","Product_tr":"Initiating System","Segment_id":366,"Shape_Le_1":0.00079228311863899995,"Road":"Road_1","Length":71.341770538299997,"ID":"Road_1_366"}},{"type":"Feature","id":891,"geometry":{"type":"LineString","coordinates":[[121.71675909265809,36.919722965342601],[121.7159847925642,36.919559339092302]]},"properties":{"FID":891,"Source_id":1,"Shape_Leng":125.63629865,"Region":"ASIA","Segment":"Blasting Solutions","Method":"Road","Product_tr":"Initiating System","Segment_id":367,"Shape_Le_1":0.00079140014227400003,"Road":"Road_1","Length":71.343786125899996,"ID":"Road_1_367"}},{"type":"Feature","id":892,"geometry":{"type":"LineString","coordinates":[[121.7159847925642,36.919559339092302],[121.71521507991213,36.91938260612244]]},"properties":{"FID":892,"Source_id":1,"Shape_Leng":125.63629865,"Region":"ASIA","Segment":"Blasting Solutions","Method":"Road","Product_tr":"Initiating System","Segment_id":368,"Shape_Le_1":0.00078974179919600001,"Road":"Road_1","Length":71.334838577599996,"ID":"Road_1_368"}},{"type":"Feature","id":893,"geometry":{"type":"LineString","coordinates":[[121.71521507991213,36.91938260612244],[121.71445410867022,36.919182851407527]]},"properties":{"FID":893,"Source_id":1,"Shape_Leng":125.63629865,"Region":"ASIA","Segment":"Blasting Solutions","Method":"Road","Product_tr":"Initiating System","Segment_id":369,"Shape_Le_1":0.00078675229718900002,"Road":"Road_1","Length":71.338558845799994,"ID":"Road_1_369"}},{"type":"Feature","id":894,"geometry":{"type":"LineString","coordinates":[[121.71445410867022,36.919182851407527],[121.71369697843284,36.918973795904037]]},"properties":{"FID":894,"Source_id":1,"Shape_Leng":125.63629865,"Region":"ASIA","Segment":"Blasting Solutions","Method":"Road","Product_tr":"Initiating System","Segment_id":370,"Shape_Le_1":0.00078546190226400005,"Road":"Road_1","Length":71.342444119099994,"ID":"Road_1_370"}},{"type":"Feature","id":895,"geometry":{"type":"LineString","coordinates":[[121.71369697843284,36.918973795904037],[121.7129399875904,36.918764440926282]]},"properties":{"FID":895,"Source_id":1,"Shape_Leng":125.63629865,"Region":"ASIA","Segment":"Blasting Solutions","Method":"Road","Product_tr":"Initiating System","Segment_id":371,"Shape_Le_1":0.00078540730976899996,"Road":"Road_1","Length":71.341688749900001,"ID":"Road_1_371"}},{"type":"Feature","id":896,"geometry":{"type":"LineString","coordinates":[[121.7129399875904,36.918764440926282],[121.71218246704723,36.918556349495987]]},"properties":{"FID":896,"Source_id":1,"Shape_Leng":125.63629865,"Region":"ASIA","Segment":"Blasting Solutions","Method":"Road","Product_tr":"Initiating System","Segment_id":372,"Shape_Le_1":0.00078558221510800004,"Road":"Road_1","Length":71.340976748599999,"ID":"Road_1_372"}},{"type":"Feature","id":897,"geometry":{"type":"LineString","coordinates":[[121.71218246704723,36.918556349495987],[121.71142472077429,36.918348811148746]]},"properties":{"FID":897,"Source_id":1,"Shape_Leng":125.63629865,"Region":"ASIA","Segment":"Blasting Solutions","Method":"Road","Product_tr":"Initiating System","Segment_id":373,"Shape_Le_1":0.00078565360034000002,"Road":"Road_1","Length":71.3403416596,"ID":"Road_1_373"}},{"type":"Feature","id":898,"geometry":{"type":"LineString","coordinates":[[121.71142472077429,36.918348811148746],[121.71066885048708,36.918136949760481]]},"properties":{"FID":898,"Source_id":1,"Shape_Leng":125.63629865,"Region":"ASIA","Segment":"Blasting Solutions","Method":"Road","Product_tr":"Initiating System","Segment_id":374,"Shape_Le_1":0.00078500008848500003,"Road":"Road_1","Length":71.338998669099993,"ID":"Road_1_374"}},{"type":"Feature","id":899,"geometry":{"type":"LineString","coordinates":[[121.71066885048708,36.918136949760481],[121.70991282821456,36.917925458892853]]},"properties":{"FID":899,"Source_id":1,"Shape_Leng":125.63629865,"Region":"ASIA","Segment":"Blasting Solutions","Method":"Road","Product_tr":"Initiating System","Segment_id":375,"Shape_Le_1":0.00078504653597399996,"Road":"Road_1","Length":71.338421855999997,"ID":"Road_1_375"}},{"type":"Feature","id":900,"geometry":{"type":"LineString","coordinates":[[121.70991282821456,36.917925458892853],[121.70915549742836,36.91771701762633]]},"properties":{"FID":900,"Source_id":1,"Shape_Leng":125.63629865,"Region":"ASIA","Segment":"Blasting Solutions","Method":"Road","Product_tr":"Initiating System","Segment_id":376,"Shape_Le_1":0.00078549199952399995,"Road":"Road_1","Length":71.338256636300002,"ID":"Road_1_376"}},{"type":"Feature","id":901,"geometry":{"type":"LineString","coordinates":[[121.70915549742836,36.91771701762633],[121.7083961683486,36.917513348162515]]},"properties":{"FID":901,"Source_id":1,"Shape_Leng":125.63629865,"Region":"ASIA","Segment":"Blasting Solutions","Method":"Road","Product_tr":"Initiating System","Segment_id":377,"Shape_Le_1":0.00078616913056499997,"Road":"Road_1","Length":71.337345696599996,"ID":"Road_1_377"}},{"type":"Feature","id":902,"geometry":{"type":"LineString","coordinates":[[121.7083961683486,36.917513348162515],[121.70763477532466,36.917314723895458]]},"properties":{"FID":902,"Source_id":1,"Shape_Leng":125.63629865,"Region":"ASIA","Segment":"Blasting Solutions","Method":"Road","Product_tr":"Initiating System","Segment_id":378,"Shape_Le_1":0.00078687415535300001,"Road":"Road_1","Length":71.336990124799996,"ID":"Road_1_378"}},{"type":"Feature","id":903,"geometry":{"type":"LineString","coordinates":[[121.70763477532466,36.917314723895458],[121.70687152789878,36.917120788693524]]},"properties":{"FID":903,"Source_id":1,"Shape_Leng":125.63629865,"Region":"ASIA","Segment":"Blasting Solutions","Method":"Road","Product_tr":"Initiating System","Segment_id":379,"Shape_Le_1":0.00078750079089599996,"Road":"Road_1","Length":71.335609667599996,"ID":"Road_1_379"}},{"type":"Feature","id":904,"geometry":{"type":"LineString","coordinates":[[121.70687152789878,36.917120788693524],[121.70610624800497,36.916932092941806]]},"properties":{"FID":904,"Source_id":1,"Shape_Leng":125.63629865,"Region":"ASIA","Segment":"Blasting Solutions","Method":"Road","Product_tr":"Initiating System","Segment_id":380,"Shape_Le_1":0.00078820010313999998,"Road":"Road_1","Length":71.335615513400001,"ID":"Road_1_380"}},{"type":"Feature","id":905,"geometry":{"type":"LineString","coordinates":[[121.70610624800497,36.916932092941806],[121.70533794818778,36.916752219539376]]},"properties":{"FID":905,"Source_id":1,"Shape_Leng":125.63629865,"Region":"ASIA","Segment":"Blasting Solutions","Method":"Road","Product_tr":"Initiating System","Segment_id":381,"Shape_Le_1":0.00078907480634300003,"Road":"Road_1","Length":71.312832700200005,"ID":"Road_1_381"}},{"type":"Feature","id":906,"geometry":{"type":"LineString","coordinates":[[121.70533794818778,36.916752219539376],[121.70456209856206,36.916593946953128]]},"properties":{"FID":906,"Source_id":1,"Shape_Leng":125.63629865,"Region":"ASIA","Segment":"Blasting Solutions","Method":"Road","Product_tr":"Initiating System","Segment_id":382,"Shape_Le_1":0.000791828803008,"Road":"Road_1","Length":71.331291508700005,"ID":"Road_1_382"}},{"type":"Feature","id":907,"geometry":{"type":"LineString","coordinates":[[121.70456209856206,36.916593946953128],[121.70378438554098,36.916442371618189]]},"properties":{"FID":907,"Source_id":1,"Shape_Leng":125.63629865,"Region":"ASIA","Segment":"Blasting Solutions","Method":"Road","Product_tr":"Initiating System","Segment_id":383,"Shape_Le_1":0.000792346278668,"Road":"Road_1","Length":71.313410208999997,"ID":"Road_1_383"}},{"type":"Feature","id":908,"geometry":{"type":"LineString","coordinates":[[121.70378438554098,36.916442371618189],[121.70300072620262,36.916311407845228]]},"properties":{"FID":908,"Source_id":1,"Shape_Leng":125.63629865,"Region":"ASIA","Segment":"Blasting Solutions","Method":"Road","Product_tr":"Initiating System","Segment_id":384,"Shape_Le_1":0.00079452719804800004,"Road":"Road_1","Length":71.327561719000002,"ID":"Road_1_384"}},{"type":"Feature","id":909,"geometry":{"type":"LineString","coordinates":[[121.70300072620262,36.916311407845228],[121.70221276360826,36.916198072583029]]},"properties":{"FID":909,"Source_id":1,"Shape_Leng":125.63629865,"Region":"ASIA","Segment":"Blasting Solutions","Method":"Road","Product_tr":"Initiating System","Segment_id":385,"Shape_Le_1":0.00079607156196299998,"Road":"Road_1","Length":71.332317318700007,"ID":"Road_1_385"}},{"type":"Feature","id":910,"geometry":{"type":"LineString","coordinates":[[121.70221276360826,36.916198072583029],[121.70142340436666,36.916091745737504]]},"properties":{"FID":910,"Source_id":1,"Shape_Leng":125.63629865,"Region":"ASIA","Segment":"Blasting Solutions","Method":"Road","Product_tr":"Initiating System","Segment_id":386,"Shape_Le_1":0.00079648817340200004,"Road":"Road_1","Length":71.322131107399997,"ID":"Road_1_386"}},{"type":"Feature","id":911,"geometry":{"type":"LineString","coordinates":[[121.70142340436666,36.916091745737504],[121.70063060252039,36.916003130140382]]},"properties":{"FID":911,"Source_id":1,"Shape_Leng":125.63629865,"Region":"ASIA","Segment":"Blasting Solutions","Method":"Road","Product_tr":"Initiating System","Segment_id":387,"Shape_Le_1":0.00079773898707999997,"Road":"Road_1","Length":71.327321773600005,"ID":"Road_1_387"}},{"type":"Feature","id":912,"geometry":{"type":"LineString","coordinates":[[121.70063060252039,36.916003130140382],[121.69983472858996,36.915934257360163]]},"properties":{"FID":912,"Source_id":1,"Shape_Leng":125.63629865,"Region":"ASIA","Segment":"Blasting Solutions","Method":"Road","Product_tr":"Initiating System","Segment_id":388,"Shape_Le_1":0.00079884840426100001,"Road":"Road_1","Length":71.3306271995,"ID":"Road_1_388"}},{"type":"Feature","id":913,"geometry":{"type":"LineString","coordinates":[[121.69983472858996,36.915934257360163],[121.69903742653605,36.915877424703467]]},"properties":{"FID":913,"Source_id":1,"Shape_Leng":125.63629865,"Region":"ASIA","Segment":"Blasting Solutions","Method":"Road","Product_tr":"Initiating System","Segment_id":389,"Shape_Le_1":0.00079932503779000001,"Road":"Road_1","Length":71.326666913599993,"ID":"Road_1_389"}},{"type":"Feature","id":914,"geometry":{"type":"LineString","coordinates":[[121.69903742653605,36.915877424703467],[121.69823973057919,36.915823982490849]]},"properties":{"FID":914,"Source_id":1,"Shape_Leng":125.63629865,"Region":"ASIA","Segment":"Blasting Solutions","Method":"Road","Product_tr":"Initiating System","Segment_id":390,"Shape_Le_1":0.00079948415224100002,"Road":"Road_1","Length":71.329411284299994,"ID":"Road_1_390"}},{"type":"Feature","id":915,"geometry":{"type":"LineString","coordinates":[[121.69823973057919,36.915823982490849],[121.69744115508536,36.915780565021123]]},"properties":{"FID":915,"Source_id":1,"Shape_Leng":125.63629865,"Region":"ASIA","Segment":"Blasting Solutions","Method":"Road","Product_tr":"Initiating System","Segment_id":391,"Shape_Le_1":0.00079975489746900001,"Road":"Road_1","Length":71.323777332500001,"ID":"Road_1_391"}},{"type":"Feature","id":916,"geometry":{"type":"LineString","coordinates":[[121.69744115508536,36.915780565021123],[121.69664355265786,36.915726359284122]]},"properties":{"FID":916,"Source_id":1,"Shape_Leng":125.63629865,"Region":"ASIA","Segment":"Blasting Solutions","Method":"Road","Product_tr":"Initiating System","Segment_id":392,"Shape_Le_1":0.00079944223948500001,"Road":"Road_1","Length":71.328291746999994,"ID":"Road_1_392"}},{"type":"Feature","id":917,"geometry":{"type":"LineString","coordinates":[[121.69664355265786,36.915726359284122],[121.69584542052985,36.915677555774607]]},"properties":{"FID":917,"Source_id":1,"Shape_Leng":125.63629865,"Region":"ASIA","Segment":"Blasting Solutions","Method":"Road","Product_tr":"Initiating System","Segment_id":393,"Shape_Le_1":0.00079962283378100002,"Road":"Road_1","Length":71.3273469449,"ID":"Road_1_393"}},{"type":"Feature","id":918,"geometry":{"type":"LineString","coordinates":[[121.69584542052985,36.915677555774607],[121.69504726412003,36.915629443843784]]},"properties":{"FID":918,"Source_id":1,"Shape_Leng":125.63629865,"Region":"ASIA","Segment":"Blasting Solutions","Method":"Road","Product_tr":"Initiating System","Segment_id":394,"Shape_Le_1":0.00079960516032299999,"Road":"Road_1","Length":71.323762870500005,"ID":"Road_1_394"}},{"type":"Feature","id":919,"geometry":{"type":"LineString","coordinates":[[121.69504726412003,36.915629443843784],[121.69424934872848,36.91557859977263]]},"properties":{"FID":919,"Source_id":1,"Shape_Leng":125.63629865,"Region":"ASIA","Segment":"Blasting Solutions","Method":"Road","Product_tr":"Initiating System","Segment_id":395,"Shape_Le_1":0.00079953367137200004,"Road":"Road_1","Length":71.325737090900006,"ID":"Road_1_395"}},{"type":"Feature","id":920,"geometry":{"type":"LineString","coordinates":[[121.69424934872848,36.91557859977263],[121.69345095669632,36.915532817085875]]},"properties":{"FID":920,"Source_id":1,"Shape_Leng":125.63629865,"Region":"ASIA","Segment":"Blasting Solutions","Method":"Road","Product_tr":"Initiating System","Segment_id":396,"Shape_Le_1":0.00079970362723400001,"Road":"Road_1","Length":71.325911803300002,"ID":"Road_1_396"}},{"type":"Feature","id":921,"geometry":{"type":"LineString","coordinates":[[121.69345095669632,36.915532817085875],[121.69265278769603,36.915484652994394]]},"properties":{"FID":921,"Source_id":1,"Shape_Leng":125.63629865,"Region":"ASIA","Segment":"Blasting Solutions","Method":"Road","Product_tr":"Initiating System","Segment_id":397,"Shape_Le_1":0.00079962086811999995,"Road":"Road_1","Length":71.325449254000006,"ID":"Road_1_397"}},{"type":"Feature","id":922,"geometry":{"type":"LineString","coordinates":[[121.69265278769603,36.915484652994394],[121.69185486421065,36.915434021163207]]},"properties":{"FID":922,"Source_id":1,"Shape_Leng":125.63629865,"Region":"ASIA","Segment":"Blasting Solutions","Method":"Road","Product_tr":"Initiating System","Segment_id":398,"Shape_Le_1":0.00079952828020599998,"Road":"Road_1","Length":71.324730544999994,"ID":"Road_1_398"}},{"type":"Feature","id":923,"geometry":{"type":"LineString","coordinates":[[121.69185486421065,36.915434021163207],[121.6910570567378,36.915382278669256]]},"properties":{"FID":923,"Source_id":1,"Shape_Leng":125.63629865,"Region":"ASIA","Segment":"Blasting Solutions","Method":"Road","Product_tr":"Initiating System","Segment_id":399,"Shape_Le_1":0.00079948361422599995,"Road":"Road_1","Length":71.324289497600006,"ID":"Road_1_399"}},{"type":"Feature","id":924,"geometry":{"type":"LineString","coordinates":[[121.6910570567378,36.915382278669256],[121.69025926185554,36.915330475021449]]},"properties":{"FID":924,"Source_id":1,"Shape_Leng":125.63629865,"Region":"ASIA","Segment":"Blasting Solutions","Method":"Road","Product_tr":"Initiating System","Segment_id":400,"Shape_Le_1":0.000799475010295,"Road":"Road_1","Length":71.323765788399996,"ID":"Road_1_400"}},{"type":"Feature","id":925,"geometry":{"type":"LineString","coordinates":[[121.69025926185554,36.915330475021449],[121.68946118998201,36.915283161688592]]},"properties":{"FID":925,"Source_id":1,"Shape_Leng":125.63629865,"Region":"ASIA","Segment":"Blasting Solutions","Method":"Road","Product_tr":"Initiating System","Segment_id":401,"Shape_Le_1":0.00079947311824099998,"Road":"Road_1","Length":71.309991581000006,"ID":"Road_1_401"}},{"type":"Feature","id":926,"geometry":{"type":"LineString","coordinates":[[121.68946118998201,36.915283161688592],[121.68866305965253,36.91523495353033]]},"properties":{"FID":926,"Source_id":1,"Shape_Leng":125.63629865,"Region":"ASIA","Segment":"Blasting Solutions","Method":"Road","Product_tr":"Initiating System","Segment_id":402,"Shape_Le_1":0.00079958492317400002,"Road":"Road_1","Length":71.322610809699995,"ID":"Road_1_402"}},{"type":"Feature","id":927,"geometry":{"type":"LineString","coordinates":[[121.68866305965253,36.91523495353033],[121.68786514695898,36.915184587898466]]},"properties":{"FID":927,"Source_id":1,"Shape_Leng":125.63629865,"Region":"ASIA","Segment":"Blasting Solutions","Method":"Road","Product_tr":"Initiating System","Segment_id":403,"Shape_Le_1":0.00079950069630300004,"Road":"Road_1","Length":71.321681570099997,"ID":"Road_1_403"}},{"type":"Feature","id":928,"geometry":{"type":"LineString","coordinates":[[121.68786514695898,36.915184587898466],[121.6870671038638,36.915138806111088]]},"properties":{"FID":928,"Source_id":1,"Shape_Leng":125.63629865,"Region":"ASIA","Segment":"Blasting Solutions","Method":"Road","Product_tr":"Initiating System","Segment_id":404,"Shape_Le_1":0.00079935521130000003,"Road":"Road_1","Length":71.295254791100007,"ID":"Road_1_404"}},{"type":"Feature","id":929,"geometry":{"type":"LineString","coordinates":[[121.6870671038638,36.915138806111088],[121.6862684222499,36.915097137822727]]},"properties":{"FID":929,"Source_id":1,"Shape_Leng":125.63629865,"Region":"ASIA","Segment":"Blasting Solutions","Method":"Road","Product_tr":"Initiating System","Segment_id":405,"Shape_Le_1":0.00079976782045700003,"Road":"Road_1","Length":71.320997568300001,"ID":"Road_1_405"}},{"type":"Feature","id":930,"geometry":{"type":"LineString","coordinates":[[121.6862684222499,36.915097137822727],[121.68547008327778,36.91505167259669]]},"properties":{"FID":930,"Source_id":1,"Shape_Leng":125.63629865,"Region":"ASIA","Segment":"Blasting Solutions","Method":"Road","Product_tr":"Initiating System","Segment_id":406,"Shape_Le_1":0.00079963254134699999,"Road":"Road_1","Length":71.319140405499994,"ID":"Road_1_406"}},{"type":"Feature","id":931,"geometry":{"type":"LineString","coordinates":[[121.68547008327778,36.91505167259669],[121.68467164088361,36.915007314436082]]},"properties":{"FID":931,"Source_id":1,"Shape_Leng":125.63629865,"Region":"ASIA","Segment":"Blasting Solutions","Method":"Road","Product_tr":"Initiating System","Segment_id":407,"Shape_Le_1":0.00079967362293700004,"Road":"Road_1","Length":71.319789631999996,"ID":"Road_1_407"}},{"type":"Feature","id":932,"geometry":{"type":"LineString","coordinates":[[121.68467164088361,36.915007314436082],[121.68387389186671,36.914955720330283]]},"properties":{"FID":932,"Source_id":1,"Shape_Leng":125.63629865,"Region":"ASIA","Segment":"Blasting Solutions","Method":"Road","Product_tr":"Initiating System","Segment_id":408,"Shape_Le_1":0.00079941569018399995,"Road":"Road_1","Length":71.3181680462,"ID":"Road_1_408"}},{"type":"Feature","id":933,"geometry":{"type":"LineString","coordinates":[[121.68387389186671,36.914955720330283],[121.68307671751654,36.914899551373253]]},"properties":{"FID":933,"Source_id":1,"Shape_Leng":125.63629865,"Region":"ASIA","Segment":"Blasting Solutions","Method":"Road","Product_tr":"Initiating System","Segment_id":409,"Shape_Le_1":0.00079915073440500002,"Road":"Road_1","Length":71.309759277599994,"ID":"Road_1_409"}},{"type":"Feature","id":934,"geometry":{"type":"LineString","coordinates":[[121.68307671751654,36.914899551373253],[121.68227891723825,36.914848492364058]]},"properties":{"FID":934,"Source_id":1,"Shape_Leng":125.63629865,"Region":"ASIA","Segment":"Blasting Solutions","Method":"Road","Product_tr":"Initiating System","Segment_id":410,"Shape_Le_1":0.00079943249024699999,"Road":"Road_1","Length":71.318078051300006,"ID":"Road_1_410"}},{"type":"Feature","id":935,"geometry":{"type":"LineString","coordinates":[[121.68227891723825,36.914848492364058],[121.68148083906954,36.914800439788507]]},"properties":{"FID":935,"Source_id":1,"Shape_Leng":125.63629865,"Region":"ASIA","Segment":"Blasting Solutions","Method":"Road","Product_tr":"Initiating System","Segment_id":411,"Shape_Le_1":0.00079952349145900002,"Road":"Road_1","Length":71.317085042200006,"ID":"Road_1_411"}},{"type":"Feature","id":936,"geometry":{"type":"LineString","coordinates":[[121.68148083906954,36.914800439788507],[121.68068260621737,36.914754089629582]]},"properties":{"FID":936,"Source_id":1,"Shape_Leng":125.63629865,"Region":"ASIA","Segment":"Blasting Solutions","Method":"Road","Product_tr":"Initiating System","Segment_id":412,"Shape_Le_1":0.00079957740307200003,"Road":"Road_1","Length":71.316998804700006,"ID":"Road_1_412"}},{"type":"Feature","id":937,"geometry":{"type":"LineString","coordinates":[[121.68068260621737,36.914754089629582],[121.67988398485807,36.914712477099215]]},"properties":{"FID":937,"Source_id":1,"Shape_Leng":125.63629865,"Region":"ASIA","Segment":"Blasting Solutions","Method":"Road","Product_tr":"Initiating System","Segment_id":413,"Shape_Le_1":0.00079970474440699995,"Road":"Road_1","Length":71.315595228099994,"ID":"Road_1_413"}},{"type":"Feature","id":938,"geometry":{"type":"LineString","coordinates":[[121.67988398485807,36.914712477099215],[121.67908493901882,36.914676729047869]]},"properties":{"FID":938,"Source_id":1,"Shape_Leng":125.63629865,"Region":"ASIA","Segment":"Blasting Solutions","Method":"Road","Product_tr":"Initiating System","Segment_id":414,"Shape_Le_1":0.00079984509524599998,"Road":"Road_1","Length":71.314214006200004,"ID":"Road_1_414"}},{"type":"Feature","id":939,"geometry":{"type":"LineString","coordinates":[[121.67908493901882,36.914676729047869],[121.67828746699308,36.914624393001361]]},"properties":{"FID":939,"Source_id":1,"Shape_Leng":125.63629865,"Region":"ASIA","Segment":"Blasting Solutions","Method":"Road","Product_tr":"Initiating System","Segment_id":415,"Shape_Le_1":0.00079918752092299997,"Road":"Road_1","Length":71.300530787699998,"ID":"Road_1_415"}},{"type":"Feature","id":940,"geometry":{"type":"LineString","coordinates":[[121.67828746699308,36.914624393001361],[121.67748944728021,36.914576028361068]]},"properties":{"FID":940,"Source_id":1,"Shape_Leng":125.63629865,"Region":"ASIA","Segment":"Blasting Solutions","Method":"Road","Product_tr":"Initiating System","Segment_id":416,"Shape_Le_1":0.00079948395891800005,"Road":"Road_1","Length":71.314696276899994,"ID":"Road_1_416"}},{"type":"Feature","id":941,"geometry":{"type":"LineString","coordinates":[[121.67748944728021,36.914576028361068],[121.67669231789625,36.914519128255222]]},"properties":{"FID":941,"Source_id":1,"Shape_Leng":125.63629865,"Region":"ASIA","Segment":"Blasting Solutions","Method":"Road","Product_tr":"Initiating System","Segment_id":417,"Shape_Le_1":0.00079915760448700005,"Road":"Road_1","Length":71.313257574000005,"ID":"Road_1_417"}},{"type":"Feature","id":942,"geometry":{"type":"LineString","coordinates":[[121.67669231789625,36.914519128255222],[121.67589506350646,36.914463361295134]]},"properties":{"FID":942,"Source_id":1,"Shape_Leng":125.63629865,"Region":"ASIA","Segment":"Blasting Solutions","Method":"Road","Product_tr":"Initiating System","Segment_id":418,"Shape_Le_1":0.000799202424849,"Road":"Road_1","Length":71.313382108100001,"ID":"Road_1_418"}},{"type":"Feature","id":943,"geometry":{"type":"LineString","coordinates":[[121.67589506350646,36.914463361295134],[121.67509673892346,36.914419299910833]]},"properties":{"FID":943,"Source_id":1,"Shape_Leng":125.63629865,"Region":"ASIA","Segment":"Blasting Solutions","Method":"Road","Product_tr":"Initiating System","Segment_id":419,"Shape_Le_1":0.00079953958339299997,"Road":"Road_1","Length":71.307595338499993,"ID":"Road_1_419"}},{"type":"Feature","id":944,"geometry":{"type":"LineString","coordinates":[[121.67509673892346,36.914419299910833],[121.67429748713937,36.914387078101242]]},"properties":{"FID":944,"Source_id":1,"Shape_Leng":125.63629865,"Region":"ASIA","Segment":"Blasting Solutions","Method":"Road","Product_tr":"Initiating System","Segment_id":420,"Shape_Le_1":0.00079990103099100002,"Road":"Road_1","Length":71.312114736500007,"ID":"Road_1_420"}},{"type":"Feature","id":945,"geometry":{"type":"LineString","coordinates":[[121.67429748713937,36.914387078101242],[121.67349811304757,36.91435691394048]]},"properties":{"FID":945,"Source_id":1,"Shape_Leng":125.63629865,"Region":"ASIA","Segment":"Blasting Solutions","Method":"Road","Product_tr":"Initiating System","Segment_id":421,"Shape_Le_1":0.00079994300748999995,"Road":"Road_1","Length":71.311945152800007,"ID":"Road_1_421"}},{"type":"Feature","id":946,"geometry":{"type":"LineString","coordinates":[[121.67349811304757,36.91435691394048],[121.67269835854245,36.914340002189419]]},"properties":{"FID":946,"Source_id":1,"Shape_Leng":125.63629865,"Region":"ASIA","Segment":"Blasting Solutions","Method":"Road","Product_tr":"Initiating System","Segment_id":422,"Shape_Le_1":0.000799933294588,"Road":"Road_1","Length":71.291962502999993,"ID":"Road_1_422"}},{"type":"Feature","id":947,"geometry":{"type":"LineString","coordinates":[[121.67269835854245,36.914340002189419],[121.67189811750416,36.914340271086701]]},"properties":{"FID":947,"Source_id":1,"Shape_Leng":125.63629865,"Region":"ASIA","Segment":"Blasting Solutions","Method":"Road","Product_tr":"Initiating System","Segment_id":423,"Shape_Le_1":0.00080024108346899998,"Road":"Road_1","Length":71.310623998400004,"ID":"Road_1_423"}},{"type":"Feature","id":948,"geometry":{"type":"LineString","coordinates":[[121.67189811750416,36.914340271086701],[121.67109797269336,36.914349999952606]]},"properties":{"FID":948,"Source_id":1,"Shape_Leng":125.63629865,"Region":"ASIA","Segment":"Blasting Solutions","Method":"Road","Product_tr":"Initiating System","Segment_id":424,"Shape_Le_1":0.00080020395467399999,"Road":"Road_1","Length":71.310211969899996,"ID":"Road_1_424"}},{"type":"Feature","id":949,"geometry":{"type":"LineString","coordinates":[[121.67109797269336,36.914349999952606],[121.67029791871403,36.914362084142908]]},"properties":{"FID":949,"Source_id":1,"Shape_Leng":125.63629865,"Region":"ASIA","Segment":"Blasting Solutions","Method":"Road","Product_tr":"Initiating System","Segment_id":425,"Shape_Le_1":0.00080014523525499999,"Road":"Road_1","Length":71.306545530600005,"ID":"Road_1_425"}},{"type":"Feature","id":950,"geometry":{"type":"LineString","coordinates":[[121.67029791871403,36.914362084142908],[121.66949868401707,36.914394061336907]]},"properties":{"FID":950,"Source_id":1,"Shape_Leng":125.63629865,"Region":"ASIA","Segment":"Blasting Solutions","Method":"Road","Product_tr":"Initiating System","Segment_id":426,"Shape_Le_1":0.00079987414119599999,"Road":"Road_1","Length":71.309261219299998,"ID":"Road_1_426"}},{"type":"Feature","id":951,"geometry":{"type":"LineString","coordinates":[[121.66949868401707,36.914394061336907],[121.66869945291751,36.914426026839692]]},"properties":{"FID":951,"Source_id":1,"Shape_Leng":125.63629865,"Region":"ASIA","Segment":"Blasting Solutions","Method":"Road","Product_tr":"Initiating System","Segment_id":427,"Shape_Le_1":0.00079987007937400005,"Road":"Road_1","Length":71.308846804599995,"ID":"Road_1_427"}},{"type":"Feature","id":952,"geometry":{"type":"LineString","coordinates":[[121.66869945291751,36.914426026839692],[121.66790207532063,36.914477328665839]]},"properties":{"FID":952,"Source_id":1,"Shape_Leng":125.63629865,"Region":"ASIA","Segment":"Blasting Solutions","Method":"Road","Product_tr":"Initiating System","Segment_id":428,"Shape_Le_1":0.00079902622571199997,"Road":"Road_1","Length":71.283069357000002,"ID":"Road_1_428"}},{"type":"Feature","id":953,"geometry":{"type":"LineString","coordinates":[[121.66790207532063,36.914477328665839],[121.66710666633969,36.914547519852192]]},"properties":{"FID":953,"Source_id":1,"Shape_Leng":125.63629865,"Region":"ASIA","Segment":"Blasting Solutions","Method":"Road","Product_tr":"Initiating System","Segment_id":429,"Shape_Le_1":0.00079849999974500004,"Road":"Road_1","Length":71.306608766599993,"ID":"Road_1_429"}},{"type":"Feature","id":954,"geometry":{"type":"LineString","coordinates":[[121.66710666633969,36.914547519852192],[121.66631284106484,36.914627901256665]]},"properties":{"FID":954,"Source_id":1,"Shape_Leng":125.63629865,"Region":"ASIA","Segment":"Blasting Solutions","Method":"Road","Product_tr":"Initiating System","Segment_id":430,"Shape_Le_1":0.00079788453875399997,"Road":"Road_1","Length":71.298901364299994,"ID":"Road_1_430"}},{"type":"Feature","id":955,"geometry":{"type":"LineString","coordinates":[[121.66631284106484,36.914627901256665],[121.66552122182702,36.914721696948789]]},"properties":{"FID":955,"Source_id":1,"Shape_Leng":125.63629865,"Region":"ASIA","Segment":"Blasting Solutions","Method":"Road","Product_tr":"Initiating System","Segment_id":431,"Shape_Le_1":0.00079715660289700005,"Road":"Road_1","Length":71.305847045700006,"ID":"Road_1_431"}},{"type":"Feature","id":956,"geometry":{"type":"LineString","coordinates":[[121.66552122182702,36.914721696948789],[121.66473114762448,36.91482352358679]]},"properties":{"FID":956,"Source_id":1,"Shape_Leng":125.63629865,"Region":"ASIA","Segment":"Blasting Solutions","Method":"Road","Product_tr":"Initiating System","Segment_id":432,"Shape_Le_1":0.00079660900680800001,"Road":"Road_1","Length":71.305357827799995,"ID":"Road_1_432"}},{"type":"Feature","id":957,"geometry":{"type":"LineString","coordinates":[[121.66473114762448,36.91482352358679],[121.66394425612259,36.914939266334102]]},"properties":{"FID":957,"Source_id":1,"Shape_Leng":125.63629865,"Region":"ASIA","Segment":"Blasting Solutions","Method":"Road","Product_tr":"Initiating System","Segment_id":433,"Shape_Le_1":0.00079535817044899999,"Road":"Road_1","Length":71.287262491800007,"ID":"Road_1_433"}},{"type":"Feature","id":958,"geometry":{"type":"LineString","coordinates":[[121.66394425612259,36.914939266334102],[121.66316050775129,36.915068709353534]]},"properties":{"FID":958,"Source_id":1,"Shape_Leng":125.63629865,"Region":"ASIA","Segment":"Blasting Solutions","Method":"Road","Product_tr":"Initiating System","Segment_id":434,"Shape_Le_1":0.00079436578778400004,"Road":"Road_1","Length":71.302361232199999,"ID":"Road_1_434"}},{"type":"Feature","id":959,"geometry":{"type":"LineString","coordinates":[[121.66316050775129,36.915068709353534],[121.66237793659252,36.915202669667508]]},"properties":{"FID":959,"Source_id":1,"Shape_Leng":125.63629865,"Region":"ASIA","Segment":"Blasting Solutions","Method":"Road","Product_tr":"Initiating System","Segment_id":435,"Shape_Le_1":0.00079395401897799998,"Road":"Road_1","Length":71.302330062500005,"ID":"Road_1_435"}},{"type":"Feature","id":960,"geometry":{"type":"LineString","coordinates":[[121.66237793659252,36.915202669667508],[121.66159493465852,36.915335089442863]]},"properties":{"FID":960,"Source_id":1,"Shape_Leng":125.63629865,"Region":"ASIA","Segment":"Blasting Solutions","Method":"Road","Product_tr":"Initiating System","Segment_id":436,"Shape_Le_1":0.00079412028405499995,"Road":"Road_1","Length":71.304324230500001,"ID":"Road_1_436"}},{"type":"Feature","id":961,"geometry":{"type":"LineString","coordinates":[[121.66159493465852,36.915335089442863],[121.66081775763348,36.915487796124921]]},"properties":{"FID":961,"Source_id":1,"Shape_Leng":125.63629865,"Region":"ASIA","Segment":"Blasting Solutions","Method":"Road","Product_tr":"Initiating System","Segment_id":437,"Shape_Le_1":0.000792037536358,"Road":"Road_1","Length":71.297706705099998,"ID":"Road_1_437"}},{"type":"Feature","id":962,"geometry":{"type":"LineString","coordinates":[[121.66081775763348,36.915487796124921],[121.66003903017713,36.915635365879496]]},"properties":{"FID":962,"Source_id":1,"Shape_Leng":125.63629865,"Region":"ASIA","Segment":"Blasting Solutions","Method":"Road","Product_tr":"Initiating System","Segment_id":438,"Shape_Le_1":0.00079258645190200005,"Road":"Road_1","Length":71.298685424799999,"ID":"Road_1_438"}},{"type":"Feature","id":963,"geometry":{"type":"LineString","coordinates":[[121.66003903017713,36.915635365879496],[121.6592594717473,36.915780288929227]]},"properties":{"FID":963,"Source_id":1,"Shape_Leng":125.63629865,"Region":"ASIA","Segment":"Blasting Solutions","Method":"Road","Product_tr":"Initiating System","Segment_id":439,"Shape_Le_1":0.00079291489824400005,"Road":"Road_1","Length":71.303802601300006,"ID":"Road_1_439"}},{"type":"Feature","id":964,"geometry":{"type":"LineString","coordinates":[[121.6592594717473,36.915780288929227],[121.65848131625978,36.915929962198049]]},"properties":{"FID":964,"Source_id":1,"Shape_Leng":125.63629865,"Region":"ASIA","Segment":"Blasting Solutions","Method":"Road","Product_tr":"Initiating System","Segment_id":440,"Shape_Le_1":0.00079241911269400001,"Road":"Road_1","Length":71.302841135400001,"ID":"Road_1_440"}},{"type":"Feature","id":965,"geometry":{"type":"LineString","coordinates":[[121.65848131625978,36.915929962198049],[121.65770103207706,36.916071494803703]]},"properties":{"FID":965,"Source_id":1,"Shape_Leng":125.63629865,"Region":"ASIA","Segment":"Blasting Solutions","Method":"Road","Product_tr":"Initiating System","Segment_id":441,"Shape_Le_1":0.00079301632030700001,"Road":"Road_1","Length":71.282700351100004,"ID":"Road_1_441"}},{"type":"Feature","id":966,"geometry":{"type":"LineString","coordinates":[[121.65770103207706,36.916071494803703],[121.65691702020433,36.91619987122715]]},"properties":{"FID":966,"Source_id":1,"Shape_Leng":125.63629865,"Region":"ASIA","Segment":"Blasting Solutions","Method":"Road","Product_tr":"Initiating System","Segment_id":442,"Shape_Le_1":0.00079445271896399995,"Road":"Road_1","Length":71.300604830200001,"ID":"Road_1_442"}},{"type":"Feature","id":967,"geometry":{"type":"LineString","coordinates":[[121.65691702020433,36.91619987122715],[121.65613026000358,36.916316981843295]]},"properties":{"FID":967,"Source_id":1,"Shape_Leng":125.63629865,"Region":"ASIA","Segment":"Blasting Solutions","Method":"Road","Product_tr":"Initiating System","Segment_id":443,"Shape_Le_1":0.00079542850709800003,"Road":"Road_1","Length":71.302027432200006,"ID":"Road_1_443"}},{"type":"Feature","id":968,"geometry":{"type":"LineString","coordinates":[[121.65613026000358,36.916316981843295],[121.65534162201834,36.916424258372899]]},"properties":{"FID":968,"Source_id":1,"Shape_Leng":125.63629865,"Region":"ASIA","Segment":"Blasting Solutions","Method":"Road","Product_tr":"Initiating System","Segment_id":444,"Shape_Le_1":0.00079590082646300003,"Road":"Road_1","Length":71.276070497199996,"ID":"Road_1_444"}},{"type":"Feature","id":969,"geometry":{"type":"LineString","coordinates":[[121.65534162201834,36.916424258372899],[121.65454989486182,36.916517222192113]]},"properties":{"FID":969,"Source_id":1,"Shape_Leng":125.63629865,"Region":"ASIA","Segment":"Blasting Solutions","Method":"Road","Product_tr":"Initiating System","Segment_id":445,"Shape_Le_1":0.00079716633274500004,"Road":"Road_1","Length":71.300308363400006,"ID":"Road_1_445"}},{"type":"Feature","id":970,"geometry":{"type":"LineString","coordinates":[[121.65454989486182,36.916517222192113],[121.65375734842291,36.916605331470919]]},"properties":{"FID":970,"Source_id":1,"Shape_Leng":125.63629865,"Region":"ASIA","Segment":"Blasting Solutions","Method":"Road","Product_tr":"Initiating System","Segment_id":446,"Shape_Le_1":0.00079742905817900003,"Road":"Road_1","Length":71.296583023899998,"ID":"Road_1_446"}},{"type":"Feature","id":971,"geometry":{"type":"LineString","coordinates":[[121.65375734842291,36.916605331470919],[121.65296235133155,36.916677690023448]]},"properties":{"FID":971,"Source_id":1,"Shape_Leng":125.63629865,"Region":"ASIA","Segment":"Blasting Solutions","Method":"Road","Product_tr":"Initiating System","Segment_id":447,"Shape_Le_1":0.00079828324258800004,"Road":"Road_1","Length":71.294857633299998,"ID":"Road_1_447"}},{"type":"Feature","id":972,"geometry":{"type":"LineString","coordinates":[[121.65296235133155,36.916677690023448],[121.65216515449833,36.916732717740786]]},"properties":{"FID":972,"Source_id":1,"Shape_Leng":125.63629865,"Region":"ASIA","Segment":"Blasting Solutions","Method":"Road","Product_tr":"Initiating System","Segment_id":448,"Shape_Le_1":0.00079909376206399997,"Road":"Road_1","Length":71.299153748199998,"ID":"Road_1_448"}},{"type":"Feature","id":973,"geometry":{"type":"LineString","coordinates":[[121.65216515449833,36.916732717740786],[121.65136695582044,36.916776779125087]]},"properties":{"FID":973,"Source_id":1,"Shape_Leng":125.63629865,"Region":"ASIA","Segment":"Blasting Solutions","Method":"Road","Product_tr":"Initiating System","Segment_id":449,"Shape_Le_1":0.000799413869648,"Road":"Road_1","Length":71.294259125300002,"ID":"Road_1_449"}},{"type":"Feature","id":974,"geometry":{"type":"LineString","coordinates":[[121.65136695582044,36.916776779125087],[121.65056782094825,36.916808861539778]]},"properties":{"FID":974,"Source_id":1,"Shape_Leng":125.63629865,"Region":"ASIA","Segment":"Blasting Solutions","Method":"Road","Product_tr":"Initiating System","Segment_id":450,"Shape_Le_1":0.00079977861016000001,"Road":"Road_1","Length":71.298716751100002,"ID":"Road_1_450"}},{"type":"Feature","id":975,"geometry":{"type":"LineString","coordinates":[[121.65056782094825,36.916808861539778],[121.64976849182256,36.916837638046616]]},"properties":{"FID":975,"Source_id":1,"Shape_Leng":125.63629865,"Region":"ASIA","Segment":"Blasting Solutions","Method":"Road","Product_tr":"Initiating System","Segment_id":451,"Shape_Le_1":0.00079984694694399999,"Road":"Road_1","Length":71.298602149800004,"ID":"Road_1_451"}},{"type":"Feature","id":976,"geometry":{"type":"LineString","coordinates":[[121.64976849182256,36.916837638046616],[121.64896866357299,36.916853921171594]]},"properties":{"FID":976,"Source_id":1,"Shape_Leng":125.63629865,"Region":"ASIA","Segment":"Blasting Solutions","Method":"Road","Product_tr":"Initiating System","Segment_id":452,"Shape_Le_1":0.00079999398058199997,"Road":"Road_1","Length":71.294406449199997,"ID":"Road_1_452"}},{"type":"Feature","id":977,"geometry":{"type":"LineString","coordinates":[[121.64896866357299,36.916853921171594],[121.64816862218424,36.916860000588599]]},"properties":{"FID":977,"Source_id":1,"Shape_Leng":125.63629865,"Region":"ASIA","Segment":"Blasting Solutions","Method":"Road","Product_tr":"Initiating System","Segment_id":453,"Shape_Le_1":0.00080006448678400001,"Road":"Road_1","Length":71.293676527399995,"ID":"Road_1_453"}},{"type":"Feature","id":978,"geometry":{"type":"LineString","coordinates":[[121.64816862218424,36.916860000588599],[121.64736877145174,36.916847168162349]]},"properties":{"FID":978,"Source_id":1,"Shape_Leng":125.63629865,"Region":"ASIA","Segment":"Blasting Solutions","Method":"Road","Product_tr":"Initiating System","Segment_id":454,"Shape_Le_1":0.00079995366456600005,"Road":"Road_1","Length":71.287723965200001,"ID":"Road_1_454"}},{"type":"Feature","id":979,"geometry":{"type":"LineString","coordinates":[[121.64736877145174,36.916847168162349],[121.64656950437916,36.916818200099897]]},"properties":{"FID":979,"Source_id":1,"Shape_Leng":125.63629865,"Region":"ASIA","Segment":"Blasting Solutions","Method":"Road","Product_tr":"Initiating System","Segment_id":455,"Shape_Le_1":0.00079979184914100003,"Road":"Road_1","Length":71.294024872600005,"ID":"Road_1_455"}},{"type":"Feature","id":980,"geometry":{"type":"LineString","coordinates":[[121.64656950437916,36.916818200099897],[121.6457704918148,36.916784668877426]]},"properties":{"FID":980,"Source_id":1,"Shape_Leng":125.63629865,"Region":"ASIA","Segment":"Blasting Solutions","Method":"Road","Product_tr":"Initiating System","Segment_id":456,"Shape_Le_1":0.00079971583758300002,"Road":"Road_1","Length":71.296034625900006,"ID":"Road_1_456"}},{"type":"Feature","id":981,"geometry":{"type":"LineString","coordinates":[[121.6457704918148,36.916784668877426],[121.64497325990806,36.91673094787501]]},"properties":{"FID":981,"Source_id":1,"Shape_Leng":125.63629865,"Region":"ASIA","Segment":"Blasting Solutions","Method":"Road","Product_tr":"Initiating System","Segment_id":457,"Shape_Le_1":0.00079903983582299998,"Road":"Road_1","Length":71.289945521600004,"ID":"Road_1_457"}},{"type":"Feature","id":982,"geometry":{"type":"LineString","coordinates":[[121.64497325990806,36.91673094787501],[121.6441768203041,36.916669702245031]]},"properties":{"FID":982,"Source_id":1,"Shape_Leng":125.63629865,"Region":"ASIA","Segment":"Blasting Solutions","Method":"Road","Product_tr":"Initiating System","Segment_id":458,"Shape_Le_1":0.00079879100517399998,"Road":"Road_1","Length":71.294403185600004,"ID":"Road_1_458"}},{"type":"Feature","id":983,"geometry":{"type":"LineString","coordinates":[[121.6441768203041,36.916669702245031],[121.64338236910112,36.916593630391787]]},"properties":{"FID":983,"Source_id":1,"Shape_Leng":125.63629865,"Region":"ASIA","Segment":"Blasting Solutions","Method":"Road","Product_tr":"Initiating System","Segment_id":459,"Shape_Le_1":0.00079808498342499997,"Road":"Road_1","Length":71.294154465700004,"ID":"Road_1_459"}},{"type":"Feature","id":984,"geometry":{"type":"LineString","coordinates":[[121.64338236910112,36.916593630391787],[121.64258856810795,36.916513470220536]]},"properties":{"FID":984,"Source_id":1,"Shape_Leng":125.63629865,"Region":"ASIA","Segment":"Blasting Solutions","Method":"Road","Product_tr":"Initiating System","Segment_id":460,"Shape_Le_1":0.00079783812255699996,"Road":"Road_1","Length":71.291886076899999,"ID":"Road_1_460"}},{"type":"Feature","id":985,"geometry":{"type":"LineString","coordinates":[[121.64258856810795,36.916513470220536],[121.64179671144916,36.916422192630137]]},"properties":{"FID":985,"Source_id":1,"Shape_Leng":125.63629865,"Region":"ASIA","Segment":"Blasting Solutions","Method":"Road","Product_tr":"Initiating System","Segment_id":461,"Shape_Le_1":0.00079710009822100004,"Road":"Road_1","Length":71.284897392299996,"ID":"Road_1_461"}},{"type":"Feature","id":986,"geometry":{"type":"LineString","coordinates":[[121.64179671144916,36.916422192630137],[121.64100933970929,36.916308253023487]]},"properties":{"FID":986,"Source_id":1,"Shape_Leng":125.63629865,"Region":"ASIA","Segment":"Blasting Solutions","Method":"Road","Product_tr":"Initiating System","Segment_id":462,"Shape_Le_1":0.00079557305806400005,"Road":"Road_1","Length":71.2922574336,"ID":"Road_1_462"}},{"type":"Feature","id":987,"geometry":{"type":"LineString","coordinates":[[121.64100933970929,36.916308253023487],[121.64022552568747,36.916179487193631]]},"properties":{"FID":987,"Source_id":1,"Shape_Leng":125.63629865,"Region":"ASIA","Segment":"Blasting Solutions","Method":"Road","Product_tr":"Initiating System","Segment_id":463,"Shape_Le_1":0.00079432050189700003,"Road":"Road_1","Length":71.291882984300003,"ID":"Road_1_463"}},{"type":"Feature","id":988,"geometry":{"type":"LineString","coordinates":[[121.64022552568747,36.916179487193631],[121.63944193739553,36.916049872403732]]},"properties":{"FID":988,"Source_id":1,"Shape_Leng":125.63629865,"Region":"ASIA","Segment":"Blasting Solutions","Method":"Road","Product_tr":"Initiating System","Segment_id":464,"Shape_Le_1":0.000794235862337,"Road":"Road_1","Length":71.291241506600002,"ID":"Road_1_464"}},{"type":"Feature","id":989,"geometry":{"type":"LineString","coordinates":[[121.63944193739553,36.916049872403732],[121.63866033300803,36.915912956917452]]},"properties":{"FID":989,"Source_id":1,"Shape_Leng":125.63629865,"Region":"ASIA","Segment":"Blasting Solutions","Method":"Road","Product_tr":"Initiating System","Segment_id":465,"Shape_Le_1":0.00079350568299100003,"Road":"Road_1","Length":71.2865052808,"ID":"Road_1_465"}},{"type":"Feature","id":990,"geometry":{"type":"LineString","coordinates":[[121.63866033300803,36.915912956917452],[121.63788113250837,36.915767359376161]]},"properties":{"FID":990,"Source_id":1,"Shape_Leng":125.63629865,"Region":"ASIA","Segment":"Blasting Solutions","Method":"Road","Product_tr":"Initiating System","Segment_id":466,"Shape_Le_1":0.00079268661065200001,"Road":"Road_1","Length":71.289541096799994,"ID":"Road_1_466"}},{"type":"Feature","id":991,"geometry":{"type":"LineString","coordinates":[[121.63788113250837,36.915767359376161],[121.637103656009,36.915616012469059]]},"properties":{"FID":991,"Source_id":1,"Shape_Leng":125.63629865,"Region":"ASIA","Segment":"Blasting Solutions","Method":"Road","Product_tr":"Initiating System","Segment_id":467,"Shape_Le_1":0.00079207044721699995,"Road":"Road_1","Length":71.287677897799995,"ID":"Road_1_467"}},{"type":"Feature","id":992,"geometry":{"type":"LineString","coordinates":[[121.637103656009,36.915616012469059],[121.63633195405646,36.915447305948476]]},"properties":{"FID":992,"Source_id":1,"Shape_Leng":125.63629865,"Region":"ASIA","Segment":"Blasting Solutions","Method":"Road","Product_tr":"Initiating System","Segment_id":468,"Shape_Le_1":0.00078992771419199997,"Road":"Road_1","Length":71.269516781999997,"ID":"Road_1_468"}},{"type":"Feature","id":993,"geometry":{"type":"LineString","coordinates":[[121.63633195405646,36.915447305948476],[121.63555557832728,36.915293117183637]]},"properties":{"FID":993,"Source_id":1,"Shape_Leng":125.63629865,"Region":"ASIA","Segment":"Blasting Solutions","Method":"Road","Product_tr":"Initiating System","Segment_id":469,"Shape_Le_1":0.00079153865859700001,"Road":"Road_1","Length":71.267699019199995,"ID":"Road_1_469"}},{"type":"Feature","id":994,"geometry":{"type":"LineString","coordinates":[[121.63555557832728,36.915293117183637],[121.63477961898434,36.91513686267615]]},"properties":{"FID":994,"Source_id":1,"Shape_Leng":125.63629865,"Region":"ASIA","Segment":"Blasting Solutions","Method":"Road","Product_tr":"Initiating System","Segment_id":470,"Shape_Le_1":0.00079153545278399997,"Road":"Road_1","Length":71.287233707499993,"ID":"Road_1_470"}},{"type":"Feature","id":995,"geometry":{"type":"LineString","coordinates":[[121.63477961898434,36.91513686267615],[121.63400402296736,36.914979504700455]]},"properties":{"FID":995,"Source_id":1,"Shape_Leng":125.63629865,"Region":"ASIA","Segment":"Blasting Solutions","Method":"Road","Product_tr":"Initiating System","Segment_id":471,"Shape_Le_1":0.00079139794924400003,"Road":"Road_1","Length":71.285867463499997,"ID":"Road_1_471"}},{"type":"Feature","id":996,"geometry":{"type":"LineString","coordinates":[[121.63400402296736,36.914979504700455],[121.63322569031345,36.914831422332327]]},"properties":{"FID":996,"Source_id":1,"Shape_Leng":125.63629865,"Region":"ASIA","Segment":"Blasting Solutions","Method":"Road","Product_tr":"Initiating System","Segment_id":472,"Shape_Le_1":0.00079229420538699997,"Road":"Road_1","Length":71.278117768800001,"ID":"Road_1_472"}},{"type":"Feature","id":997,"geometry":{"type":"LineString","coordinates":[[121.63322569031345,36.914831422332327],[121.632447319888,36.914683961395781]]},"properties":{"FID":997,"Source_id":1,"Shape_Leng":125.63629865,"Region":"ASIA","Segment":"Blasting Solutions","Method":"Road","Product_tr":"Initiating System","Segment_id":473,"Shape_Le_1":0.00079221540443400005,"Road":"Road_1","Length":71.265655345799999,"ID":"Road_1_473"}},{"type":"Feature","id":998,"geometry":{"type":"LineString","coordinates":[[121.632447319888,36.914683961395781],[121.63167112312385,36.914528655672996]]},"properties":{"FID":998,"Source_id":1,"Shape_Leng":125.63629865,"Region":"ASIA","Segment":"Blasting Solutions","Method":"Road","Product_tr":"Initiating System","Segment_id":474,"Shape_Le_1":0.00079158150825200003,"Road":"Road_1","Length":71.2827563588,"ID":"Road_1_474"}},{"type":"Feature","id":999,"geometry":{"type":"LineString","coordinates":[[121.63167112312385,36.914528655672996],[121.63089449738322,36.91437470792647]]},"properties":{"FID":999,"Source_id":1,"Shape_Leng":125.63629865,"Region":"ASIA","Segment":"Blasting Solutions","Method":"Road","Product_tr":"Initiating System","Segment_id":475,"Shape_Le_1":0.00079173698263100003,"Road":"Road_1","Length":71.283715878699994,"ID":"Road_1_475"}},{"type":"Feature","id":1000,"geometry":{"type":"LineString","coordinates":[[121.63089449738322,36.91437470792647],[121.63011940768456,36.914215882257224]]},"properties":{"FID":1000,"Source_id":1,"Shape_Leng":125.63629865,"Region":"ASIA","Segment":"Blasting Solutions","Method":"Road","Product_tr":"Initiating System","Segment_id":476,"Shape_Le_1":0.00079119506708900001,"Road":"Road_1","Length":71.282890696600006,"ID":"Road_1_476"}},{"type":"Feature","id":1001,"geometry":{"type":"LineString","coordinates":[[121.63011940768456,36.914215882257224],[121.6293422252636,36.914063833878856]]},"properties":{"FID":1001,"Source_id":1,"Shape_Leng":125.63629865,"Region":"ASIA","Segment":"Blasting Solutions","Method":"Road","Product_tr":"Initiating System","Segment_id":477,"Shape_Le_1":0.00079191617284600003,"Road":"Road_1","Length":71.281960643299996,"ID":"Road_1_477"}},{"type":"Feature","id":1002,"geometry":{"type":"LineString","coordinates":[[121.6293422252636,36.914063833878856],[121.62856412553401,36.913914835101593]]},"properties":{"FID":1002,"Source_id":1,"Shape_Leng":125.63629865,"Region":"ASIA","Segment":"Blasting Solutions","Method":"Road","Product_tr":"Initiating System","Segment_id":478,"Shape_Le_1":0.000792237227609,"Road":"Road_1","Length":71.282249873599994,"ID":"Road_1_478"}},{"type":"Feature","id":1003,"geometry":{"type":"LineString","coordinates":[[121.62856412553401,36.913914835101593],[121.62779114474563,36.913750009155649]]},"properties":{"FID":1003,"Source_id":1,"Shape_Leng":125.63629865,"Region":"ASIA","Segment":"Blasting Solutions","Method":"Road","Product_tr":"Initiating System","Segment_id":479,"Shape_Le_1":0.00079035871075500001,"Road":"Road_1","Length":71.269207915099997,"ID":"Road_1_479"}},{"type":"Feature","id":1004,"geometry":{"type":"LineString","coordinates":[[121.62779114474563,36.913750009155649],[121.62701681677277,36.913589105153108]]},"properties":{"FID":1004,"Source_id":1,"Shape_Leng":125.63629865,"Region":"ASIA","Segment":"Blasting Solutions","Method":"Road","Product_tr":"Initiating System","Segment_id":480,"Shape_Le_1":0.00079086908372499995,"Road":"Road_1","Length":71.275100905900004,"ID":"Road_1_480"}},{"type":"Feature","id":1005,"geometry":{"type":"LineString","coordinates":[[121.62701681677277,36.913589105153108],[121.62623928181745,36.913438351798561]]},"properties":{"FID":1005,"Source_id":1,"Shape_Leng":125.63629865,"Region":"ASIA","Segment":"Blasting Solutions","Method":"Road","Product_tr":"Initiating System","Segment_id":481,"Shape_Le_1":0.00079201463411300002,"Road":"Road_1","Length":71.279164225200006,"ID":"Road_1_481"}},{"type":"Feature","id":1006,"geometry":{"type":"LineString","coordinates":[[121.62623928181745,36.913438351798561],[121.62545232826244,36.91332401019497]]},"properties":{"FID":1006,"Source_id":1,"Shape_Leng":125.63629865,"Region":"ASIA","Segment":"Blasting Solutions","Method":"Road","Product_tr":"Initiating System","Segment_id":482,"Shape_Le_1":0.000795216888685,"Road":"Road_1","Length":71.266201688799995,"ID":"Road_1_482"}},{"type":"Feature","id":1007,"geometry":{"type":"LineString","coordinates":[[121.62545232826244,36.91332401019497],[121.62466076298392,36.913231699283529]]},"properties":{"FID":1007,"Source_id":1,"Shape_Leng":125.63629865,"Region":"ASIA","Segment":"Blasting Solutions","Method":"Road","Product_tr":"Initiating System","Segment_id":483,"Shape_Le_1":0.00079692966724000005,"Road":"Road_1","Length":71.278494145500005,"ID":"Road_1_483"}},{"type":"Feature","id":1008,"geometry":{"type":"LineString","coordinates":[[121.62466076298392,36.913231699283529],[121.62386546641824,36.913166819493199]]},"properties":{"FID":1008,"Source_id":1,"Shape_Leng":125.63629865,"Region":"ASIA","Segment":"Blasting Solutions","Method":"Road","Product_tr":"Initiating System","Segment_id":484,"Shape_Le_1":0.00079793860326599997,"Road":"Road_1","Length":71.235870197799997,"ID":"Road_1_484"}},{"type":"Feature","id":1009,"geometry":{"type":"LineString","coordinates":[[121.62386546641824,36.913166819493199],[121.6230665581752,36.913141619590135]]},"properties":{"FID":1009,"Source_id":1,"Shape_Leng":125.63629865,"Region":"ASIA","Segment":"Blasting Solutions","Method":"Road","Product_tr":"Initiating System","Segment_id":485,"Shape_Le_1":0.00079930558356199998,"Road":"Road_1","Length":71.247858874800002,"ID":"Road_1_485"}},{"type":"Feature","id":1010,"geometry":{"type":"LineString","coordinates":[[121.6230665581752,36.913141619590135],[121.62226838287961,36.913181616038798]]},"properties":{"FID":1010,"Source_id":1,"Shape_Leng":125.63629865,"Region":"ASIA","Segment":"Blasting Solutions","Method":"Road","Product_tr":"Initiating System","Segment_id":486,"Shape_Le_1":0.00079917677543099998,"Road":"Road_1","Length":71.265990789100002,"ID":"Road_1_486"}},{"type":"Feature","id":1011,"geometry":{"type":"LineString","coordinates":[[121.62226838287961,36.913181616038798],[121.62147239473529,36.91324276094474]]},"properties":{"FID":1011,"Source_id":1,"Shape_Leng":125.63629865,"Region":"ASIA","Segment":"Blasting Solutions","Method":"Road","Product_tr":"Initiating System","Segment_id":487,"Shape_Le_1":0.000798333154402,"Road":"Road_1","Length":71.256507190500002,"ID":"Road_1_487"}},{"type":"Feature","id":1012,"geometry":{"type":"LineString","coordinates":[[121.62147239473529,36.91324276094474],[121.62068188166359,36.913339746532131]]},"properties":{"FID":1012,"Source_id":1,"Shape_Leng":125.63629865,"Region":"ASIA","Segment":"Blasting Solutions","Method":"Road","Product_tr":"Initiating System","Segment_id":488,"Shape_Le_1":0.00079644028068700005,"Road":"Road_1","Length":71.262197892000003,"ID":"Road_1_488"}},{"type":"Feature","id":1013,"geometry":{"type":"LineString","coordinates":[[121.62068188166359,36.913339746532131],[121.61989794803196,36.913466210996887]]},"properties":{"FID":1013,"Source_id":1,"Shape_Leng":125.63629865,"Region":"ASIA","Segment":"Blasting Solutions","Method":"Road","Product_tr":"Initiating System","Segment_id":489,"Shape_Le_1":0.000794068762537,"Road":"Road_1","Length":71.254118356700005,"ID":"Road_1_489"}},{"type":"Feature","id":1014,"geometry":{"type":"LineString","coordinates":[[121.61989794803196,36.913466210996887],[121.61912147427665,36.913620321520682]]},"properties":{"FID":1014,"Source_id":1,"Shape_Leng":125.63629865,"Region":"ASIA","Segment":"Blasting Solutions","Method":"Road","Product_tr":"Initiating System","Segment_id":490,"Shape_Le_1":0.00079161957165499995,"Road":"Road_1","Length":71.275695475399999,"ID":"Road_1_490"}},{"type":"Feature","id":1015,"geometry":{"type":"LineString","coordinates":[[121.61912147427665,36.913620321520682],[121.61834519837225,36.913774959047203]]},"properties":{"FID":1015,"Source_id":1,"Shape_Leng":125.63629865,"Region":"ASIA","Segment":"Blasting Solutions","Method":"Road","Product_tr":"Initiating System","Segment_id":491,"Shape_Le_1":0.00079152829662600002,"Road":"Road_1","Length":71.272503878999999,"ID":"Road_1_491"}},{"type":"Feature","id":1016,"geometry":{"type":"LineString","coordinates":[[121.61834519837225,36.913774959047203],[121.61757297301438,36.913942178089087]]},"properties":{"FID":1016,"Source_id":1,"Shape_Leng":125.63629865,"Region":"ASIA","Segment":"Blasting Solutions","Method":"Road","Product_tr":"Initiating System","Segment_id":492,"Shape_Le_1":0.00079012290899500002,"Road":"Road_1","Length":71.272810786099996,"ID":"Road_1_492"}},{"type":"Feature","id":1017,"geometry":{"type":"LineString","coordinates":[[121.61757297301438,36.913942178089087],[121.61679851014321,36.914102653114981]]},"properties":{"FID":1017,"Source_id":1,"Shape_Leng":125.63629865,"Region":"ASIA","Segment":"Blasting Solutions","Method":"Road","Product_tr":"Initiating System","Segment_id":493,"Shape_Le_1":0.00079091401096800004,"Road":"Road_1","Length":71.274521260499995,"ID":"Road_1_493"}},{"type":"Feature","id":1018,"geometry":{"type":"LineString","coordinates":[[121.61679851014321,36.914102653114981],[121.61602127556148,36.914253660977749]]},"properties":{"FID":1018,"Source_id":1,"Shape_Leng":125.63629865,"Region":"ASIA","Segment":"Blasting Solutions","Method":"Road","Product_tr":"Initiating System","Segment_id":494,"Shape_Le_1":0.00079176825502099996,"Road":"Road_1","Length":71.259198716499995,"ID":"Road_1_494"}},{"type":"Feature","id":1019,"geometry":{"type":"LineString","coordinates":[[121.61602127556148,36.914253660977749],[121.61523802631393,36.914382840495762]]},"properties":{"FID":1019,"Source_id":1,"Shape_Leng":125.63629865,"Region":"ASIA","Segment":"Blasting Solutions","Method":"Road","Product_tr":"Initiating System","Segment_id":495,"Shape_Le_1":0.00079383041744300002,"Road":"Road_1","Length":71.253519059400006,"ID":"Road_1_495"}},{"type":"Feature","id":1020,"geometry":{"type":"LineString","coordinates":[[121.61523802631393,36.914382840495762],[121.61444795121201,36.914479625534341]]},"properties":{"FID":1020,"Source_id":1,"Shape_Leng":125.63629865,"Region":"ASIA","Segment":"Blasting Solutions","Method":"Road","Product_tr":"Initiating System","Segment_id":496,"Shape_Le_1":0.00079598116206600002,"Road":"Road_1","Length":71.219221863100003,"ID":"Road_1_496"}},{"type":"Feature","id":1021,"geometry":{"type":"LineString","coordinates":[[121.61444795121201,36.914479625534341],[121.61365157725857,36.91453868131515]]},"properties":{"FID":1021,"Source_id":1,"Shape_Leng":125.63629865,"Region":"ASIA","Segment":"Blasting Solutions","Method":"Road","Product_tr":"Initiating System","Segment_id":497,"Shape_Le_1":0.00079856061697199999,"Road":"Road_1","Length":71.267841537500004,"ID":"Road_1_497"}},{"type":"Feature","id":1022,"geometry":{"type":"LineString","coordinates":[[121.61365157725857,36.91453868131515],[121.61285309079756,36.914570000205401]]},"properties":{"FID":1022,"Source_id":1,"Shape_Leng":125.63629865,"Region":"ASIA","Segment":"Blasting Solutions","Method":"Road","Product_tr":"Initiating System","Segment_id":498,"Shape_Le_1":0.00079910043254900005,"Road":"Road_1","Length":71.238902379199999,"ID":"Road_1_498"}},{"type":"Feature","id":1023,"geometry":{"type":"LineString","coordinates":[[121.61285309079756,36.914570000205401],[121.61205359799521,36.914575808926486]]},"properties":{"FID":1023,"Source_id":1,"Shape_Leng":125.63629865,"Region":"ASIA","Segment":"Blasting Solutions","Method":"Road","Product_tr":"Initiating System","Segment_id":499,"Shape_Le_1":0.00079951390371899998,"Road":"Road_1","Length":71.246641203099998,"ID":"Road_1_499"}},{"type":"Feature","id":1024,"geometry":{"type":"LineString","coordinates":[[121.61205359799521,36.914575808926486],[121.61125524823115,36.914537133581916]]},"properties":{"FID":1024,"Source_id":1,"Shape_Leng":125.63629865,"Region":"ASIA","Segment":"Blasting Solutions","Method":"Road","Product_tr":"Initiating System","Segment_id":500,"Shape_Le_1":0.000799286011428,"Road":"Road_1","Length":71.271235797299994,"ID":"Road_1_500"}},{"type":"Feature","id":1025,"geometry":{"type":"LineString","coordinates":[[121.61125524823115,36.914537133581916],[121.61045696321833,36.914497656042045]]},"properties":{"FID":1025,"Source_id":1,"Shape_Leng":125.63629865,"Region":"ASIA","Segment":"Blasting Solutions","Method":"Road","Product_tr":"Initiating System","Segment_id":501,"Shape_Le_1":0.00079926055692000001,"Road":"Road_1","Length":71.2709294175,"ID":"Road_1_501"}},{"type":"Feature","id":1026,"geometry":{"type":"LineString","coordinates":[[121.61045696321833,36.914497656042045],[121.60965863144077,36.914458888067259]]},"properties":{"FID":1026,"Source_id":1,"Shape_Leng":125.63629865,"Region":"ASIA","Segment":"Blasting Solutions","Method":"Road","Product_tr":"Initiating System","Segment_id":502,"Shape_Le_1":0.00079927253357700003,"Road":"Road_1","Length":71.270328206399995,"ID":"Road_1_502"}},{"type":"Feature","id":1027,"geometry":{"type":"LineString","coordinates":[[121.60965863144077,36.914458888067259],[121.6088602636903,36.914420691162036]]},"properties":{"FID":1027,"Source_id":1,"Shape_Leng":125.63629865,"Region":"ASIA","Segment":"Blasting Solutions","Method":"Road","Product_tr":"Initiating System","Segment_id":503,"Shape_Le_1":0.00079928096971400005,"Road":"Road_1","Length":71.269766167900002,"ID":"Road_1_503"}},{"type":"Feature","id":1028,"geometry":{"type":"LineString","coordinates":[[121.6088602636903,36.914420691162036],[121.60806190223502,36.914382484364239]]},"properties":{"FID":1028,"Source_id":1,"Shape_Leng":125.63629865,"Region":"ASIA","Segment":"Blasting Solutions","Method":"Road","Product_tr":"Initiating System","Segment_id":504,"Shape_Le_1":0.00079927515454699999,"Road":"Road_1","Length":71.269306911000001,"ID":"Road_1_504"}},{"type":"Feature","id":1029,"geometry":{"type":"LineString","coordinates":[[121.60806190223502,36.914382484364239],[121.60726498329245,36.914328462988237]]},"properties":{"FID":1029,"Source_id":1,"Shape_Leng":125.63629865,"Region":"ASIA","Segment":"Blasting Solutions","Method":"Road","Product_tr":"Initiating System","Segment_id":505,"Shape_Le_1":0.00079874783886499997,"Road":"Road_1","Length":71.2671710499,"ID":"Road_1_505"}},{"type":"Feature","id":1030,"geometry":{"type":"LineString","coordinates":[[121.60726498329245,36.914328462988237],[121.60646817226836,36.914273332748166]]},"properties":{"FID":1030,"Source_id":1,"Shape_Leng":125.63629865,"Region":"ASIA","Segment":"Blasting Solutions","Method":"Road","Product_tr":"Initiating System","Segment_id":506,"Shape_Le_1":0.000798715939167,"Road":"Road_1","Length":71.268097380300006,"ID":"Road_1_506"}},{"type":"Feature","id":1031,"geometry":{"type":"LineString","coordinates":[[121.60646817226836,36.914273332748166],[121.6056714331902,36.914217601760981]]},"properties":{"FID":1031,"Source_id":1,"Shape_Leng":125.63629865,"Region":"ASIA","Segment":"Blasting Solutions","Method":"Road","Product_tr":"Initiating System","Segment_id":507,"Shape_Le_1":0.00079868585915500001,"Road":"Road_1","Length":71.267515767800006,"ID":"Road_1_507"}},{"type":"Feature","id":1032,"geometry":{"type":"LineString","coordinates":[[121.6056714331902,36.914217601760981],[121.60487546662955,36.914155365977422]]},"properties":{"FID":1032,"Source_id":1,"Shape_Leng":125.63629865,"Region":"ASIA","Segment":"Blasting Solutions","Method":"Road","Product_tr":"Initiating System","Segment_id":508,"Shape_Le_1":0.00079839592835899995,"Road":"Road_1","Length":71.265325374400007,"ID":"Road_1_508"}},{"type":"Feature","id":1033,"geometry":{"type":"LineString","coordinates":[[121.60487546662955,36.914155365977422],[121.60407858096175,36.914101240280047]]},"properties":{"FID":1033,"Source_id":1,"Shape_Leng":125.63629865,"Region":"ASIA","Segment":"Blasting Solutions","Method":"Road","Product_tr":"Initiating System","Segment_id":509,"Shape_Le_1":0.00079872170288199996,"Road":"Road_1","Length":71.265401085400001,"ID":"Road_1_509"}},{"type":"Feature","id":1034,"geometry":{"type":"LineString","coordinates":[[121.60407858096175,36.914101240280047],[121.60328102529911,36.914054110408927]]},"properties":{"FID":1034,"Source_id":1,"Shape_Leng":125.63629865,"Region":"ASIA","Segment":"Blasting Solutions","Method":"Road","Product_tr":"Initiating System","Segment_id":510,"Shape_Le_1":0.000798946969308,"Road":"Road_1","Length":71.2637569125,"ID":"Road_1_510"}},{"type":"Feature","id":1035,"geometry":{"type":"LineString","coordinates":[[121.60328102529911,36.914054110408927],[121.60248298849922,36.914012363879522]]},"properties":{"FID":1035,"Source_id":1,"Shape_Leng":125.63629865,"Region":"ASIA","Segment":"Blasting Solutions","Method":"Road","Product_tr":"Initiating System","Segment_id":511,"Shape_Le_1":0.00079912796641100001,"Road":"Road_1","Length":71.2652276739,"ID":"Road_1_511"}},{"type":"Feature","id":1036,"geometry":{"type":"LineString","coordinates":[[121.60248298849922,36.914012363879522],[121.60168490493447,36.913971282848479]]},"properties":{"FID":1036,"Source_id":1,"Shape_Leng":125.63629865,"Region":"ASIA","Segment":"Blasting Solutions","Method":"Road","Product_tr":"Initiating System","Segment_id":512,"Shape_Le_1":0.00079914018008700005,"Road":"Road_1","Length":71.264661734900002,"ID":"Road_1_512"}},{"type":"Feature","id":1037,"geometry":{"type":"LineString","coordinates":[[121.60168490493447,36.913971282848479],[121.60088723775584,36.913925376954637]]},"properties":{"FID":1037,"Source_id":1,"Shape_Leng":125.63629865,"Region":"ASIA","Segment":"Blasting Solutions","Method":"Road","Product_tr":"Initiating System","Segment_id":513,"Shape_Le_1":0.00079898703303299997,"Road":"Road_1","Length":71.263948173900005,"ID":"Road_1_513"}},{"type":"Feature","id":1038,"geometry":{"type":"LineString","coordinates":[[121.60088723775584,36.913925376954637],[121.60009056522745,36.913872057049844]]},"properties":{"FID":1038,"Source_id":1,"Shape_Leng":125.63629865,"Region":"ASIA","Segment":"Blasting Solutions","Method":"Road","Product_tr":"Initiating System","Segment_id":514,"Shape_Le_1":0.00079845483888999998,"Road":"Road_1","Length":71.239204091900007,"ID":"Road_1_514"}},{"type":"Feature","id":1039,"geometry":{"type":"LineString","coordinates":[[121.60009056522745,36.913872057049844],[121.59929488734929,36.913807768114054]]},"properties":{"FID":1039,"Source_id":1,"Shape_Leng":125.63629865,"Region":"ASIA","Segment":"Blasting Solutions","Method":"Road","Product_tr":"Initiating System","Segment_id":515,"Shape_Le_1":0.00079827085194,"Road":"Road_1","Length":71.26249163,"ID":"Road_1_515"}},{"type":"Feature","id":1040,"geometry":{"type":"LineString","coordinates":[[121.59929488734929,36.913807768114054],[121.59849896665401,36.913746239197621]]},"properties":{"FID":1040,"Source_id":1,"Shape_Leng":125.63629865,"Region":"ASIA","Segment":"Blasting Solutions","Method":"Road","Product_tr":"Initiating System","Segment_id":516,"Shape_Le_1":0.00079829540944200003,"Road":"Road_1","Length":71.254074645800003,"ID":"Road_1_516"}},{"type":"Feature","id":1041,"geometry":{"type":"LineString","coordinates":[[121.59849896665401,36.913746239197621],[121.59770823684573,36.913650400245842]]},"properties":{"FID":1041,"Source_id":1,"Shape_Leng":125.63629865,"Region":"ASIA","Segment":"Blasting Solutions","Method":"Road","Product_tr":"Initiating System","Segment_id":517,"Shape_Le_1":0.000796516625294,"Road":"Road_1","Length":71.261817342599997,"ID":"Road_1_517"}},{"type":"Feature","id":1042,"geometry":{"type":"LineString","coordinates":[[121.59770823684573,36.913650400245842],[121.59691751603066,36.913554552300809]]},"properties":{"FID":1042,"Source_id":1,"Shape_Leng":125.63629865,"Region":"ASIA","Segment":"Blasting Solutions","Method":"Road","Product_tr":"Initiating System","Segment_id":518,"Shape_Le_1":0.00079650877958799997,"Road":"Road_1","Length":71.261261031100005,"ID":"Road_1_518"}},{"type":"Feature","id":1043,"geometry":{"type":"LineString","coordinates":[[121.59691751603066,36.913554552300809],[121.59612879620704,36.913449037543103]]},"properties":{"FID":1043,"Source_id":1,"Shape_Leng":125.63629865,"Region":"ASIA","Segment":"Blasting Solutions","Method":"Road","Product_tr":"Initiating System","Segment_id":519,"Shape_Le_1":0.00079574639443800001,"Road":"Road_1","Length":71.253463789700007,"ID":"Road_1_519"}},{"type":"Feature","id":1044,"geometry":{"type":"LineString","coordinates":[[121.59612879620704,36.913449037543103],[121.59534252793537,36.913332031248274]]},"properties":{"FID":1044,"Source_id":1,"Shape_Leng":125.63629865,"Region":"ASIA","Segment":"Blasting Solutions","Method":"Road","Product_tr":"Initiating System","Segment_id":520,"Shape_Le_1":0.000794926580296,"Road":"Road_1","Length":71.259394448500004,"ID":"Road_1_520"}},{"type":"Feature","id":1045,"geometry":{"type":"LineString","coordinates":[[121.59534252793537,36.913332031248274],[121.59455671112335,36.913213088713121]]},"properties":{"FID":1045,"Source_id":1,"Shape_Leng":125.63629865,"Region":"ASIA","Segment":"Blasting Solutions","Method":"Road","Product_tr":"Initiating System","Segment_id":521,"Shape_Le_1":0.00079476750608700004,"Road":"Road_1","Length":71.259433319600006,"ID":"Road_1_521"}},{"type":"Feature","id":1046,"geometry":{"type":"LineString","coordinates":[[121.59455671112335,36.913213088713121],[121.5937755878731,36.913076637277015]]},"properties":{"FID":1046,"Source_id":1,"Shape_Leng":125.63629865,"Region":"ASIA","Segment":"Blasting Solutions","Method":"Road","Product_tr":"Initiating System","Segment_id":522,"Shape_Le_1":0.00079295178068700004,"Road":"Road_1","Length":71.236169031399996,"ID":"Road_1_522"}},{"type":"Feature","id":1047,"geometry":{"type":"LineString","coordinates":[[121.5937755878731,36.913076637277015],[121.59300625473497,36.912901720038406]]},"properties":{"FID":1047,"Source_id":1,"Shape_Leng":125.63629865,"Region":"ASIA","Segment":"Blasting Solutions","Method":"Road","Product_tr":"Initiating System","Segment_id":523,"Shape_Le_1":0.00078896737434299997,"Road":"Road_1","Length":71.252737882000005,"ID":"Road_1_523"}},{"type":"Feature","id":1048,"geometry":{"type":"LineString","coordinates":[[121.59300625473497,36.912901720038406],[121.59223570571328,36.912731268833056]]},"properties":{"FID":1048,"Source_id":1,"Shape_Leng":125.63629865,"Region":"ASIA","Segment":"Blasting Solutions","Method":"Road","Product_tr":"Initiating System","Segment_id":524,"Shape_Le_1":0.00078917641135599998,"Road":"Road_1","Length":71.223915724299999,"ID":"Road_1_524"}},{"type":"Feature","id":1049,"geometry":{"type":"LineString","coordinates":[[121.59223570571328,36.912731268833056],[121.59146592651132,36.912557521612371]]},"properties":{"FID":1049,"Source_id":1,"Shape_Leng":125.63629865,"Region":"ASIA","Segment":"Blasting Solutions","Method":"Road","Product_tr":"Initiating System","Segment_id":525,"Shape_Le_1":0.00078914391366000005,"Road":"Road_1","Length":71.256036857300003,"ID":"Road_1_525"}},{"type":"Feature","id":1050,"geometry":{"type":"LineString","coordinates":[[121.59146592651132,36.912557521612371],[121.5906967759355,36.912381994633392]]},"properties":{"FID":1050,"Source_id":1,"Shape_Leng":125.63629865,"Region":"ASIA","Segment":"Blasting Solutions","Method":"Road","Product_tr":"Initiating System","Segment_id":526,"Shape_Le_1":0.00078892479276200002,"Road":"Road_1","Length":71.255999711399994,"ID":"Road_1_526"}},{"type":"Feature","id":1051,"geometry":{"type":"LineString","coordinates":[[121.5906967759355,36.912381994633392],[121.58992898783254,36.912203696843164]]},"properties":{"FID":1051,"Source_id":1,"Shape_Leng":125.63629865,"Region":"ASIA","Segment":"Blasting Solutions","Method":"Road","Product_tr":"Initiating System","Segment_id":527,"Shape_Le_1":0.00078821867083299997,"Road":"Road_1","Length":71.224180689700006,"ID":"Road_1_527"}},{"type":"Feature","id":1052,"geometry":{"type":"LineString","coordinates":[[121.58992898783254,36.912203696843164],[121.58917522735487,36.911989477432485]]},"properties":{"FID":1052,"Source_id":1,"Shape_Leng":125.63629865,"Region":"ASIA","Segment":"Blasting Solutions","Method":"Road","Product_tr":"Initiating System","Segment_id":528,"Shape_Le_1":0.00078361011581100002,"Road":"Road_1","Length":71.253491023500004,"ID":"Road_1_528"}},{"type":"Feature","id":1053,"geometry":{"type":"LineString","coordinates":[[121.58917522735487,36.911989477432485],[121.58842833769768,36.911760576589415]]},"properties":{"FID":1053,"Source_id":1,"Shape_Leng":125.63629865,"Region":"ASIA","Segment":"Blasting Solutions","Method":"Road","Product_tr":"Initiating System","Segment_id":529,"Shape_Le_1":0.00078117844055000001,"Road":"Road_1","Length":71.2413252984,"ID":"Road_1_529"}},{"type":"Feature","id":1054,"geometry":{"type":"LineString","coordinates":[[121.58842833769768,36.911760576589415],[121.58768477643139,36.911524546820431]]},"properties":{"FID":1054,"Source_id":1,"Shape_Leng":125.63629865,"Region":"ASIA","Segment":"Blasting Solutions","Method":"Road","Product_tr":"Initiating System","Segment_id":530,"Shape_Le_1":0.00078012397000400005,"Road":"Road_1","Length":71.251507082000003,"ID":"Road_1_530"}},{"type":"Feature","id":1055,"geometry":{"type":"LineString","coordinates":[[121.58768477643139,36.911524546820431],[121.5869377123056,36.911295904082749]]},"properties":{"FID":1055,"Source_id":1,"Shape_Leng":125.63629865,"Region":"ASIA","Segment":"Blasting Solutions","Method":"Road","Product_tr":"Initiating System","Segment_id":531,"Shape_Le_1":0.00078126967785500001,"Road":"Road_1","Length":71.246021629300003,"ID":"Road_1_531"}},{"type":"Feature","id":1056,"geometry":{"type":"LineString","coordinates":[[121.5869377123056,36.911295904082749],[121.58619876995738,36.911050783966573]]},"properties":{"FID":1056,"Source_id":1,"Shape_Leng":125.63629865,"Region":"ASIA","Segment":"Blasting Solutions","Method":"Road","Product_tr":"Initiating System","Segment_id":532,"Shape_Le_1":0.00077853687475200003,"Road":"Road_1","Length":71.248280756900002,"ID":"Road_1_532"}},{"type":"Feature","id":1057,"geometry":{"type":"LineString","coordinates":[[121.58619876995738,36.911050783966573],[121.58546336194468,36.910798837996026]]},"properties":{"FID":1057,"Source_id":1,"Shape_Leng":125.63629865,"Region":"ASIA","Segment":"Blasting Solutions","Method":"Road","Product_tr":"Initiating System","Segment_id":533,"Shape_Le_1":0.00077736845653799997,"Road":"Road_1","Length":71.251310041300002,"ID":"Road_1_533"}},{"type":"Feature","id":1058,"geometry":{"type":"LineString","coordinates":[[121.58546336194468,36.910798837996026],[121.58473796608428,36.910528972134387]]},"properties":{"FID":1058,"Source_id":1,"Shape_Leng":125.63629865,"Region":"ASIA","Segment":"Blasting Solutions","Method":"Road","Product_tr":"Initiating System","Segment_id":534,"Shape_Le_1":0.00077396817606599998,"Road":"Road_1","Length":71.244561449000003,"ID":"Road_1_534"}},{"type":"Feature","id":1059,"geometry":{"type":"LineString","coordinates":[[121.58473796608428,36.910528972134387],[121.58401440663965,36.910255837237173]]},"properties":{"FID":1059,"Source_id":1,"Shape_Leng":125.63629865,"Region":"ASIA","Segment":"Blasting Solutions","Method":"Road","Product_tr":"Initiating System","Segment_id":535,"Shape_Le_1":0.00077339572146400005,"Road":"Road_1","Length":71.249888565600003,"ID":"Road_1_535"}},{"type":"Feature","id":1060,"geometry":{"type":"LineString","coordinates":[[121.58401440663965,36.910255837237173],[121.58330322096697,36.909962779658599]]},"properties":{"FID":1060,"Source_id":1,"Shape_Leng":125.63629865,"Region":"ASIA","Segment":"Blasting Solutions","Method":"Road","Product_tr":"Initiating System","Segment_id":536,"Shape_Le_1":0.00076919945748299997,"Road":"Road_1","Length":71.235579368299994,"ID":"Road_1_536"}},{"type":"Feature","id":1061,"geometry":{"type":"LineString","coordinates":[[121.58330322096697,36.909962779658599],[121.58259597522419,36.90966339265151]]},"properties":{"FID":1061,"Source_id":1,"Shape_Leng":125.63629865,"Region":"ASIA","Segment":"Blasting Solutions","Method":"Road","Product_tr":"Initiating System","Segment_id":537,"Shape_Le_1":0.00076800333377299997,"Road":"Road_1","Length":71.248421808100005,"ID":"Road_1_537"}},{"type":"Feature","id":1062,"geometry":{"type":"LineString","coordinates":[[121.58259597522419,36.90966339265151],[121.58189359031701,36.909356862329389]]},"properties":{"FID":1062,"Source_id":1,"Shape_Leng":125.63629865,"Region":"ASIA","Segment":"Blasting Solutions","Method":"Road","Product_tr":"Initiating System","Segment_id":538,"Shape_Le_1":0.00076635852981599996,"Road":"Road_1","Length":71.240837142199993,"ID":"Road_1_538"}},{"type":"Feature","id":1063,"geometry":{"type":"LineString","coordinates":[[121.58189359031701,36.909356862329389],[121.58119359580792,36.909046724826567]]},"properties":{"FID":1063,"Source_id":1,"Shape_Leng":125.63629865,"Region":"ASIA","Segment":"Blasting Solutions","Method":"Road","Product_tr":"Initiating System","Segment_id":539,"Shape_Le_1":0.00076562235038900002,"Road":"Road_1","Length":71.246476485100004,"ID":"Road_1_539"}},{"type":"Feature","id":1064,"geometry":{"type":"LineString","coordinates":[[121.58119359580792,36.909046724826567],[121.58050023200019,36.908727689431373]]},"properties":{"FID":1064,"Source_id":1,"Shape_Leng":125.63629865,"Region":"ASIA","Segment":"Blasting Solutions","Method":"Road","Product_tr":"Initiating System","Segment_id":540,"Shape_Le_1":0.00076324108462000003,"Road":"Road_1","Length":71.215614048299997,"ID":"Road_1_540"}},{"type":"Feature","id":1065,"geometry":{"type":"LineString","coordinates":[[121.58050023200019,36.908727689431373],[121.57982671263278,36.908381830856854]]},"properties":{"FID":1065,"Source_id":1,"Shape_Leng":125.63629865,"Region":"ASIA","Segment":"Blasting Solutions","Method":"Road","Product_tr":"Initiating System","Segment_id":541,"Shape_Le_1":0.000757130432518,"Road":"Road_1","Length":71.245441250799999,"ID":"Road_1_541"}},{"type":"Feature","id":1066,"geometry":{"type":"LineString","coordinates":[[121.57982671263278,36.908381830856854],[121.57915388754191,36.908035135912826]]},"properties":{"FID":1066,"Source_id":1,"Shape_Leng":125.63629865,"Region":"ASIA","Segment":"Blasting Solutions","Method":"Road","Product_tr":"Initiating System","Segment_id":542,"Shape_Le_1":0.00075689562498700003,"Road":"Road_1","Length":71.243632139200002,"ID":"Road_1_542"}},{"type":"Feature","id":1067,"geometry":{"type":"LineString","coordinates":[[121.57915388754191,36.908035135912826],[121.57849019686512,36.907677265993073]]},"properties":{"FID":1067,"Source_id":1,"Shape_Leng":125.63629865,"Region":"ASIA","Segment":"Blasting Solutions","Method":"Road","Product_tr":"Initiating System","Segment_id":543,"Shape_Le_1":0.000754026653322,"Road":"Road_1","Length":71.243909937400005,"ID":"Road_1_543"}},{"type":"Feature","id":1068,"geometry":{"type":"LineString","coordinates":[[121.57849019686512,36.907677265993073],[121.57784098257537,36.907303582394491]]},"properties":{"FID":1068,"Source_id":1,"Shape_Leng":125.63629865,"Region":"ASIA","Segment":"Blasting Solutions","Method":"Road","Product_tr":"Initiating System","Segment_id":544,"Shape_Le_1":0.00074907851782500003,"Road":"Road_1","Length":71.184622781300007,"ID":"Road_1_544"}},{"type":"Feature","id":1069,"geometry":{"type":"LineString","coordinates":[[121.57784098257537,36.907303582394491],[121.57719676132149,36.906923490226973]]},"properties":{"FID":1069,"Source_id":1,"Shape_Leng":125.63629865,"Region":"ASIA","Segment":"Blasting Solutions","Method":"Road","Product_tr":"Initiating System","Segment_id":545,"Shape_Le_1":0.00074799136342400003,"Road":"Road_1","Length":71.242420681699997,"ID":"Road_1_545"}},{"type":"Feature","id":1070,"geometry":{"type":"LineString","coordinates":[[121.57719676132149,36.906923490226973],[121.57655734874277,36.906538217065133]]},"properties":{"FID":1070,"Source_id":1,"Shape_Leng":125.63629865,"Region":"ASIA","Segment":"Blasting Solutions","Method":"Road","Product_tr":"Initiating System","Segment_id":546,"Shape_Le_1":0.00074651447076400004,"Road":"Road_1","Length":71.241321399100002,"ID":"Road_1_546"}},{"type":"Feature","id":1071,"geometry":{"type":"LineString","coordinates":[[121.57655734874277,36.906538217065133],[121.5759184137039,36.906152442980897]]},"properties":{"FID":1071,"Source_id":1,"Shape_Leng":125.63629865,"Region":"ASIA","Segment":"Blasting Solutions","Method":"Road","Product_tr":"Initiating System","Segment_id":547,"Shape_Le_1":0.00074636427296400005,"Road":"Road_1","Length":71.2409043384,"ID":"Road_1_547"}},{"type":"Feature","id":1072,"geometry":{"type":"LineString","coordinates":[[121.5759184137039,36.906152442980897],[121.57529023815403,36.905755789797922]]},"properties":{"FID":1072,"Source_id":1,"Shape_Leng":125.63629865,"Region":"ASIA","Segment":"Blasting Solutions","Method":"Road","Product_tr":"Initiating System","Segment_id":548,"Shape_Le_1":0.00074292548013100003,"Road":"Road_1","Length":71.216897201999998,"ID":"Road_1_548"}},{"type":"Feature","id":1073,"geometry":{"type":"LineString","coordinates":[[121.57529023815403,36.905755789797922],[121.57468300781466,36.905338322705461]]},"properties":{"FID":1073,"Source_id":1,"Shape_Leng":125.63629865,"Region":"ASIA","Segment":"Blasting Solutions","Method":"Road","Product_tr":"Initiating System","Segment_id":549,"Shape_Le_1":0.00073689039777899998,"Road":"Road_1","Length":71.239351450000001,"ID":"Road_1_549"}},{"type":"Feature","id":1074,"geometry":{"type":"LineString","coordinates":[[121.57468300781466,36.905338322705461],[121.57407579096503,36.904920856512376]]},"properties":{"FID":1074,"Source_id":1,"Shape_Leng":125.63629865,"Region":"ASIA","Segment":"Blasting Solutions","Method":"Road","Product_tr":"Initiating System","Segment_id":550,"Shape_Le_1":0.00073687877214899996,"Road":"Road_1","Length":71.238595116900001,"ID":"Road_1_550"}},{"type":"Feature","id":1075,"geometry":{"type":"LineString","coordinates":[[121.57407579096503,36.904920856512376],[121.57348534377365,36.904488180984799]]},"properties":{"FID":1075,"Source_id":1,"Shape_Leng":125.63629865,"Region":"ASIA","Segment":"Blasting Solutions","Method":"Road","Product_tr":"Initiating System","Segment_id":551,"Shape_Le_1":0.00073200819528299998,"Road":"Road_1","Length":71.236820420900003,"ID":"Road_1_551"}},{"type":"Feature","id":1076,"geometry":{"type":"LineString","coordinates":[[121.57348534377365,36.904488180984799],[121.57290203360208,36.904049418845659]]},"properties":{"FID":1076,"Source_id":1,"Shape_Leng":125.63629865,"Region":"ASIA","Segment":"Blasting Solutions","Method":"Road","Product_tr":"Initiating System","Segment_id":552,"Shape_Le_1":0.00072990613849299995,"Road":"Road_1","Length":71.228506682499997,"ID":"Road_1_552"}},{"type":"Feature","id":1077,"geometry":{"type":"LineString","coordinates":[[121.57290203360208,36.904049418845659],[121.57233242550114,36.903599153478183]]},"properties":{"FID":1077,"Source_id":1,"Shape_Leng":125.63629865,"Region":"ASIA","Segment":"Blasting Solutions","Method":"Road","Product_tr":"Initiating System","Segment_id":553,"Shape_Le_1":0.00072608008497399999,"Road":"Road_1","Length":71.232018242999999,"ID":"Road_1_553"}},{"type":"Feature","id":1078,"geometry":{"type":"LineString","coordinates":[[121.57233242550114,36.903599153478183],[121.57177613725901,36.90313823204383]]},"properties":{"FID":1078,"Source_id":1,"Shape_Leng":125.63629865,"Region":"ASIA","Segment":"Blasting Solutions","Method":"Road","Product_tr":"Initiating System","Segment_id":554,"Shape_Le_1":0.00072243004989199996,"Road":"Road_1","Length":71.235455896100007,"ID":"Road_1_554"}},{"type":"Feature","id":1079,"geometry":{"type":"LineString","coordinates":[[121.57177613725901,36.90313823204383],[121.57122071866127,36.90267664870845]]},"properties":{"FID":1079,"Source_id":1,"Shape_Leng":125.63629865,"Region":"ASIA","Segment":"Blasting Solutions","Method":"Road","Product_tr":"Initiating System","Segment_id":555,"Shape_Le_1":0.00072218349068499995,"Road":"Road_1","Length":71.234541844099994,"ID":"Road_1_555"}},{"type":"Feature","id":1080,"geometry":{"type":"LineString","coordinates":[[121.57122071866127,36.90267664870845],[121.57066409767003,36.902216051029995]]},"properties":{"FID":1080,"Source_id":1,"Shape_Leng":125.63629865,"Region":"ASIA","Segment":"Blasting Solutions","Method":"Road","Product_tr":"Initiating System","Segment_id":556,"Shape_Le_1":0.00072247986081199996,"Road":"Road_1","Length":71.230722041600004,"ID":"Road_1_556"}},{"type":"Feature","id":1081,"geometry":{"type":"LineString","coordinates":[[121.57066409767003,36.902216051029995],[121.57012438932918,36.90174262182461]]},"properties":{"FID":1081,"Source_id":1,"Shape_Leng":125.63629865,"Region":"ASIA","Segment":"Blasting Solutions","Method":"Road","Product_tr":"Initiating System","Segment_id":557,"Shape_Le_1":0.00071792778585099998,"Road":"Road_1","Length":71.233157252799998,"ID":"Road_1_557"}},{"type":"Feature","id":1082,"geometry":{"type":"LineString","coordinates":[[121.57012438932918,36.90174262182461],[121.56960954184694,36.901251690912829]]},"properties":{"FID":1082,"Source_id":1,"Shape_Leng":125.63629865,"Region":"ASIA","Segment":"Blasting Solutions","Method":"Road","Product_tr":"Initiating System","Segment_id":558,"Shape_Le_1":0.00071139376586199995,"Road":"Road_1","Length":71.230594702499999,"ID":"Road_1_558"}},{"type":"Feature","id":1083,"geometry":{"type":"LineString","coordinates":[[121.56960954184694,36.901251690912829],[121.56909538684272,36.900760283360455]]},"properties":{"FID":1083,"Source_id":1,"Shape_Leng":125.63629865,"Region":"ASIA","Segment":"Blasting Solutions","Method":"Road","Product_tr":"Initiating System","Segment_id":559,"Shape_Le_1":0.000711222012385,"Road":"Road_1","Length":71.231525742800002,"ID":"Road_1_559"}},{"type":"Feature","id":1084,"geometry":{"type":"LineString","coordinates":[[121.56909538684272,36.900760283360455],[121.56858746503951,36.900264735329301]]},"properties":{"FID":1084,"Source_id":1,"Shape_Leng":125.63629865,"Region":"ASIA","Segment":"Blasting Solutions","Method":"Road","Product_tr":"Initiating System","Segment_id":560,"Shape_Le_1":0.00070961426800200005,"Road":"Road_1","Length":71.229743315099995,"ID":"Road_1_560"}},{"type":"Feature","id":1085,"geometry":{"type":"LineString","coordinates":[[121.56858746503951,36.900264735329301],[121.56807494860004,36.899772287261328]]},"properties":{"FID":1085,"Source_id":1,"Shape_Leng":125.63629865,"Region":"ASIA","Segment":"Blasting Solutions","Method":"Road","Product_tr":"Initiating System","Segment_id":561,"Shape_Le_1":0.00071075889046800004,"Road":"Road_1","Length":71.226592465400003,"ID":"Road_1_561"}},{"type":"Feature","id":1086,"geometry":{"type":"LineString","coordinates":[[121.56807494860004,36.899772287261328],[121.5675590758907,36.899282083001765]]},"properties":{"FID":1086,"Source_id":1,"Shape_Leng":125.63629865,"Region":"ASIA","Segment":"Blasting Solutions","Method":"Road","Product_tr":"Initiating System","Segment_id":562,"Shape_Le_1":0.00071163534787099998,"Road":"Road_1","Length":71.228632334899999,"ID":"Road_1_562"}},{"type":"Feature","id":1087,"geometry":{"type":"LineString","coordinates":[[121.5675590758907,36.899282083001765],[121.56704845702075,36.898788348003905]]},"properties":{"FID":1087,"Source_id":1,"Shape_Leng":125.63629865,"Region":"ASIA","Segment":"Blasting Solutions","Method":"Road","Product_tr":"Initiating System","Segment_id":563,"Shape_Le_1":0.00071028577239299999,"Road":"Road_1","Length":71.228416351299998,"ID":"Road_1_563"}},{"type":"Feature","id":1088,"geometry":{"type":"LineString","coordinates":[[121.56704845702075,36.898788348003905],[121.56653784984201,36.898294616603323]]},"properties":{"FID":1088,"Source_id":1,"Shape_Leng":125.63629865,"Region":"ASIA","Segment":"Blasting Solutions","Method":"Road","Product_tr":"Initiating System","Segment_id":564,"Shape_Le_1":0.00071027486714700004,"Road":"Road_1","Length":71.227627271800003,"ID":"Road_1_564"}},{"type":"Feature","id":1089,"geometry":{"type":"LineString","coordinates":[[121.56653784984201,36.898294616603323],[121.56602717701264,36.897800940960735]]},"properties":{"FID":1089,"Source_id":1,"Shape_Leng":125.63629865,"Region":"ASIA","Segment":"Blasting Solutions","Method":"Road","Product_tr":"Initiating System","Segment_id":565,"Shape_Le_1":0.00071028330878299996,"Road":"Road_1","Length":71.226790362599999,"ID":"Road_1_565"}},{"type":"Feature","id":1090,"geometry":{"type":"LineString","coordinates":[[121.56602717701264,36.897800940960735],[121.56551700600505,36.897306946958111]]},"properties":{"FID":1090,"Source_id":1,"Shape_Leng":125.63629865,"Region":"ASIA","Segment":"Blasting Solutions","Method":"Road","Product_tr":"Initiating System","Segment_id":566,"Shape_Le_1":0.00071014402174099996,"Road":"Road_1","Length":71.225589384700001,"ID":"Road_1_566"}},{"type":"Feature","id":1091,"geometry":{"type":"LineString","coordinates":[[121.56551700600505,36.897306946958111],[121.56502264328037,36.896802696187535]]},"properties":{"FID":1091,"Source_id":1,"Shape_Leng":125.63629865,"Region":"ASIA","Segment":"Blasting Solutions","Method":"Road","Product_tr":"Initiating System","Segment_id":567,"Shape_Le_1":0.000706160989562,"Road":"Road_1","Length":71.225349893800001,"ID":"Road_1_567"}},{"type":"Feature","id":1092,"geometry":{"type":"LineString","coordinates":[[121.56502264328037,36.896802696187535],[121.56449109718642,36.896323551790545]]},"properties":{"FID":1092,"Source_id":1,"Shape_Leng":125.63629865,"Region":"ASIA","Segment":"Blasting Solutions","Method":"Road","Product_tr":"Initiating System","Segment_id":568,"Shape_Le_1":0.00071562602186100001,"Road":"Road_1","Length":71.218444671699999,"ID":"Road_1_568"}},{"type":"Feature","id":1093,"geometry":{"type":"LineString","coordinates":[[121.56449109718642,36.896323551790545],[121.56397103273707,36.895836287414795]]},"properties":{"FID":1093,"Source_id":1,"Shape_Leng":125.63629865,"Region":"ASIA","Segment":"Blasting Solutions","Method":"Road","Product_tr":"Initiating System","Segment_id":569,"Shape_Le_1":0.00071266654428899998,"Road":"Road_1","Length":71.223680983199998,"ID":"Road_1_569"}},{"type":"Feature","id":1094,"geometry":{"type":"LineString","coordinates":[[121.56397103273707,36.895836287414795],[121.56345097907945,36.895349025737005]]},"properties":{"FID":1094,"Source_id":1,"Shape_Leng":125.63629865,"Region":"ASIA","Segment":"Blasting Solutions","Method":"Road","Product_tr":"Initiating System","Segment_id":570,"Shape_Le_1":0.000712656824461,"Road":"Road_1","Length":71.223016037999997,"ID":"Road_1_570"}},{"type":"Feature","id":1095,"geometry":{"type":"LineString","coordinates":[[121.56345097907945,36.895349025737005],[121.56294728498926,36.894850868772608]]},"properties":{"FID":1095,"Source_id":1,"Shape_Leng":125.63629865,"Region":"ASIA","Segment":"Blasting Solutions","Method":"Road","Product_tr":"Initiating System","Segment_id":571,"Shape_Le_1":0.00070842649418600002,"Road":"Road_1","Length":71.2173430454,"ID":"Road_1_571"}},{"type":"Feature","id":1096,"geometry":{"type":"LineString","coordinates":[[121.56294728498926,36.894850868772608],[121.5624315480776,36.894360687895471]]},"properties":{"FID":1096,"Source_id":1,"Shape_Leng":125.63629865,"Region":"ASIA","Segment":"Blasting Solutions","Method":"Road","Product_tr":"Initiating System","Segment_id":572,"Shape_Le_1":0.000711520803888,"Road":"Road_1","Length":71.220708507200001,"ID":"Road_1_572"}},{"type":"Feature","id":1097,"geometry":{"type":"LineString","coordinates":[[121.5624315480776,36.894360687895471],[121.56191882659266,36.893868473651196]]},"properties":{"FID":1097,"Source_id":1,"Shape_Leng":125.63629865,"Region":"ASIA","Segment":"Blasting Solutions","Method":"Road","Product_tr":"Initiating System","Segment_id":573,"Shape_Le_1":0.00071074480890400001,"Road":"Road_1","Length":71.220626923400005,"ID":"Road_1_573"}},{"type":"Feature","id":1098,"geometry":{"type":"LineString","coordinates":[[121.56191882659266,36.893868473651196],[121.56140798738875,36.893375010248576]]},"properties":{"FID":1098,"Source_id":1,"Shape_Leng":125.63629865,"Region":"ASIA","Segment":"Blasting Solutions","Method":"Road","Product_tr":"Initiating System","Segment_id":574,"Shape_Le_1":0.00071025546247699997,"Road":"Road_1","Length":71.219804219799997,"ID":"Road_1_574"}},{"type":"Feature","id":1099,"geometry":{"type":"LineString","coordinates":[[121.56140798738875,36.893375010248576],[121.56089719315105,36.892881527960185]]},"properties":{"FID":1099,"Source_id":1,"Shape_Leng":125.63629865,"Region":"ASIA","Segment":"Blasting Solutions","Method":"Road","Product_tr":"Initiating System","Segment_id":575,"Shape_Le_1":0.00071023624395099997,"Road":"Road_1","Length":71.219037231100003,"ID":"Road_1_575"}},{"type":"Feature","id":1100,"geometry":{"type":"LineString","coordinates":[[121.56089719315105,36.892881527960185],[121.56038627210887,36.892388146395888]]},"properties":{"FID":1100,"Source_id":1,"Shape_Leng":125.63629865,"Region":"ASIA","Segment":"Blasting Solutions","Method":"Road","Product_tr":"Initiating System","Segment_id":576,"Shape_Le_1":0.00071025747396899995,"Road":"Road_1","Length":71.217853473299996,"ID":"Road_1_576"}},{"type":"Feature","id":1101,"geometry":{"type":"LineString","coordinates":[[121.56038627210887,36.892388146395888],[121.55986900365167,36.891899057295689]]},"properties":{"FID":1101,"Source_id":1,"Shape_Leng":125.63629865,"Region":"ASIA","Segment":"Blasting Solutions","Method":"Road","Product_tr":"Initiating System","Segment_id":577,"Shape_Le_1":0.00071188117319500005,"Road":"Road_1","Length":71.217455191799999,"ID":"Road_1_577"}},{"type":"Feature","id":1102,"geometry":{"type":"LineString","coordinates":[[121.55986900365167,36.891899057295689],[121.55935389986269,36.891408514891111]]},"properties":{"FID":1102,"Source_id":1,"Shape_Leng":125.63629865,"Region":"ASIA","Segment":"Blasting Solutions","Method":"Road","Product_tr":"Initiating System","Segment_id":578,"Shape_Le_1":0.00071131129902099997,"Road":"Road_1","Length":71.216080172399998,"ID":"Road_1_578"}},{"type":"Feature","id":1103,"geometry":{"type":"LineString","coordinates":[[121.55935389986269,36.891408514891111],[121.55884052996657,36.890916868119007]]},"properties":{"FID":1103,"Source_id":1,"Shape_Leng":125.63629865,"Region":"ASIA","Segment":"Blasting Solutions","Method":"Road","Product_tr":"Initiating System","Segment_id":579,"Shape_Le_1":0.000710820088879,"Road":"Road_1","Length":71.2105757307,"ID":"Road_1_579"}},{"type":"Feature","id":1104,"geometry":{"type":"LineString","coordinates":[[121.55884052996657,36.890916868119007],[121.55830639472435,36.890439653667158]]},"properties":{"FID":1104,"Source_id":1,"Shape_Leng":125.63629865,"Region":"ASIA","Segment":"Blasting Solutions","Method":"Road","Product_tr":"Initiating System","Segment_id":580,"Shape_Le_1":0.00071626398068999999,"Road":"Road_1","Length":71.215158246499996,"ID":"Road_1_580"}},{"type":"Feature","id":1105,"geometry":{"type":"LineString","coordinates":[[121.55830639472435,36.890439653667158],[121.5577722729721,36.889962441913212]]},"properties":{"FID":1105,"Source_id":1,"Shape_Leng":125.63629865,"Region":"ASIA","Segment":"Blasting Solutions","Method":"Road","Product_tr":"Initiating System","Segment_id":581,"Shape_Le_1":0.00071625212344099995,"Road":"Road_1","Length":71.214326622100003,"ID":"Road_1_581"}},{"type":"Feature","id":1106,"geometry":{"type":"LineString","coordinates":[[121.5577722729721,36.889962441913212],[121.55722666417932,36.889493740443811]]},"properties":{"FID":1106,"Source_id":1,"Shape_Leng":125.63629865,"Region":"ASIA","Segment":"Blasting Solutions","Method":"Road","Product_tr":"Initiating System","Segment_id":582,"Shape_Le_1":0.00071928438199000001,"Road":"Road_1","Length":71.210395376799994,"ID":"Road_1_582"}},{"type":"Feature","id":1107,"geometry":{"type":"LineString","coordinates":[[121.55722666417932,36.889493740443811],[121.55667385901143,36.889030485268734]]},"properties":{"FID":1107,"Source_id":1,"Shape_Leng":125.63629865,"Region":"ASIA","Segment":"Blasting Solutions","Method":"Road","Product_tr":"Initiating System","Segment_id":583,"Shape_Le_1":0.000721248161795,"Road":"Road_1","Length":71.212700654499997,"ID":"Road_1_583"}},{"type":"Feature","id":1108,"geometry":{"type":"LineString","coordinates":[[121.55667385901143,36.889030485268734],[121.5561229019504,36.888565822654641]]},"properties":{"FID":1108,"Source_id":1,"Shape_Leng":125.63629865,"Region":"ASIA","Segment":"Blasting Solutions","Method":"Road","Product_tr":"Initiating System","Segment_id":584,"Shape_Le_1":0.000720739223316,"Road":"Road_1","Length":71.212025670800003,"ID":"Road_1_584"}},{"type":"Feature","id":1109,"geometry":{"type":"LineString","coordinates":[[121.5561229019504,36.888565822654641],[121.55556269806016,36.88810841667015]]},"properties":{"FID":1109,"Source_id":1,"Shape_Leng":125.63629865,"Region":"ASIA","Segment":"Blasting Solutions","Method":"Road","Product_tr":"Initiating System","Segment_id":585,"Shape_Le_1":0.00072322101275799997,"Road":"Road_1","Length":71.206893322599996,"ID":"Road_1_585"}},{"type":"Feature","id":1110,"geometry":{"type":"LineString","coordinates":[[121.55556269806016,36.88810841667015],[121.55499827275219,36.887654330083308]]},"properties":{"FID":1110,"Source_id":1,"Shape_Leng":125.63629865,"Region":"ASIA","Segment":"Blasting Solutions","Method":"Road","Product_tr":"Initiating System","Segment_id":586,"Shape_Le_1":0.00072441048903799997,"Road":"Road_1","Length":71.210352323199999,"ID":"Road_1_586"}},{"type":"Feature","id":1111,"geometry":{"type":"LineString","coordinates":[[121.55499827275219,36.887654330083308],[121.55442514740264,36.887207574769832]]},"properties":{"FID":1111,"Source_id":1,"Shape_Leng":125.63629865,"Region":"ASIA","Segment":"Blasting Solutions","Method":"Road","Product_tr":"Initiating System","Segment_id":587,"Shape_Le_1":0.00072667941790899998,"Road":"Road_1","Length":71.191652428400005,"ID":"Road_1_587"}},{"type":"Feature","id":1112,"geometry":{"type":"LineString","coordinates":[[121.55442514740264,36.887207574769832],[121.55383433238865,36.886775716725992]]},"properties":{"FID":1112,"Source_id":1,"Shape_Leng":125.63629865,"Region":"ASIA","Segment":"Blasting Solutions","Method":"Road","Product_tr":"Initiating System","Segment_id":588,"Shape_Le_1":0.000731822212555,"Road":"Road_1","Length":71.208845501900001,"ID":"Road_1_588"}},{"type":"Feature","id":1113,"geometry":{"type":"LineString","coordinates":[[121.55383433238865,36.886775716725992],[121.55324353086428,36.886343860480849]]},"properties":{"FID":1113,"Source_id":1,"Shape_Leng":125.63629865,"Region":"ASIA","Segment":"Blasting Solutions","Method":"Road","Product_tr":"Initiating System","Segment_id":589,"Shape_Le_1":0.00073181026069899999,"Road":"Road_1","Length":71.208038802800004,"ID":"Road_1_589"}},{"type":"Feature","id":1114,"geometry":{"type":"LineString","coordinates":[[121.55324353086428,36.886343860480849],[121.55265274282988,36.885912005134969]]},"properties":{"FID":1114,"Source_id":1,"Shape_Leng":125.63629865,"Region":"ASIA","Segment":"Blasting Solutions","Method":"Road","Product_tr":"Initiating System","Segment_id":590,"Shape_Le_1":0.00073179883940700005,"Road":"Road_1","Length":71.207299254600002,"ID":"Road_1_590"}},{"type":"Feature","id":1115,"geometry":{"type":"LineString","coordinates":[[121.55265274282988,36.885912005134969],[121.5520363726805,36.885503968333524]]},"properties":{"FID":1115,"Source_id":1,"Shape_Leng":125.63629865,"Region":"ASIA","Segment":"Blasting Solutions","Method":"Road","Product_tr":"Initiating System","Segment_id":591,"Shape_Le_1":0.00073919293311899999,"Road":"Road_1","Length":71.200747150200002,"ID":"Road_1_591"}},{"type":"Feature","id":1116,"geometry":{"type":"LineString","coordinates":[[121.5520363726805,36.885503968333524],[121.55142568085057,36.885090392607594]]},"properties":{"FID":1116,"Source_id":1,"Shape_Leng":125.63629865,"Region":"ASIA","Segment":"Blasting Solutions","Method":"Road","Product_tr":"Initiating System","Segment_id":592,"Shape_Le_1":0.00073755636545699995,"Road":"Road_1","Length":71.205714240999995,"ID":"Road_1_592"}},{"type":"Feature","id":1117,"geometry":{"type":"LineString","coordinates":[[121.55142568085057,36.885090392607594],[121.55081463558702,36.884677167617269]]},"properties":{"FID":1117,"Source_id":1,"Shape_Leng":125.63629865,"Region":"ASIA","Segment":"Blasting Solutions","Method":"Road","Product_tr":"Initiating System","Segment_id":593,"Shape_Le_1":0.00073765249727800002,"Road":"Road_1","Length":71.204954538300001,"ID":"Road_1_593"}},{"type":"Feature","id":1118,"geometry":{"type":"LineString","coordinates":[[121.55081463558702,36.884677167617269],[121.55019930235596,36.884268165843253]]},"properties":{"FID":1118,"Source_id":1,"Shape_Leng":125.63629865,"Region":"ASIA","Segment":"Blasting Solutions","Method":"Road","Product_tr":"Initiating System","Segment_id":594,"Shape_Le_1":0.00073886225806100005,"Road":"Road_1","Length":71.198334815300001,"ID":"Road_1_594"}},{"type":"Feature","id":1119,"geometry":{"type":"LineString","coordinates":[[121.55019930235596,36.884268165843253],[121.54957127429498,36.883871823825643]]},"properties":{"FID":1119,"Source_id":1,"Shape_Leng":125.63629865,"Region":"ASIA","Segment":"Blasting Solutions","Method":"Road","Product_tr":"Initiating System","Segment_id":595,"Shape_Le_1":0.000742634661398,"Road":"Road_1","Length":71.1976890105,"ID":"Road_1_595"}},{"type":"Feature","id":1120,"geometry":{"type":"LineString","coordinates":[[121.54957127429498,36.883871823825643],[121.54893739254669,36.883481487480708]]},"properties":{"FID":1120,"Source_id":1,"Shape_Leng":125.63629865,"Region":"ASIA","Segment":"Blasting Solutions","Method":"Road","Product_tr":"Initiating System","Segment_id":596,"Shape_Le_1":0.00074442496800400002,"Road":"Road_1","Length":71.201560233600006,"ID":"Road_1_596"}},{"type":"Feature","id":1121,"geometry":{"type":"LineString","coordinates":[[121.54893739254669,36.883481487480708],[121.54830438763747,36.883090238323916]]},"properties":{"FID":1121,"Source_id":1,"Shape_Leng":125.63629865,"Region":"ASIA","Segment":"Blasting Solutions","Method":"Road","Product_tr":"Initiating System","Segment_id":597,"Shape_Le_1":0.00074415799248900001,"Road":"Road_1","Length":71.201493009199993,"ID":"Road_1_597"}},{"type":"Feature","id":1122,"geometry":{"type":"LineString","coordinates":[[121.54830438763747,36.883090238323916],[121.54766133640157,36.882709843984173]]},"properties":{"FID":1122,"Source_id":1,"Shape_Leng":125.63629865,"Region":"ASIA","Segment":"Blasting Solutions","Method":"Road","Product_tr":"Initiating System","Segment_id":598,"Shape_Le_1":0.00074713770196499995,"Road":"Road_1","Length":71.192776184300001,"ID":"Road_1_598"}},{"type":"Feature","id":1123,"geometry":{"type":"LineString","coordinates":[[121.54766133640157,36.882709843984173],[121.54701153755252,36.882336809696085]]},"properties":{"FID":1123,"Source_id":1,"Shape_Leng":125.63629865,"Region":"ASIA","Segment":"Blasting Solutions","Method":"Road","Product_tr":"Initiating System","Segment_id":599,"Shape_Le_1":0.000749261719509,"Road":"Road_1","Length":71.200288404600002,"ID":"Road_1_599"}},{"type":"Feature","id":1124,"geometry":{"type":"LineString","coordinates":[[121.54701153755252,36.882336809696085],[121.54635687606901,36.881969325124317]]},"properties":{"FID":1124,"Source_id":1,"Shape_Leng":125.63629865,"Region":"ASIA","Segment":"Blasting Solutions","Method":"Road","Product_tr":"Initiating System","Segment_id":600,"Shape_Le_1":0.00075075066998100005,"Road":"Road_1","Length":71.199104206200005,"ID":"Road_1_600"}},{"type":"Feature","id":1125,"geometry":{"type":"LineString","coordinates":[[121.54635687606901,36.881969325124317],[121.54569057645904,36.881615850191395]]},"properties":{"FID":1125,"Source_id":1,"Shape_Leng":125.63629865,"Region":"ASIA","Segment":"Blasting Solutions","Method":"Road","Product_tr":"Initiating System","Segment_id":601,"Shape_Le_1":0.00075425439903000001,"Road":"Road_1","Length":71.183811044300001,"ID":"Road_1_601"}},{"type":"Feature","id":1126,"geometry":{"type":"LineString","coordinates":[[121.54569057645904,36.881615850191395],[121.54502150693702,36.881265561556461]]},"properties":{"FID":1126,"Source_id":1,"Shape_Leng":125.63629865,"Region":"ASIA","Segment":"Blasting Solutions","Method":"Road","Product_tr":"Initiating System","Segment_id":602,"Shape_Le_1":0.00075521927481900003,"Road":"Road_1","Length":71.196545090599997,"ID":"Road_1_602"}},{"type":"Feature","id":1127,"geometry":{"type":"LineString","coordinates":[[121.54502150693702,36.881265561556461],[121.54435775510638,36.880908796004178]]},"properties":{"FID":1127,"Source_id":1,"Shape_Leng":125.63629865,"Region":"ASIA","Segment":"Blasting Solutions","Method":"Road","Product_tr":"Initiating System","Segment_id":603,"Shape_Le_1":0.00075355699981999996,"Road":"Road_1","Length":71.197262658599996,"ID":"Road_1_603"}},{"type":"Feature","id":1128,"geometry":{"type":"LineString","coordinates":[[121.54435775510638,36.880908796004178],[121.54369065420042,36.880556143950912]]},"properties":{"FID":1128,"Source_id":1,"Shape_Leng":125.63629865,"Region":"ASIA","Segment":"Blasting Solutions","Method":"Road","Product_tr":"Initiating System","Segment_id":604,"Shape_Le_1":0.00075457742439200004,"Road":"Road_1","Length":71.193874328800007,"ID":"Road_1_604"}},{"type":"Feature","id":1129,"geometry":{"type":"LineString","coordinates":[[121.54369065420042,36.880556143950912],[121.54299762404116,36.880237795637811]]},"properties":{"FID":1129,"Source_id":1,"Shape_Leng":125.63629865,"Region":"ASIA","Segment":"Blasting Solutions","Method":"Road","Product_tr":"Initiating System","Segment_id":605,"Shape_Le_1":0.00076265093594000001,"Road":"Road_1","Length":71.171771208699994,"ID":"Road_1_605"}},{"type":"Feature","id":1130,"geometry":{"type":"LineString","coordinates":[[121.54299762404116,36.880237795637811],[121.54230880810508,36.879914228558846]]},"properties":{"FID":1130,"Source_id":1,"Shape_Leng":125.63629865,"Region":"ASIA","Segment":"Blasting Solutions","Method":"Road","Product_tr":"Initiating System","Segment_id":606,"Shape_Le_1":0.00076102762656599999,"Road":"Road_1","Length":71.1366699756,"ID":"Road_1_606"}},{"type":"Feature","id":1131,"geometry":{"type":"LineString","coordinates":[[121.54230880810508,36.879914228558846],[121.54162377831483,36.879584583861515]]},"properties":{"FID":1131,"Source_id":1,"Shape_Leng":125.63629865,"Region":"ASIA","Segment":"Blasting Solutions","Method":"Road","Product_tr":"Initiating System","Segment_id":607,"Shape_Le_1":0.00076021802136300002,"Road":"Road_1","Length":71.189942283700006,"ID":"Road_1_607"}},{"type":"Feature","id":1132,"geometry":{"type":"LineString","coordinates":[[121.54162377831483,36.879584583861515],[121.54092309762291,36.879276933883432]]},"properties":{"FID":1132,"Source_id":1,"Shape_Leng":125.63629865,"Region":"ASIA","Segment":"Blasting Solutions","Method":"Road","Product_tr":"Initiating System","Segment_id":608,"Shape_Le_1":0.000765246327038,"Road":"Road_1","Length":71.188379632799993,"ID":"Road_1_608"}},{"type":"Feature","id":1133,"geometry":{"type":"LineString","coordinates":[[121.54092309762291,36.879276933883432],[121.54022331355509,36.878967932224327]]},"properties":{"FID":1133,"Source_id":1,"Shape_Leng":125.63629865,"Region":"ASIA","Segment":"Blasting Solutions","Method":"Road","Product_tr":"Initiating System","Segment_id":609,"Shape_Le_1":0.00076497043531299996,"Road":"Road_1","Length":71.190599340299997,"ID":"Road_1_609"}},{"type":"Feature","id":1134,"geometry":{"type":"LineString","coordinates":[[121.54022331355509,36.878967932224327],[121.53951175376449,36.878676893623776]]},"properties":{"FID":1134,"Source_id":1,"Shape_Leng":125.63629865,"Region":"ASIA","Segment":"Blasting Solutions","Method":"Road","Product_tr":"Initiating System","Segment_id":610,"Shape_Le_1":0.000768778773518,"Road":"Road_1","Length":71.186263200900001,"ID":"Road_1_610"}},{"type":"Feature","id":1135,"geometry":{"type":"LineString","coordinates":[[121.53951175376449,36.878676893623776],[121.53879463166697,36.878394741224383]]},"properties":{"FID":1135,"Source_id":1,"Shape_Leng":125.63629865,"Region":"ASIA","Segment":"Blasting Solutions","Method":"Road","Product_tr":"Initiating System","Segment_id":611,"Shape_Le_1":0.00077063225939700002,"Road":"Road_1","Length":71.189521906899998,"ID":"Road_1_611"}},{"type":"Feature","id":1136,"geometry":{"type":"LineString","coordinates":[[121.53879463166697,36.878394741224383],[121.53808447302004,36.878101423741782]]},"properties":{"FID":1136,"Source_id":1,"Shape_Leng":125.63629865,"Region":"ASIA","Segment":"Blasting Solutions","Method":"Road","Product_tr":"Initiating System","Segment_id":612,"Shape_Le_1":0.00076834917154999999,"Road":"Road_1","Length":71.190667528800006,"ID":"Road_1_612"}},{"type":"Feature","id":1137,"geometry":{"type":"LineString","coordinates":[[121.53808447302004,36.878101423741782],[121.53737432786295,36.877808103561165]]},"properties":{"FID":1137,"Source_id":1,"Shape_Leng":125.63629865,"Region":"ASIA","Segment":"Blasting Solutions","Method":"Road","Product_tr":"Initiating System","Segment_id":613,"Shape_Le_1":0.00076833773335099995,"Road":"Road_1","Length":71.189949439499998,"ID":"Road_1_613"}},{"type":"Feature","id":1138,"geometry":{"type":"LineString","coordinates":[[121.53737432786295,36.877808103561165],[121.53666419799436,36.877514779783326]]},"properties":{"FID":1138,"Source_id":1,"Shape_Leng":125.63629865,"Region":"ASIA","Segment":"Blasting Solutions","Method":"Road","Product_tr":"Initiating System","Segment_id":614,"Shape_Le_1":0.00076832497611000004,"Road":"Road_1","Length":71.189134368699996,"ID":"Road_1_614"}},{"type":"Feature","id":1139,"geometry":{"type":"LineString","coordinates":[[121.53666419799436,36.877514779783326],[121.53593752779477,36.87724914163465]]},"properties":{"FID":1139,"Source_id":1,"Shape_Leng":125.63629865,"Region":"ASIA","Segment":"Blasting Solutions","Method":"Road","Product_tr":"Initiating System","Segment_id":615,"Shape_Le_1":0.00077370097905699996,"Road":"Road_1","Length":71.177482447700001,"ID":"Road_1_615"}},{"type":"Feature","id":1140,"geometry":{"type":"LineString","coordinates":[[121.53593752779477,36.87724914163465],[121.53520929817068,36.876986412792746]]},"properties":{"FID":1140,"Source_id":1,"Shape_Leng":125.63629865,"Region":"ASIA","Segment":"Blasting Solutions","Method":"Road","Product_tr":"Initiating System","Segment_id":616,"Shape_Le_1":0.00077417364316199997,"Road":"Road_1","Length":71.171380409400001,"ID":"Road_1_616"}},{"type":"Feature","id":1141,"geometry":{"type":"LineString","coordinates":[[121.53520929817068,36.876986412792746],[121.53447239998138,36.876739414892143]]},"properties":{"FID":1141,"Source_id":1,"Shape_Leng":125.63629865,"Region":"ASIA","Segment":"Blasting Solutions","Method":"Road","Product_tr":"Initiating System","Segment_id":617,"Shape_Le_1":0.00077719167796599996,"Road":"Road_1","Length":71.187030711600002,"ID":"Road_1_617"}},{"type":"Feature","id":1142,"geometry":{"type":"LineString","coordinates":[[121.53447239998138,36.876739414892143],[121.53373551528182,36.876492411595564]]},"properties":{"FID":1142,"Source_id":1,"Shape_Leng":125.63629865,"Region":"ASIA","Segment":"Blasting Solutions","Method":"Road","Product_tr":"Initiating System","Segment_id":618,"Shape_Le_1":0.00077718060254399997,"Road":"Road_1","Length":71.186346153499997,"ID":"Road_1_618"}},{"type":"Feature","id":1143,"geometry":{"type":"LineString","coordinates":[[121.53373551528182,36.876492411595564],[121.53299248461553,36.876257885493089]]},"properties":{"FID":1143,"Source_id":1,"Shape_Leng":125.63629865,"Region":"ASIA","Segment":"Blasting Solutions","Method":"Road","Product_tr":"Initiating System","Segment_id":619,"Shape_Le_1":0.00077916433682700004,"Road":"Road_1","Length":71.174624722499999,"ID":"Road_1_619"}},{"type":"Feature","id":1144,"geometry":{"type":"LineString","coordinates":[[121.53299248461553,36.876257885493089],[121.53224510572716,36.876032194330378]]},"properties":{"FID":1144,"Source_id":1,"Shape_Leng":125.63629865,"Region":"ASIA","Segment":"Blasting Solutions","Method":"Road","Product_tr":"Initiating System","Segment_id":620,"Shape_Le_1":0.00078071230534600003,"Road":"Road_1","Length":71.184911862600003,"ID":"Road_1_620"}},{"type":"Feature","id":1145,"geometry":{"type":"LineString","coordinates":[[121.53224510572716,36.876032194330378],[121.53149774032852,36.875806497771691]]},"properties":{"FID":1145,"Source_id":1,"Shape_Leng":125.63629865,"Region":"ASIA","Segment":"Blasting Solutions","Method":"Road","Product_tr":"Initiating System","Segment_id":621,"Shape_Le_1":0.00078070095150699998,"Road":"Road_1","Length":71.184179953699996,"ID":"Road_1_621"}},{"type":"Feature","id":1146,"geometry":{"type":"LineString","coordinates":[[121.53149774032852,36.875806497771691],[121.53075153685404,36.875578489056068]]},"properties":{"FID":1146,"Source_id":1,"Shape_Leng":125.63629865,"Region":"ASIA","Segment":"Blasting Solutions","Method":"Road","Product_tr":"Initiating System","Segment_id":622,"Shape_Le_1":0.00078026123812699997,"Road":"Road_1","Length":71.178217024600002,"ID":"Road_1_622"}},{"type":"Feature","id":1147,"geometry":{"type":"LineString","coordinates":[[121.53075153685404,36.875578489056068],[121.53000072255531,36.875360350399887]]},"properties":{"FID":1147,"Source_id":1,"Shape_Leng":125.63629865,"Region":"ASIA","Segment":"Blasting Solutions","Method":"Road","Product_tr":"Initiating System","Segment_id":623,"Shape_Le_1":0.00078186097516900002,"Road":"Road_1","Length":71.182863550799993,"ID":"Road_1_623"}},{"type":"Feature","id":1148,"geometry":{"type":"LineString","coordinates":[[121.53000072255531,36.875360350399887],[121.52924792255362,36.875146980848513]]},"properties":{"FID":1148,"Source_id":1,"Shape_Leng":125.63629865,"Region":"ASIA","Segment":"Blasting Solutions","Method":"Road","Product_tr":"Initiating System","Segment_id":624,"Shape_Le_1":0.00078245409322299998,"Road":"Road_1","Length":71.171725063899999,"ID":"Road_1_624"}},{"type":"Feature","id":1149,"geometry":{"type":"LineString","coordinates":[[121.52924792255362,36.875146980848513],[121.52848372814162,36.874961295127719]]},"properties":{"FID":1149,"Source_id":1,"Shape_Leng":125.63629865,"Region":"ASIA","Segment":"Blasting Solutions","Method":"Road","Product_tr":"Initiating System","Segment_id":625,"Shape_Le_1":0.00078643008986100001,"Road":"Road_1","Length":71.181345747899996,"ID":"Road_1_625"}},{"type":"Feature","id":1150,"geometry":{"type":"LineString","coordinates":[[121.52848372814162,36.874961295127719],[121.52771756961022,36.874780980158164]]},"properties":{"FID":1150,"Source_id":1,"Shape_Leng":125.63629865,"Region":"ASIA","Segment":"Blasting Solutions","Method":"Road","Product_tr":"Initiating System","Segment_id":626,"Shape_Le_1":0.00078709108970400005,"Road":"Road_1","Length":71.179285355499999,"ID":"Road_1_626"}},{"type":"Feature","id":1151,"geometry":{"type":"LineString","coordinates":[[121.52771756961022,36.874780980158164],[121.52695053423986,36.874603069076443]]},"properties":{"FID":1151,"Source_id":1,"Shape_Leng":125.63629865,"Region":"ASIA","Segment":"Blasting Solutions","Method":"Road","Product_tr":"Initiating System","Segment_id":627,"Shape_Le_1":0.00078739800125500004,"Road":"Road_1","Length":71.180008020000002,"ID":"Road_1_627"}},{"type":"Feature","id":1152,"geometry":{"type":"LineString","coordinates":[[121.52695053423986,36.874603069076443],[121.52618436131934,36.874422796375029]]},"properties":{"FID":1152,"Source_id":1,"Shape_Leng":125.63629865,"Region":"ASIA","Segment":"Blasting Solutions","Method":"Road","Product_tr":"Initiating System","Segment_id":628,"Shape_Le_1":0.00078709541417499999,"Road":"Road_1","Length":71.179503766799996,"ID":"Road_1_628"}},{"type":"Feature","id":1153,"geometry":{"type":"LineString","coordinates":[[121.52618436131934,36.874422796375029],[121.5254181074597,36.874242779081044]]},"properties":{"FID":1153,"Source_id":1,"Shape_Leng":125.63629865,"Region":"ASIA","Segment":"Blasting Solutions","Method":"Road","Product_tr":"Initiating System","Segment_id":629,"Shape_Le_1":0.00078711574977500002,"Road":"Road_1","Length":71.178622654899996,"ID":"Road_1_629"}},{"type":"Feature","id":1154,"geometry":{"type":"LineString","coordinates":[[121.5254181074597,36.874242779081044],[121.524646611452,36.874078418084594]]},"properties":{"FID":1154,"Source_id":1,"Shape_Leng":125.63629865,"Region":"ASIA","Segment":"Blasting Solutions","Method":"Road","Product_tr":"Initiating System","Segment_id":630,"Shape_Le_1":0.00078880962662300003,"Road":"Road_1","Length":71.162455144999996,"ID":"Road_1_630"}},{"type":"Feature","id":1155,"geometry":{"type":"LineString","coordinates":[[121.524646611452,36.874078418084594],[121.52387026989709,36.873928945364582]]},"properties":{"FID":1155,"Source_id":1,"Shape_Leng":125.63629865,"Region":"ASIA","Segment":"Blasting Solutions","Method":"Road","Product_tr":"Initiating System","Segment_id":631,"Shape_Le_1":0.00079059996452599999,"Road":"Road_1","Length":71.177179154399994,"ID":"Road_1_631"}},{"type":"Feature","id":1156,"geometry":{"type":"LineString","coordinates":[[121.52387026989709,36.873928945364582],[121.52309435372149,36.873778070601531]]},"properties":{"FID":1156,"Source_id":1,"Shape_Leng":125.63629865,"Region":"ASIA","Segment":"Blasting Solutions","Method":"Road","Product_tr":"Initiating System","Segment_id":632,"Shape_Le_1":0.00079044867365400001,"Road":"Road_1","Length":71.1768696396,"ID":"Road_1_632"}},{"type":"Feature","id":1157,"geometry":{"type":"LineString","coordinates":[[121.52309435372149,36.873778070601531],[121.52231505339705,36.873639064191536]]},"properties":{"FID":1157,"Source_id":1,"Shape_Leng":125.63629865,"Region":"ASIA","Segment":"Blasting Solutions","Method":"Road","Product_tr":"Initiating System","Segment_id":633,"Shape_Le_1":0.000791600769132,"Road":"Road_1","Length":71.1732539156,"ID":"Road_1_633"}},{"type":"Feature","id":1158,"geometry":{"type":"LineString","coordinates":[[121.52231505339705,36.873639064191536],[121.52153701212342,36.873495527896353]]},"properties":{"FID":1158,"Source_id":1,"Shape_Leng":125.63629865,"Region":"ASIA","Segment":"Blasting Solutions","Method":"Road","Product_tr":"Initiating System","Segment_id":634,"Shape_Le_1":0.00079117058306800003,"Road":"Road_1","Length":71.174612971900004,"ID":"Road_1_634"}},{"type":"Feature","id":1159,"geometry":{"type":"LineString","coordinates":[[121.52153701212342,36.873495527896353],[121.52075283117824,36.87337611861301]]},"properties":{"FID":1159,"Source_id":1,"Shape_Leng":125.63629865,"Region":"ASIA","Segment":"Blasting Solutions","Method":"Road","Product_tr":"Initiating System","Segment_id":635,"Shape_Le_1":0.00079322022901799996,"Road":"Road_1","Length":71.161488804699999,"ID":"Road_1_635"}},{"type":"Feature","id":1160,"geometry":{"type":"LineString","coordinates":[[121.52075283117824,36.87337611861301],[121.51996829320228,36.87325762124226]]},"properties":{"FID":1160,"Source_id":1,"Shape_Leng":125.63629865,"Region":"ASIA","Segment":"Blasting Solutions","Method":"Road","Product_tr":"Initiating System","Segment_id":636,"Shape_Le_1":0.00079343648932899997,"Road":"Road_1","Length":71.174103927100006,"ID":"Road_1_636"}},{"type":"Feature","id":1161,"geometry":{"type":"LineString","coordinates":[[121.51996829320228,36.87325762124226],[121.51918087919432,36.873152613702189]]},"properties":{"FID":1161,"Source_id":1,"Shape_Leng":125.63629865,"Region":"ASIA","Segment":"Blasting Solutions","Method":"Road","Product_tr":"Initiating System","Segment_id":637,"Shape_Le_1":0.00079438492143400004,"Road":"Road_1","Length":71.165824025399999,"ID":"Road_1_637"}},{"type":"Feature","id":1162,"geometry":{"type":"LineString","coordinates":[[121.51918087919432,36.873152613702189],[121.51839210001549,36.873054014731053]]},"properties":{"FID":1162,"Source_id":1,"Shape_Leng":125.63629865,"Region":"ASIA","Segment":"Blasting Solutions","Method":"Road","Product_tr":"Initiating System","Segment_id":638,"Shape_Le_1":0.00079491782598599999,"Road":"Road_1","Length":71.173192111199995,"ID":"Road_1_638"}},{"type":"Feature","id":1163,"geometry":{"type":"LineString","coordinates":[[121.51839210001549,36.873054014731053],[121.51760197365218,36.872962791999328]]},"properties":{"FID":1163,"Source_id":1,"Shape_Leng":125.63629865,"Region":"ASIA","Segment":"Blasting Solutions","Method":"Road","Product_tr":"Initiating System","Segment_id":639,"Shape_Le_1":0.00079537491586400004,"Road":"Road_1","Length":71.170926041100003,"ID":"Road_1_639"}},{"type":"Feature","id":1164,"geometry":{"type":"LineString","coordinates":[[121.51760197365218,36.872962791999328],[121.51681141831239,36.872873938981172]]},"properties":{"FID":1164,"Source_id":1,"Shape_Leng":125.63629865,"Region":"ASIA","Segment":"Blasting Solutions","Method":"Road","Product_tr":"Initiating System","Segment_id":640,"Shape_Le_1":0.00079553290573499997,"Road":"Road_1","Length":71.171955864699996,"ID":"Road_1_640"}},{"type":"Feature","id":1165,"geometry":{"type":"LineString","coordinates":[[121.51681141831239,36.872873938981172],[121.51602087286506,36.872785076070443]]},"properties":{"FID":1165,"Source_id":1,"Shape_Leng":125.63629865,"Region":"ASIA","Segment":"Blasting Solutions","Method":"Road","Product_tr":"Initiating System","Segment_id":641,"Shape_Le_1":0.000795524180147,"Road":"Road_1","Length":71.171315302799997,"ID":"Road_1_641"}},{"type":"Feature","id":1166,"geometry":{"type":"LineString","coordinates":[[121.51602087286506,36.872785076070443],[121.51523033641092,36.872696204166516]]},"properties":{"FID":1166,"Source_id":1,"Shape_Leng":125.63629865,"Region":"ASIA","Segment":"Blasting Solutions","Method":"Road","Product_tr":"Initiating System","Segment_id":642,"Shape_Le_1":0.00079551624786699995,"Road":"Road_1","Length":71.170740342299993,"ID":"Road_1_642"}},{"type":"Feature","id":1167,"geometry":{"type":"LineString","coordinates":[[121.51523033641092,36.872696204166516],[121.5144398089501,36.872607324168712]]},"properties":{"FID":1167,"Source_id":1,"Shape_Leng":125.63629865,"Region":"ASIA","Segment":"Blasting Solutions","Method":"Road","Product_tr":"Initiating System","Segment_id":643,"Shape_Le_1":0.00079550821512000005,"Road":"Road_1","Length":71.170151563299996,"ID":"Road_1_643"}},{"type":"Feature","id":1168,"geometry":{"type":"LineString","coordinates":[[121.5144398089501,36.872607324168712],[121.51365114218652,36.87250919194571]]},"properties":{"FID":1168,"Source_id":1,"Shape_Leng":125.63629865,"Region":"ASIA","Segment":"Blasting Solutions","Method":"Road","Product_tr":"Initiating System","Segment_id":644,"Shape_Le_1":0.00079474851190299998,"Road":"Road_1","Length":71.155836006100003,"ID":"Road_1_644"}},{"type":"Feature","id":1169,"geometry":{"type":"LineString","coordinates":[[121.51365114218652,36.87250919194571],[121.51286373087657,36.87240413584226]]},"properties":{"FID":1169,"Source_id":1,"Shape_Leng":125.63629865,"Region":"ASIA","Segment":"Blasting Solutions","Method":"Road","Product_tr":"Initiating System","Segment_id":645,"Shape_Le_1":0.00079438866803300005,"Road":"Road_1","Length":71.167144856099995,"ID":"Road_1_645"}},{"type":"Feature","id":1170,"geometry":{"type":"LineString","coordinates":[[121.51286373087657,36.87240413584226],[121.5120819843961,36.87227784224865]]},"properties":{"FID":1170,"Source_id":1,"Shape_Leng":125.63629865,"Region":"ASIA","Segment":"Blasting Solutions","Method":"Road","Product_tr":"Initiating System","Segment_id":646,"Shape_Le_1":0.00079188233438700001,"Road":"Road_1","Length":71.095874189,"ID":"Road_1_646"}},{"type":"Feature","id":1171,"geometry":{"type":"LineString","coordinates":[[121.5120819843961,36.87227784224865],[121.51130332348964,36.872136824055247]]},"properties":{"FID":1171,"Source_id":1,"Shape_Leng":125.63629865,"Region":"ASIA","Segment":"Blasting Solutions","Method":"Road","Product_tr":"Initiating System","Segment_id":647,"Shape_Le_1":0.00079132732678900003,"Road":"Road_1","Length":71.167686118199995,"ID":"Road_1_647"}},{"type":"Feature","id":1172,"geometry":{"type":"LineString","coordinates":[[121.51130332348964,36.872136824055247],[121.51052780931104,36.871985191163674]]},"properties":{"FID":1172,"Source_id":1,"Shape_Leng":125.63629865,"Region":"ASIA","Segment":"Blasting Solutions","Method":"Road","Product_tr":"Initiating System","Segment_id":648,"Shape_Le_1":0.00079019919957900003,"Road":"Road_1","Length":71.163450957500004,"ID":"Road_1_648"}},{"type":"Feature","id":1173,"geometry":{"type":"LineString","coordinates":[[121.51052780931104,36.871985191163674],[121.50975341568767,36.871829800904663]]},"properties":{"FID":1173,"Source_id":1,"Shape_Leng":125.63629865,"Region":"ASIA","Segment":"Blasting Solutions","Method":"Road","Product_tr":"Initiating System","Segment_id":649,"Shape_Le_1":0.00078983011877100003,"Road":"Road_1","Length":71.166399546199997,"ID":"Road_1_649"}},{"type":"Feature","id":1174,"geometry":{"type":"LineString","coordinates":[[121.50975341568767,36.871829800904663],[121.50897903375551,36.871674402551662]]},"properties":{"FID":1174,"Source_id":1,"Shape_Leng":125.63629865,"Region":"ASIA","Segment":"Blasting Solutions","Method":"Road","Product_tr":"Initiating System","Segment_id":650,"Shape_Le_1":0.00078982024852000004,"Road":"Road_1","Length":71.1657414493,"ID":"Road_1_650"}},{"type":"Feature","id":1175,"geometry":{"type":"LineString","coordinates":[[121.50897903375551,36.871674402551662],[121.50820466261519,36.871518997903479]]},"properties":{"FID":1175,"Source_id":1,"Shape_Leng":125.63629865,"Region":"ASIA","Segment":"Blasting Solutions","Method":"Road","Product_tr":"Initiating System","Segment_id":651,"Shape_Le_1":0.00078981090625699995,"Road":"Road_1","Length":71.165112792299993,"ID":"Road_1_651"}},{"type":"Feature","id":1176,"geometry":{"type":"LineString","coordinates":[[121.50820466261519,36.871518997903479],[121.50743772437158,36.871341616522443]]},"properties":{"FID":1176,"Source_id":1,"Shape_Leng":125.63629865,"Region":"ASIA","Segment":"Blasting Solutions","Method":"Road","Product_tr":"Initiating System","Segment_id":652,"Shape_Le_1":0.00078718385643699999,"Road":"Road_1","Length":71.158194369300006,"ID":"Road_1_652"}},{"type":"Feature","id":1177,"geometry":{"type":"LineString","coordinates":[[121.50743772437158,36.871341616522443],[121.50667183114012,36.871161169352547]]},"properties":{"FID":1177,"Source_id":1,"Shape_Leng":125.63629865,"Region":"ASIA","Segment":"Blasting Solutions","Method":"Road","Product_tr":"Initiating System","Segment_id":653,"Shape_Le_1":0.00078686315399799996,"Road":"Road_1","Length":71.163801717799998,"ID":"Road_1_653"}},{"type":"Feature","id":1178,"geometry":{"type":"LineString","coordinates":[[121.50667183114012,36.871161169352547],[121.50591089856914,36.870968372692289]]},"properties":{"FID":1178,"Source_id":1,"Shape_Leng":125.63629865,"Region":"ASIA","Segment":"Blasting Solutions","Method":"Road","Product_tr":"Initiating System","Segment_id":654,"Shape_Le_1":0.00078497702500799997,"Road":"Road_1","Length":71.1397471991,"ID":"Road_1_654"}},{"type":"Feature","id":1179,"geometry":{"type":"LineString","coordinates":[[121.50591089856914,36.870968372692289],[121.50515651576063,36.870759083365044]]},"properties":{"FID":1179,"Source_id":1,"Shape_Leng":125.63629865,"Region":"ASIA","Segment":"Blasting Solutions","Method":"Road","Product_tr":"Initiating System","Segment_id":655,"Shape_Le_1":0.00078287639143899998,"Road":"Road_1","Length":71.159367699200004,"ID":"Road_1_655"}},{"type":"Feature","id":1180,"geometry":{"type":"LineString","coordinates":[[121.50515651576063,36.870759083365044],[121.50440377781217,36.870546097824217]]},"properties":{"FID":1180,"Source_id":1,"Shape_Leng":125.63629865,"Region":"ASIA","Segment":"Blasting Solutions","Method":"Road","Product_tr":"Initiating System","Segment_id":656,"Shape_Le_1":0.000782289754281,"Road":"Road_1","Length":71.156130451500005,"ID":"Road_1_656"}},{"type":"Feature","id":1181,"geometry":{"type":"LineString","coordinates":[[121.50440377781217,36.870546097824217],[121.50365292124536,36.870328742477511]]},"properties":{"FID":1181,"Source_id":1,"Shape_Leng":125.63629865,"Region":"ASIA","Segment":"Blasting Solutions","Method":"Road","Product_tr":"Initiating System","Segment_id":657,"Shape_Le_1":0.00078168339541300001,"Road":"Road_1","Length":71.161017492599996,"ID":"Road_1_657"}},{"type":"Feature","id":1182,"geometry":{"type":"LineString","coordinates":[[121.50365292124536,36.870328742477511],[121.5029062762037,36.870102311172786]]},"properties":{"FID":1182,"Source_id":1,"Shape_Leng":125.63629865,"Region":"ASIA","Segment":"Blasting Solutions","Method":"Road","Product_tr":"Initiating System","Segment_id":658,"Shape_Le_1":0.00078022429723299998,"Road":"Road_1","Length":71.157443604700006,"ID":"Road_1_658"}},{"type":"Feature","id":1183,"geometry":{"type":"LineString","coordinates":[[121.5029062762037,36.870102311172786],[121.50215978854351,36.869875548018172]]},"properties":{"FID":1183,"Source_id":1,"Shape_Leng":125.63629865,"Region":"ASIA","Segment":"Blasting Solutions","Method":"Road","Product_tr":"Initiating System","Segment_id":659,"Shape_Le_1":0.00078017008088800003,"Road":"Road_1","Length":71.157514565699998,"ID":"Road_1_659"}},{"type":"Feature","id":1184,"geometry":{"type":"LineString","coordinates":[[121.50215978854351,36.869875548018172],[121.50142369884463,36.869628465581286]]},"properties":{"FID":1184,"Source_id":1,"Shape_Leng":125.63629865,"Region":"ASIA","Segment":"Blasting Solutions","Method":"Road","Product_tr":"Initiating System","Segment_id":660,"Shape_Le_1":0.00077645204321200002,"Road":"Road_1","Length":71.129729687799994,"ID":"Road_1_660"}},{"type":"Feature","id":1185,"geometry":{"type":"LineString","coordinates":[[121.50142369884463,36.869628465581286],[121.50069678492878,36.869363959679049]]},"properties":{"FID":1185,"Source_id":1,"Shape_Leng":125.63629865,"Region":"ASIA","Segment":"Blasting Solutions","Method":"Road","Product_tr":"Initiating System","Segment_id":661,"Shape_Le_1":0.00077354199199700005,"Road":"Road_1","Length":71.1513787178,"ID":"Road_1_661"}},{"type":"Feature","id":1186,"geometry":{"type":"LineString","coordinates":[[121.50069678492878,36.869363959679049],[121.49997949735598,36.869082930532898]]},"properties":{"FID":1186,"Source_id":1,"Shape_Leng":125.63629865,"Region":"ASIA","Segment":"Blasting Solutions","Method":"Road","Product_tr":"Initiating System","Segment_id":662,"Shape_Le_1":0.00077037578043199996,"Road":"Road_1","Length":71.154998322200001,"ID":"Road_1_662"}},{"type":"Feature","id":1187,"geometry":{"type":"LineString","coordinates":[[121.49997949735598,36.869082930532898],[121.49925333167596,36.86881720694862]]},"properties":{"FID":1187,"Source_id":1,"Shape_Leng":125.63629865,"Region":"ASIA","Segment":"Blasting Solutions","Method":"Road","Product_tr":"Initiating System","Segment_id":663,"Shape_Le_1":0.00077325650212699997,"Road":"Road_1","Length":71.146932224799997,"ID":"Road_1_663"}},{"type":"Feature","id":1188,"geometry":{"type":"LineString","coordinates":[[121.49925333167596,36.86881720694862],[121.49853809006083,36.868532987907145]]},"properties":{"FID":1188,"Source_id":1,"Shape_Leng":125.63629865,"Region":"ASIA","Segment":"Blasting Solutions","Method":"Road","Product_tr":"Initiating System","Segment_id":664,"Shape_Le_1":0.00076964344442399996,"Road":"Road_1","Length":71.147708320700005,"ID":"Road_1_664"}},{"type":"Feature","id":1189,"geometry":{"type":"LineString","coordinates":[[121.49853809006083,36.868532987907145],[121.49781826639992,36.86825634475457]]},"properties":{"FID":1189,"Source_id":1,"Shape_Leng":125.63629865,"Region":"ASIA","Segment":"Blasting Solutions","Method":"Road","Product_tr":"Initiating System","Segment_id":665,"Shape_Le_1":0.00077115338077499997,"Road":"Road_1","Length":71.147558526799997,"ID":"Road_1_665"}},{"type":"Feature","id":1190,"geometry":{"type":"LineString","coordinates":[[121.49781826639992,36.86825634475457],[121.4970954650837,36.867984611900397]]},"properties":{"FID":1190,"Source_id":1,"Shape_Leng":125.63629865,"Region":"ASIA","Segment":"Blasting Solutions","Method":"Road","Product_tr":"Initiating System","Segment_id":666,"Shape_Le_1":0.00077219200122700005,"Road":"Road_1","Length":71.154724482800006,"ID":"Road_1_666"}},{"type":"Feature","id":1191,"geometry":{"type":"LineString","coordinates":[[121.4970954650837,36.867984611900397],[121.49636963215289,36.867718175153698]]},"properties":{"FID":1191,"Source_id":1,"Shape_Leng":125.63629865,"Region":"ASIA","Segment":"Blasting Solutions","Method":"Road","Product_tr":"Initiating System","Segment_id":667,"Shape_Le_1":0.00077318948741000003,"Road":"Road_1","Length":71.1536250053,"ID":"Road_1_667"}},{"type":"Feature","id":1192,"geometry":{"type":"LineString","coordinates":[[121.49636963215289,36.867718175153698],[121.4956449827298,36.867450047681587]]},"properties":{"FID":1192,"Source_id":1,"Shape_Leng":125.63629865,"Region":"ASIA","Segment":"Blasting Solutions","Method":"Road","Product_tr":"Initiating System","Segment_id":668,"Shape_Le_1":0.00077266365754300001,"Road":"Road_1","Length":71.136136110199999,"ID":"Road_1_668"}},{"type":"Feature","id":1193,"geometry":{"type":"LineString","coordinates":[[121.4956449827298,36.867450047681587],[121.49492625444316,36.867171496167657]]},"properties":{"FID":1193,"Source_id":1,"Shape_Leng":125.63629865,"Region":"ASIA","Segment":"Blasting Solutions","Method":"Road","Product_tr":"Initiating System","Segment_id":669,"Shape_Le_1":0.00077081858821199999,"Road":"Road_1","Length":71.152029905999996,"ID":"Road_1_669"}},{"type":"Feature","id":1194,"geometry":{"type":"LineString","coordinates":[[121.49492625444316,36.867171496167657],[121.49420507910122,36.866897067145999]]},"properties":{"FID":1194,"Source_id":1,"Shape_Leng":125.63629865,"Region":"ASIA","Segment":"Blasting Solutions","Method":"Road","Product_tr":"Initiating System","Segment_id":670,"Shape_Le_1":0.00077162501368599999,"Road":"Road_1","Length":71.151810141400006,"ID":"Road_1_670"}},{"type":"Feature","id":1195,"geometry":{"type":"LineString","coordinates":[[121.49420507910122,36.866897067145999],[121.49348258175576,36.86662491880503]]},"properties":{"FID":1195,"Source_id":1,"Shape_Leng":125.63629865,"Region":"ASIA","Segment":"Blasting Solutions","Method":"Road","Product_tr":"Initiating System","Segment_id":671,"Shape_Le_1":0.00077205384118900005,"Road":"Road_1","Length":71.150766759700005,"ID":"Road_1_671"}},{"type":"Feature","id":1196,"geometry":{"type":"LineString","coordinates":[[121.49348258175576,36.86662491880503],[121.49275936675144,36.86635401692439]]},"properties":{"FID":1196,"Source_id":1,"Shape_Leng":125.63629865,"Region":"ASIA","Segment":"Blasting Solutions","Method":"Road","Product_tr":"Initiating System","Segment_id":672,"Shape_Le_1":0.00077228736322600003,"Road":"Road_1","Length":71.150360565900002,"ID":"Road_1_672"}},{"type":"Feature","id":1197,"geometry":{"type":"LineString","coordinates":[[121.49275936675144,36.86635401692439],[121.49203616613624,36.866083110547152]]},"properties":{"FID":1197,"Source_id":1,"Shape_Leng":125.63629865,"Region":"ASIA","Segment":"Blasting Solutions","Method":"Road","Product_tr":"Initiating System","Segment_id":673,"Shape_Le_1":0.00077227546578400002,"Road":"Road_1","Length":71.1496143034,"ID":"Road_1_673"}},{"type":"Feature","id":1198,"geometry":{"type":"LineString","coordinates":[[121.49203616613624,36.866083110547152],[121.49131297901079,36.865812200572634]]},"properties":{"FID":1198,"Source_id":1,"Shape_Leng":125.63629865,"Region":"ASIA","Segment":"Blasting Solutions","Method":"Road","Product_tr":"Initiating System","Segment_id":674,"Shape_Le_1":0.00077226409519200005,"Road":"Road_1","Length":71.148898562900001,"ID":"Road_1_674"}},{"type":"Feature","id":1199,"geometry":{"type":"LineString","coordinates":[[121.49131297901079,36.865812200572634],[121.49059138458483,36.865538605222525]]},"properties":{"FID":1199,"Source_id":1,"Shape_Leng":125.63629865,"Region":"ASIA","Segment":"Blasting Solutions","Method":"Road","Product_tr":"Initiating System","Segment_id":675,"Shape_Le_1":0.00077172075984099995,"Road":"Road_1","Length":71.1470799457,"ID":"Road_1_675"}},{"type":"Feature","id":1200,"geometry":{"type":"LineString","coordinates":[[121.49059138458483,36.865538605222525],[121.48987027219539,36.865264201381819]]},"properties":{"FID":1200,"Source_id":1,"Shape_Leng":125.63629865,"Region":"ASIA","Segment":"Blasting Solutions","Method":"Road","Product_tr":"Initiating System","Segment_id":676,"Shape_Le_1":0.00077155722146900001,"Road":"Road_1","Length":71.146773989500005,"ID":"Road_1_676"}},{"type":"Feature","id":1201,"geometry":{"type":"LineString","coordinates":[[121.48987027219539,36.865264201381819],[121.48914549147128,36.864996126969743]]},"properties":{"FID":1201,"Source_id":1,"Shape_Leng":125.63629865,"Region":"ASIA","Segment":"Blasting Solutions","Method":"Road","Product_tr":"Initiating System","Segment_id":677,"Shape_Le_1":0.00077276839250599999,"Road":"Road_1","Length":71.146180203900002,"ID":"Road_1_677"}},{"type":"Feature","id":1202,"geometry":{"type":"LineString","coordinates":[[121.48914549147128,36.864996126969743],[121.48841996341059,36.864729369165104]]},"properties":{"FID":1202,"Source_id":1,"Shape_Leng":125.63629865,"Region":"ASIA","Segment":"Blasting Solutions","Method":"Road","Product_tr":"Initiating System","Segment_id":678,"Shape_Le_1":0.00077301403168099998,"Road":"Road_1","Length":71.146003563700006,"ID":"Road_1_678"}},{"type":"Feature","id":1203,"geometry":{"type":"LineString","coordinates":[[121.48841996341059,36.864729369165104],[121.48769444883976,36.864462605964547]]},"properties":{"FID":1203,"Source_id":1,"Shape_Leng":125.63629865,"Region":"ASIA","Segment":"Blasting Solutions","Method":"Road","Product_tr":"Initiating System","Segment_id":679,"Shape_Le_1":0.00077300323263200001,"Road":"Road_1","Length":71.145362877500006,"ID":"Road_1_679"}},{"type":"Feature","id":1204,"geometry":{"type":"LineString","coordinates":[[121.48769444883976,36.864462605964547],[121.48696894775878,36.864195839166712]]},"properties":{"FID":1204,"Source_id":1,"Shape_Leng":125.63629865,"Region":"ASIA","Segment":"Blasting Solutions","Method":"Road","Product_tr":"Initiating System","Segment_id":680,"Shape_Le_1":0.000772991812976,"Road":"Road_1","Length":71.144639136999999,"ID":"Road_1_680"}},{"type":"Feature","id":1205,"geometry":{"type":"LineString","coordinates":[[121.48696894775878,36.864195839166712],[121.48624346106692,36.86392906787222]]},"properties":{"FID":1205,"Source_id":1,"Shape_Leng":125.63629865,"Region":"ASIA","Segment":"Blasting Solutions","Method":"Road","Product_tr":"Initiating System","Segment_id":681,"Shape_Le_1":0.00077297985978600002,"Road":"Road_1","Length":71.143884016200005,"ID":"Road_1_681"}},{"type":"Feature","id":1206,"geometry":{"type":"LineString","coordinates":[[121.48624346106692,36.86392906787222],[121.48551798876429,36.863662292081187]]},"properties":{"FID":1206,"Source_id":1,"Shape_Leng":125.63629865,"Region":"ASIA","Segment":"Blasting Solutions","Method":"Road","Product_tr":"Initiating System","Segment_id":682,"Shape_Le_1":0.00077296790655900002,"Road":"Road_1","Length":71.143128888899994,"ID":"Road_1_682"}},{"type":"Feature","id":1207,"geometry":{"type":"LineString","coordinates":[[121.48551798876429,36.863662292081187],[121.48479252905202,36.863395511793499]]},"properties":{"FID":1207,"Source_id":1,"Shape_Leng":125.63629865,"Region":"ASIA","Segment":"Blasting Solutions","Method":"Road","Product_tr":"Initiating System","Segment_id":683,"Shape_Le_1":0.00077295764180700002,"Road":"Road_1","Length":71.142519626099997,"ID":"Road_1_683"}},{"type":"Feature","id":1208,"geometry":{"type":"LineString","coordinates":[[121.48479252905202,36.863395511793499],[121.4840683364846,36.8631265443546]]},"properties":{"FID":1208,"Source_id":1,"Shape_Leng":125.63629865,"Region":"ASIA","Segment":"Blasting Solutions","Method":"Road","Product_tr":"Initiating System","Segment_id":684,"Shape_Le_1":0.000772527253818,"Road":"Road_1","Length":71.141491979099996,"ID":"Road_1_684"}},{"type":"Feature","id":1209,"geometry":{"type":"LineString","coordinates":[[121.4840683364846,36.8631265443546],[121.4833486144471,36.862849983040348]]},"properties":{"FID":1209,"Source_id":1,"Shape_Leng":125.63629865,"Region":"ASIA","Segment":"Blasting Solutions","Method":"Road","Product_tr":"Initiating System","Segment_id":685,"Shape_Le_1":0.00077102916404399996,"Road":"Road_1","Length":71.139532469100004,"ID":"Road_1_685"}},{"type":"Feature","id":1210,"geometry":{"type":"LineString","coordinates":[[121.4833486144471,36.862849983040348],[121.48262923235325,36.86257287493828]]},"properties":{"FID":1210,"Source_id":1,"Shape_Leng":125.63629865,"Region":"ASIA","Segment":"Blasting Solutions","Method":"Road","Product_tr":"Initiating System","Segment_id":686,"Shape_Le_1":0.00077090822876699997,"Road":"Road_1","Length":71.138604691699996,"ID":"Road_1_686"}},{"type":"Feature","id":1211,"geometry":{"type":"LineString","coordinates":[[121.48262923235325,36.86257287493828],[121.4819111398873,36.862293644436193]]},"properties":{"FID":1211,"Source_id":1,"Shape_Leng":125.63629865,"Region":"ASIA","Segment":"Blasting Solutions","Method":"Road","Product_tr":"Initiating System","Segment_id":687,"Shape_Le_1":0.00077047158477299999,"Road":"Road_1","Length":71.1374152315,"ID":"Road_1_687"}},{"type":"Feature","id":1212,"geometry":{"type":"LineString","coordinates":[[121.4819111398873,36.862293644436193],[121.48118920012155,36.862021013159278]]},"properties":{"FID":1212,"Source_id":1,"Shape_Leng":125.63629865,"Region":"ASIA","Segment":"Blasting Solutions","Method":"Road","Product_tr":"Initiating System","Segment_id":688,"Shape_Le_1":0.00077170255832699995,"Road":"Road_1","Length":71.132018993200006,"ID":"Road_1_688"}},{"type":"Feature","id":1213,"geometry":{"type":"LineString","coordinates":[[121.48118920012155,36.862021013159278],[121.4804617007469,36.861757966856715]]},"properties":{"FID":1213,"Source_id":1,"Shape_Leng":125.63629865,"Region":"ASIA","Segment":"Blasting Solutions","Method":"Road","Product_tr":"Initiating System","Segment_id":689,"Shape_Le_1":0.00077359465962799996,"Road":"Road_1","Length":71.138155811299995,"ID":"Road_1_689"}},{"type":"Feature","id":1214,"geometry":{"type":"LineString","coordinates":[[121.4804617007469,36.861757966856715],[121.47973421576148,36.861494916057609]]},"properties":{"FID":1214,"Source_id":1,"Shape_Leng":125.63629865,"Region":"ASIA","Segment":"Blasting Solutions","Method":"Road","Product_tr":"Initiating System","Segment_id":690,"Shape_Le_1":0.00077358265681099999,"Road":"Road_1","Length":71.137392699599999,"ID":"Road_1_690"}},{"type":"Feature","id":1215,"geometry":{"type":"LineString","coordinates":[[121.47973421576148,36.861494916057609],[121.47901252870531,36.861222032071169]]},"properties":{"FID":1215,"Source_id":1,"Shape_Leng":125.63629865,"Region":"ASIA","Segment":"Blasting Solutions","Method":"Road","Product_tr":"Initiating System","Segment_id":691,"Shape_Le_1":0.00077155549191200001,"Road":"Road_1","Length":71.124165770199994,"ID":"Road_1_691"}},{"type":"Feature","id":1216,"geometry":{"type":"LineString","coordinates":[[121.47901252870531,36.861222032071169],[121.47828552845442,36.86095815749303]]},"properties":{"FID":1216,"Source_id":1,"Shape_Leng":125.63629865,"Region":"ASIA","Segment":"Blasting Solutions","Method":"Road","Product_tr":"Initiating System","Segment_id":692,"Shape_Le_1":0.00077340749788299995,"Road":"Road_1","Length":71.135973245399995,"ID":"Road_1_692"}},{"type":"Feature","id":1217,"geometry":{"type":"LineString","coordinates":[[121.47828552845442,36.86095815749303],[121.47755168256413,36.860707228655713]]},"properties":{"FID":1217,"Source_id":1,"Shape_Leng":125.63629865,"Region":"ASIA","Segment":"Blasting Solutions","Method":"Road","Product_tr":"Initiating System","Segment_id":693,"Shape_Le_1":0.00077556113369600004,"Road":"Road_1","Length":71.118218773500004,"ID":"Road_1_693"}},{"type":"Feature","id":1218,"geometry":{"type":"LineString","coordinates":[[121.47755168256413,36.860707228655713],[121.47681534555181,36.860460690308685]]},"properties":{"FID":1218,"Source_id":1,"Shape_Leng":125.63629865,"Region":"ASIA","Segment":"Blasting Solutions","Method":"Road","Product_tr":"Initiating System","Segment_id":694,"Shape_Le_1":0.00077651358794099997,"Road":"Road_1","Length":71.1340539925,"ID":"Road_1_694"}},{"type":"Feature","id":1219,"geometry":{"type":"LineString","coordinates":[[121.47681534555181,36.860460690308685],[121.47607673145603,36.860218704329782]]},"properties":{"FID":1219,"Source_id":1,"Shape_Leng":125.63629865,"Region":"ASIA","Segment":"Blasting Solutions","Method":"Road","Product_tr":"Initiating System","Segment_id":695,"Shape_Le_1":0.00077724384621000002,"Road":"Road_1","Length":71.129457775899994,"ID":"Road_1_695"}},{"type":"Feature","id":1220,"geometry":{"type":"LineString","coordinates":[[121.47607673145603,36.860218704329782],[121.47533580880065,36.859981232947575]]},"properties":{"FID":1220,"Source_id":1,"Shape_Leng":125.63629865,"Region":"ASIA","Segment":"Blasting Solutions","Method":"Road","Product_tr":"Initiating System","Segment_id":696,"Shape_Le_1":0.00077804822384299995,"Road":"Road_1","Length":71.133188092899999,"ID":"Road_1_696"}},{"type":"Feature","id":1221,"geometry":{"type":"LineString","coordinates":[[121.47533580880065,36.859981232947575],[121.47459489963501,36.859743756169451]]},"properties":{"FID":1221,"Source_id":1,"Shape_Leng":125.63629865,"Region":"ASIA","Segment":"Blasting Solutions","Method":"Road","Product_tr":"Initiating System","Segment_id":697,"Shape_Le_1":0.00077803702474999999,"Road":"Road_1","Length":71.132482095399993,"ID":"Road_1_697"}},{"type":"Feature","id":1222,"geometry":{"type":"LineString","coordinates":[[121.47459489963501,36.859743756169451],[121.47385550492766,36.859503292742829]]},"properties":{"FID":1222,"Source_id":1,"Shape_Leng":125.63629865,"Region":"ASIA","Segment":"Blasting Solutions","Method":"Road","Product_tr":"Initiating System","Segment_id":698,"Shape_Le_1":0.00077751346792399997,"Road":"Road_1","Length":71.130928725199993,"ID":"Road_1_698"}},{"type":"Feature","id":1223,"geometry":{"type":"LineString","coordinates":[[121.47385550492766,36.859503292742829],[121.47311428010005,36.859266716186028]]},"properties":{"FID":1223,"Source_id":1,"Shape_Leng":125.63629865,"Region":"ASIA","Segment":"Blasting Solutions","Method":"Road","Product_tr":"Initiating System","Segment_id":699,"Shape_Le_1":0.00077806343718799995,"Road":"Road_1","Length":71.122071376700006,"ID":"Road_1_699"}},{"type":"Feature","id":1224,"geometry":{"type":"LineString","coordinates":[[121.47311428010005,36.859266716186028],[121.47236481478444,36.859047356250528]]},"properties":{"FID":1224,"Source_id":1,"Shape_Leng":125.63629865,"Region":"ASIA","Segment":"Blasting Solutions","Method":"Road","Product_tr":"Initiating System","Segment_id":700,"Shape_Le_1":0.00078090783105399999,"Road":"Road_1","Length":71.129378439500002,"ID":"Road_1_700"}},{"type":"Feature","id":1225,"geometry":{"type":"LineString","coordinates":[[121.47236481478444,36.859047356250528],[121.47161408502211,36.858830803099124]]},"properties":{"FID":1225,"Source_id":1,"Shape_Leng":125.63629865,"Region":"ASIA","Segment":"Blasting Solutions","Method":"Road","Product_tr":"Initiating System","Segment_id":701,"Shape_Le_1":0.00078133887874100002,"Road":"Road_1","Length":71.129674416399993,"ID":"Road_1_701"}},{"type":"Feature","id":1226,"geometry":{"type":"LineString","coordinates":[[121.47161408502211,36.858830803099124],[121.47086336874952,36.858614242753163]]},"properties":{"FID":1226,"Source_id":1,"Shape_Leng":125.63629865,"Region":"ASIA","Segment":"Blasting Solutions","Method":"Road","Product_tr":"Initiating System","Segment_id":702,"Shape_Le_1":0.00078132791155600002,"Road":"Road_1","Length":71.128989434999994,"ID":"Road_1_702"}},{"type":"Feature","id":1227,"geometry":{"type":"LineString","coordinates":[[121.47086336874952,36.858614242753163],[121.4701154214896,36.858391628171148]]},"properties":{"FID":1227,"Source_id":1,"Shape_Leng":125.63629865,"Region":"ASIA","Segment":"Blasting Solutions","Method":"Road","Product_tr":"Initiating System","Segment_id":703,"Shape_Le_1":0.00078037321568200004,"Road":"Road_1","Length":71.127370296400002,"ID":"Road_1_703"}},{"type":"Feature","id":1228,"geometry":{"type":"LineString","coordinates":[[121.4701154214896,36.858391628171148],[121.46936296682748,36.858179302732708]]},"properties":{"FID":1228,"Source_id":1,"Shape_Leng":125.63629865,"Region":"ASIA","Segment":"Blasting Solutions","Method":"Road","Product_tr":"Initiating System","Segment_id":704,"Shape_Le_1":0.00078183764961400003,"Road":"Road_1","Length":71.118184772899994,"ID":"Road_1_704"}},{"type":"Feature","id":1229,"geometry":{"type":"LineString","coordinates":[[121.46936296682748,36.858179302732708],[121.46860617653385,36.857976950775708]]},"properties":{"FID":1229,"Source_id":1,"Shape_Leng":125.63629865,"Region":"ASIA","Segment":"Blasting Solutions","Method":"Road","Product_tr":"Initiating System","Segment_id":705,"Shape_Le_1":0.00078337593977700003,"Road":"Road_1","Length":71.126113455699993,"ID":"Road_1_705"}},{"type":"Feature","id":1230,"geometry":{"type":"LineString","coordinates":[[121.46860617653385,36.857976950775708],[121.46784642117541,36.857781946279829]]},"properties":{"FID":1230,"Source_id":1,"Shape_Leng":125.63629865,"Region":"ASIA","Segment":"Blasting Solutions","Method":"Road","Product_tr":"Initiating System","Segment_id":706,"Shape_Le_1":0.00078438189557000001,"Road":"Road_1","Length":71.124902378100003,"ID":"Road_1_706"}},{"type":"Feature","id":1231,"geometry":{"type":"LineString","coordinates":[[121.46784642117541,36.857781946279829],[121.46708446247806,36.857592560748117]]},"properties":{"FID":1231,"Source_id":1,"Shape_Leng":125.63629865,"Region":"ASIA","Segment":"Blasting Solutions","Method":"Road","Product_tr":"Initiating System","Segment_id":707,"Shape_Le_1":0.00078514198467200002,"Road":"Road_1","Length":71.125513974300006,"ID":"Road_1_707"}},{"type":"Feature","id":1232,"geometry":{"type":"LineString","coordinates":[[121.46708446247806,36.857592560748117],[121.46632182928909,36.857405304811039]]},"properties":{"FID":1232,"Source_id":1,"Shape_Leng":125.63629865,"Region":"ASIA","Segment":"Blasting Solutions","Method":"Road","Product_tr":"Initiating System","Segment_id":708,"Shape_Le_1":0.00078528604144500005,"Road":"Road_1","Length":71.113719541799995,"ID":"Road_1_708"}},{"type":"Feature","id":1233,"geometry":{"type":"LineString","coordinates":[[121.46632182928909,36.857405304811039],[121.46555784531836,36.857221744188223]]},"properties":{"FID":1233,"Source_id":1,"Shape_Leng":125.63629865,"Region":"ASIA","Segment":"Blasting Solutions","Method":"Road","Product_tr":"Initiating System","Segment_id":709,"Shape_Le_1":0.00078572642171299996,"Road":"Road_1","Length":71.110527883299994,"ID":"Road_1_709"}},{"type":"Feature","id":1234,"geometry":{"type":"LineString","coordinates":[[121.46555784531836,36.857221744188223],[121.46478914890019,36.857050924260818]]},"properties":{"FID":1234,"Source_id":1,"Shape_Leng":125.63629865,"Region":"ASIA","Segment":"Blasting Solutions","Method":"Road","Product_tr":"Initiating System","Segment_id":710,"Shape_Le_1":0.00078744754167800002,"Road":"Road_1","Length":71.123578882900006,"ID":"Road_1_710"}},{"type":"Feature","id":1235,"geometry":{"type":"LineString","coordinates":[[121.46478914890019,36.857050924260818],[121.46401993627114,36.856881645771409]]},"properties":{"FID":1235,"Source_id":1,"Shape_Leng":125.63629865,"Region":"ASIA","Segment":"Blasting Solutions","Method":"Road","Product_tr":"Initiating System","Segment_id":711,"Shape_Le_1":0.00078761873750599998,"Road":"Road_1","Length":71.122721970300006,"ID":"Road_1_711"}},{"type":"Feature","id":1236,"geometry":{"type":"LineString","coordinates":[[121.46401993627114,36.856881645771409],[121.46325035941663,36.856713459058938]]},"properties":{"FID":1236,"Source_id":1,"Shape_Leng":125.63629865,"Region":"ASIA","Segment":"Blasting Solutions","Method":"Road","Product_tr":"Initiating System","Segment_id":712,"Shape_Le_1":0.00078774063323399995,"Road":"Road_1","Length":71.1223034482,"ID":"Road_1_712"}},{"type":"Feature","id":1237,"geometry":{"type":"LineString","coordinates":[[121.46325035941663,36.856713459058938],[121.46247760975393,36.856555173882214]]},"properties":{"FID":1237,"Source_id":1,"Shape_Leng":125.63629865,"Region":"ASIA","Segment":"Blasting Solutions","Method":"Road","Product_tr":"Initiating System","Segment_id":713,"Shape_Le_1":0.000788794167306,"Road":"Road_1","Length":71.116162755900007,"ID":"Road_1_713"}},{"type":"Feature","id":1238,"geometry":{"type":"LineString","coordinates":[[121.46247760975393,36.856555173882214],[121.46170272959739,36.856403601245233]]},"properties":{"FID":1238,"Source_id":1,"Shape_Leng":125.63629865,"Region":"ASIA","Segment":"Blasting Solutions","Method":"Road","Product_tr":"Initiating System","Segment_id":714,"Shape_Le_1":0.00078956540025699995,"Road":"Road_1","Length":71.120564496699998,"ID":"Road_1_714"}},{"type":"Feature","id":1239,"geometry":{"type":"LineString","coordinates":[[121.46170272959739,36.856403601245233],[121.46092617670172,36.856257675451388]]},"properties":{"FID":1239,"Source_id":1,"Shape_Leng":125.63629865,"Region":"ASIA","Segment":"Blasting Solutions","Method":"Road","Product_tr":"Initiating System","Segment_id":715,"Shape_Le_1":0.000790144757046,"Road":"Road_1","Length":71.120341529000001,"ID":"Road_1_715"}},{"type":"Feature","id":1240,"geometry":{"type":"LineString","coordinates":[[121.46092617670172,36.856257675451388],[121.46015032887465,36.856109455487058]]},"properties":{"FID":1240,"Source_id":1,"Shape_Leng":125.63629865,"Region":"ASIA","Segment":"Blasting Solutions","Method":"Road","Product_tr":"Initiating System","Segment_id":716,"Shape_Le_1":0.00078987911011600004,"Road":"Road_1","Length":71.117699735900004,"ID":"Road_1_716"}},{"type":"Feature","id":1241,"geometry":{"type":"LineString","coordinates":[[121.46015032887465,36.856109455487058],[121.45937733189839,36.855951864586928]]},"properties":{"FID":1241,"Source_id":1,"Shape_Leng":125.63629865,"Region":"ASIA","Segment":"Blasting Solutions","Method":"Road","Product_tr":"Initiating System","Segment_id":717,"Shape_Le_1":0.00078889746931999996,"Road":"Road_1","Length":71.119073899200004,"ID":"Road_1_717"}},{"type":"Feature","id":1242,"geometry":{"type":"LineString","coordinates":[[121.45937733189839,36.855951864586928],[121.45860509754732,36.85579302183055]]},"properties":{"FID":1242,"Source_id":1,"Shape_Leng":125.63629865,"Region":"ASIA","Segment":"Blasting Solutions","Method":"Road","Product_tr":"Initiating System","Segment_id":718,"Shape_Le_1":0.00078840149304400004,"Road":"Road_1","Length":71.087613003900003,"ID":"Road_1_718"}},{"type":"Feature","id":1243,"geometry":{"type":"LineString","coordinates":[[121.45860509754732,36.85579302183055],[121.45783073270218,36.855639900561016]]},"properties":{"FID":1243,"Source_id":1,"Shape_Leng":125.63629865,"Region":"ASIA","Segment":"Blasting Solutions","Method":"Road","Product_tr":"Initiating System","Segment_id":719,"Shape_Le_1":0.00078935862355199995,"Road":"Road_1","Length":71.117448394799993,"ID":"Road_1_719"}},{"type":"Feature","id":1244,"geometry":{"type":"LineString","coordinates":[[121.45783073270218,36.855639900561016],[121.4570542553497,36.855494019733271]]},"properties":{"FID":1244,"Source_id":1,"Shape_Leng":125.63629865,"Region":"ASIA","Segment":"Blasting Solutions","Method":"Road","Product_tr":"Initiating System","Segment_id":720,"Shape_Le_1":0.00079006220945500001,"Road":"Road_1","Length":71.113315800600006,"ID":"Road_1_720"}},{"type":"Feature","id":1245,"geometry":{"type":"LineString","coordinates":[[121.4570542553497,36.855494019733271],[121.45627553508791,36.855355948618183]]},"properties":{"FID":1245,"Source_id":1,"Shape_Leng":125.63629865,"Region":"ASIA","Segment":"Blasting Solutions","Method":"Road","Product_tr":"Initiating System","Segment_id":721,"Shape_Le_1":0.00079086590452899996,"Road":"Road_1","Length":71.116471356600002,"ID":"Road_1_721"}},{"type":"Feature","id":1246,"geometry":{"type":"LineString","coordinates":[[121.45627553508791,36.855355948618183],[121.45550123499402,36.855203359747293]]},"properties":{"FID":1246,"Source_id":1,"Shape_Leng":125.63629865,"Region":"ASIA","Segment":"Blasting Solutions","Method":"Road","Product_tr":"Initiating System","Segment_id":722,"Shape_Le_1":0.00078919199116799996,"Road":"Road_1","Length":71.098127413599997,"ID":"Road_1_722"}},{"type":"Feature","id":1247,"geometry":{"type":"LineString","coordinates":[[121.45550123499402,36.855203359747293],[121.45472780904117,36.855047309385895]]},"properties":{"FID":1247,"Source_id":1,"Shape_Leng":125.63629865,"Region":"ASIA","Segment":"Blasting Solutions","Method":"Road","Product_tr":"Initiating System","Segment_id":723,"Shape_Le_1":0.00078901167280599998,"Road":"Road_1","Length":71.115118460100007,"ID":"Road_1_723"}},{"type":"Feature","id":1248,"geometry":{"type":"LineString","coordinates":[[121.45472780904117,36.855047309385895],[121.45395415106327,36.854892030642759]]},"properties":{"FID":1248,"Source_id":1,"Shape_Leng":125.63629865,"Region":"ASIA","Segment":"Blasting Solutions","Method":"Road","Product_tr":"Initiating System","Segment_id":724,"Shape_Le_1":0.00078908691209600001,"Road":"Road_1","Length":71.114525453799999,"ID":"Road_1_724"}},{"type":"Feature","id":1249,"geometry":{"type":"LineString","coordinates":[[121.45395415106327,36.854892030642759],[121.45318050387721,36.854736745604384]]},"properties":{"FID":1249,"Source_id":1,"Shape_Leng":125.63629865,"Region":"ASIA","Segment":"Blasting Solutions","Method":"Road","Product_tr":"Initiating System","Segment_id":725,"Shape_Le_1":0.00078907757010899995,"Road":"Road_1","Length":71.113896299100006,"ID":"Road_1_725"}},{"type":"Feature","id":1250,"geometry":{"type":"LineString","coordinates":[[121.45318050387721,36.854736745604384],[121.45240686838235,36.854581452472132]]},"properties":{"FID":1250,"Source_id":1,"Shape_Leng":125.63629865,"Region":"ASIA","Segment":"Blasting Solutions","Method":"Road","Product_tr":"Initiating System","Segment_id":726,"Shape_Le_1":0.00078906770040299999,"Road":"Road_1","Length":71.113237710899995,"ID":"Road_1_726"}},{"type":"Feature","id":1251,"geometry":{"type":"LineString","coordinates":[[121.45240686838235,36.854581452472132],[121.4516304917538,36.854435336921313]]},"properties":{"FID":1251,"Source_id":1,"Shape_Leng":125.63629865,"Region":"ASIA","Segment":"Blasting Solutions","Method":"Road","Product_tr":"Initiating System","Segment_id":727,"Shape_Le_1":0.00079000659715699995,"Road":"Road_1","Length":71.111433326899999,"ID":"Road_1_727"}},{"type":"Feature","id":1252,"geometry":{"type":"LineString","coordinates":[[121.4516304917538,36.854435336921313],[121.45085368614878,36.854290686366141]]},"properties":{"FID":1252,"Source_id":1,"Shape_Leng":125.63629865,"Region":"ASIA","Segment":"Blasting Solutions","Method":"Road","Product_tr":"Initiating System","Segment_id":728,"Shape_Le_1":0.00079015867464399996,"Road":"Road_1","Length":71.1119341279,"ID":"Road_1_728"}},{"type":"Feature","id":1253,"geometry":{"type":"LineString","coordinates":[[121.45085368614878,36.854290686366141],[121.45007994273521,36.85413589325691]]},"properties":{"FID":1253,"Source_id":1,"Shape_Leng":125.63629865,"Region":"ASIA","Segment":"Blasting Solutions","Method":"Road","Product_tr":"Initiating System","Segment_id":729,"Shape_Le_1":0.00078907526681199999,"Road":"Road_1","Length":71.109538327199999,"ID":"Road_1_729"}},{"type":"Feature","id":1254,"geometry":{"type":"LineString","coordinates":[[121.45007994273521,36.85413589325691],[121.44930576315051,36.853982493197577]]},"properties":{"FID":1254,"Source_id":1,"Shape_Leng":125.63629865,"Region":"ASIA","Segment":"Blasting Solutions","Method":"Road","Product_tr":"Initiating System","Segment_id":730,"Shape_Le_1":0.00078923102294799999,"Road":"Road_1","Length":71.110252062100002,"ID":"Road_1_730"}},{"type":"Feature","id":1255,"geometry":{"type":"LineString","coordinates":[[121.44930576315051,36.853982493197577],[121.44853312500379,36.853824167551352]]},"properties":{"FID":1255,"Source_id":1,"Shape_Leng":125.63629865,"Region":"ASIA","Segment":"Blasting Solutions","Method":"Road","Product_tr":"Initiating System","Segment_id":731,"Shape_Le_1":0.00078869304295800004,"Road":"Road_1","Length":71.110009011100004,"ID":"Road_1_731"}},{"type":"Feature","id":1256,"geometry":{"type":"LineString","coordinates":[[121.44853312500379,36.853824167551352],[121.44775857489833,36.853672116475025]]},"properties":{"FID":1256,"Source_id":1,"Shape_Leng":125.63629865,"Region":"ASIA","Segment":"Blasting Solutions","Method":"Road","Product_tr":"Initiating System","Segment_id":732,"Shape_Le_1":0.00078933351359400004,"Road":"Road_1","Length":71.106933190899994,"ID":"Road_1_732"}},{"type":"Feature","id":1257,"geometry":{"type":"LineString","coordinates":[[121.44775857489833,36.853672116475025],[121.44698272617188,36.853524339876458]]},"properties":{"FID":1257,"Source_id":1,"Shape_Leng":125.63629865,"Region":"ASIA","Segment":"Blasting Solutions","Method":"Road","Product_tr":"Initiating System","Segment_id":733,"Shape_Le_1":0.00078979691656499995,"Road":"Road_1","Length":71.108679671299996,"ID":"Road_1_733"}},{"type":"Feature","id":1258,"geometry":{"type":"LineString","coordinates":[[121.44698272617188,36.853524339876458],[121.44620688733801,36.8533765551839]]},"properties":{"FID":1258,"Source_id":1,"Shape_Leng":125.63629865,"Region":"ASIA","Segment":"Blasting Solutions","Method":"Road","Product_tr":"Initiating System","Segment_id":734,"Shape_Le_1":0.00078978871320199999,"Road":"Road_1","Length":71.108157883999993,"ID":"Road_1_734"}},{"type":"Feature","id":1259,"geometry":{"type":"LineString","coordinates":[[121.44620688733801,36.8533765551839],[121.44543161687568,36.85322689630425]]},"properties":{"FID":1259,"Source_id":1,"Shape_Leng":125.63629865,"Region":"ASIA","Segment":"Blasting Solutions","Method":"Road","Product_tr":"Initiating System","Segment_id":735,"Shape_Le_1":0.00078958347881300005,"Road":"Road_1","Length":71.1072585414,"ID":"Road_1_735"}},{"type":"Feature","id":1260,"geometry":{"type":"LineString","coordinates":[[121.44543161687568,36.85322689630425],[121.44465670344414,36.853076071903274]]},"properties":{"FID":1260,"Source_id":1,"Shape_Leng":125.63629865,"Region":"ASIA","Segment":"Blasting Solutions","Method":"Road","Product_tr":"Initiating System","Segment_id":736,"Shape_Le_1":0.00078945476521000005,"Road":"Road_1","Length":71.106765026900007,"ID":"Road_1_736"}},{"type":"Feature","id":1261,"geometry":{"type":"LineString","coordinates":[[121.44465670344414,36.853076071903274],[121.44388312280796,36.852920946944209]]},"properties":{"FID":1261,"Source_id":1,"Shape_Leng":125.63629865,"Region":"ASIA","Segment":"Blasting Solutions","Method":"Road","Product_tr":"Initiating System","Segment_id":737,"Shape_Le_1":0.00078898083221000002,"Road":"Road_1","Length":71.105417153199994,"ID":"Road_1_737"}},{"type":"Feature","id":1262,"geometry":{"type":"LineString","coordinates":[[121.44388312280796,36.852920946944209],[121.44311279142221,36.852755742383636]]},"properties":{"FID":1262,"Source_id":1,"Shape_Leng":125.63629865,"Region":"ASIA","Segment":"Blasting Solutions","Method":"Road","Product_tr":"Initiating System","Segment_id":738,"Shape_Le_1":0.00078784706048100003,"Road":"Road_1","Length":71.104602604299998,"ID":"Road_1_738"}},{"type":"Feature","id":1263,"geometry":{"type":"LineString","coordinates":[[121.44311279142221,36.852755742383636],[121.44234288091923,36.852589271577699]]},"properties":{"FID":1263,"Source_id":1,"Shape_Leng":125.63629865,"Region":"ASIA","Segment":"Blasting Solutions","Method":"Road","Product_tr":"Initiating System","Segment_id":739,"Shape_Le_1":0.00078770217203599996,"Road":"Road_1","Length":71.104860006699994,"ID":"Road_1_739"}},{"type":"Feature","id":1264,"geometry":{"type":"LineString","coordinates":[[121.44234288091923,36.852589271577699],[121.44157642561163,36.852414972173278]]},"properties":{"FID":1264,"Source_id":1,"Shape_Leng":125.63629865,"Region":"ASIA","Segment":"Blasting Solutions","Method":"Road","Product_tr":"Initiating System","Segment_id":740,"Shape_Le_1":0.00078602418596799997,"Road":"Road_1","Length":71.039108672799998,"ID":"Road_1_740"}},{"type":"Feature","id":1265,"geometry":{"type":"LineString","coordinates":[[121.44157642561163,36.852414972173278],[121.44082455371029,36.852201845438856]]},"properties":{"FID":1265,"Source_id":1,"Shape_Leng":125.63629865,"Region":"ASIA","Segment":"Blasting Solutions","Method":"Road","Product_tr":"Initiating System","Segment_id":741,"Shape_Le_1":0.00078149495260999998,"Road":"Road_1","Length":71.103601020200003,"ID":"Road_1_741"}},{"type":"Feature","id":1266,"geometry":{"type":"LineString","coordinates":[[121.44082455371029,36.852201845438856],[121.4400759004825,36.851981688704029]]},"properties":{"FID":1266,"Source_id":1,"Shape_Leng":125.63629865,"Region":"ASIA","Segment":"Blasting Solutions","Method":"Road","Product_tr":"Initiating System","Segment_id":742,"Shape_Le_1":0.00078035289668599997,"Road":"Road_1","Length":71.097438489599995,"ID":"Road_1_742"}},{"type":"Feature","id":1267,"geometry":{"type":"LineString","coordinates":[[121.4400759004825,36.851981688704029],[121.4393367800684,36.851742172263471]]},"properties":{"FID":1267,"Source_id":1,"Shape_Leng":125.63629865,"Region":"ASIA","Segment":"Blasting Solutions","Method":"Road","Product_tr":"Initiating System","Segment_id":743,"Shape_Le_1":0.00077696017390300001,"Road":"Road_1","Length":71.075051774599999,"ID":"Road_1_743"}},{"type":"Feature","id":1268,"geometry":{"type":"LineString","coordinates":[[121.4393367800684,36.851742172263471],[121.43860958016808,36.851479572024687]]},"properties":{"FID":1268,"Source_id":1,"Shape_Leng":125.63629865,"Region":"ASIA","Segment":"Blasting Solutions","Method":"Road","Product_tr":"Initiating System","Segment_id":744,"Shape_Le_1":0.00077316141939599999,"Road":"Road_1","Length":71.101398072600006,"ID":"Road_1_744"}},{"type":"Feature","id":1269,"geometry":{"type":"LineString","coordinates":[[121.43860958016808,36.851479572024687],[121.43788916475319,36.851205385819924]]},"properties":{"FID":1269,"Source_id":1,"Shape_Leng":125.63629865,"Region":"ASIA","Segment":"Blasting Solutions","Method":"Road","Product_tr":"Initiating System","Segment_id":745,"Shape_Le_1":0.00077082841468900003,"Road":"Road_1","Length":71.090872815699996,"ID":"Road_1_745"}},{"type":"Feature","id":1270,"geometry":{"type":"LineString","coordinates":[[121.43788916475319,36.851205385819924],[121.43717160288725,36.850927131981621]]},"properties":{"FID":1270,"Source_id":1,"Shape_Leng":125.63629865,"Region":"ASIA","Segment":"Blasting Solutions","Method":"Road","Product_tr":"Initiating System","Segment_id":746,"Shape_Le_1":0.00076962343388300004,"Road":"Road_1","Length":71.056162929199999,"ID":"Road_1_746"}},{"type":"Feature","id":1271,"geometry":{"type":"LineString","coordinates":[[121.43717160288725,36.850927131981621],[121.4364637294176,36.850632492495606]]},"properties":{"FID":1271,"Source_id":1,"Shape_Leng":125.63629865,"Region":"ASIA","Segment":"Blasting Solutions","Method":"Road","Product_tr":"Initiating System","Segment_id":747,"Shape_Le_1":0.00076674459616899999,"Road":"Road_1","Length":71.096905166300004,"ID":"Road_1_747"}},{"type":"Feature","id":1272,"geometry":{"type":"LineString","coordinates":[[121.4364637294176,36.850632492495606],[121.43576155045525,36.850329152968072]]},"properties":{"FID":1272,"Source_id":1,"Shape_Leng":125.63629865,"Region":"ASIA","Segment":"Blasting Solutions","Method":"Road","Product_tr":"Initiating System","Segment_id":748,"Shape_Le_1":0.00076489879338399996,"Road":"Road_1","Length":71.098546895400005,"ID":"Road_1_748"}},{"type":"Feature","id":1273,"geometry":{"type":"LineString","coordinates":[[121.43576155045525,36.850329152968072],[121.43506452910481,36.850018442597104]]},"properties":{"FID":1273,"Source_id":1,"Shape_Leng":125.63629865,"Region":"ASIA","Segment":"Blasting Solutions","Method":"Road","Product_tr":"Initiating System","Segment_id":749,"Shape_Le_1":0.00076313805933599999,"Road":"Road_1","Length":71.087084958800006,"ID":"Road_1_749"}},{"type":"Feature","id":1274,"geometry":{"type":"LineString","coordinates":[[121.43506452910481,36.850018442597104],[121.43438088696837,36.84968892200618]]},"properties":{"FID":1274,"Source_id":1,"Shape_Leng":125.63629865,"Region":"ASIA","Segment":"Blasting Solutions","Method":"Road","Product_tr":"Initiating System","Segment_id":750,"Shape_Le_1":0.00075891395464500004,"Road":"Road_1","Length":71.097026131899995,"ID":"Road_1_750"}},{"type":"Feature","id":1275,"geometry":{"type":"LineString","coordinates":[[121.43438088696837,36.84968892200618],[121.43369893825547,36.849357299699648]]},"properties":{"FID":1275,"Source_id":1,"Shape_Leng":125.63629865,"Region":"ASIA","Segment":"Blasting Solutions","Method":"Road","Product_tr":"Initiating System","Segment_id":751,"Shape_Le_1":0.00075830561201200002,"Road":"Road_1","Length":71.088235408700001,"ID":"Road_1_751"}},{"type":"Feature","id":1276,"geometry":{"type":"LineString","coordinates":[[121.43369893825547,36.849357299699648],[121.43304217415709,36.848994213712047]]},"properties":{"FID":1276,"Source_id":1,"Shape_Leng":125.63629865,"Region":"ASIA","Segment":"Blasting Solutions","Method":"Road","Product_tr":"Initiating System","Segment_id":752,"Shape_Le_1":0.00075044687707600003,"Road":"Road_1","Length":71.095576810200001,"ID":"Road_1_752"}},{"type":"Feature","id":1277,"geometry":{"type":"LineString","coordinates":[[121.43304217415709,36.848994213712047],[121.43238561960072,36.848630899296609]]},"properties":{"FID":1277,"Source_id":1,"Shape_Leng":125.63629865,"Region":"ASIA","Segment":"Blasting Solutions","Method":"Road","Product_tr":"Initiating System","Segment_id":753,"Shape_Le_1":0.00075037407335100002,"Road":"Road_1","Length":71.094780238400006,"ID":"Road_1_753"}},{"type":"Feature","id":1278,"geometry":{"type":"LineString","coordinates":[[121.43238561960072,36.848630899296609],[121.43174609190862,36.848249100215867]]},"properties":{"FID":1278,"Source_id":1,"Shape_Leng":125.63629865,"Region":"ASIA","Segment":"Blasting Solutions","Method":"Road","Product_tr":"Initiating System","Segment_id":754,"Shape_Le_1":0.00074482629318500001,"Road":"Road_1","Length":71.053369812699998,"ID":"Road_1_754"}},{"type":"Feature","id":1279,"geometry":{"type":"LineString","coordinates":[[121.43174609190862,36.848249100215867],[121.43112236440561,36.847850201425729]]},"properties":{"FID":1279,"Source_id":1,"Shape_Leng":125.63629865,"Region":"ASIA","Segment":"Blasting Solutions","Method":"Road","Product_tr":"Initiating System","Segment_id":755,"Shape_Le_1":0.00074037574432599996,"Road":"Road_1","Length":71.093251095400007,"ID":"Road_1_755"}},{"type":"Feature","id":1280,"geometry":{"type":"LineString","coordinates":[[121.43112236440561,36.847850201425729],[121.43049287854353,36.847457456696304]]},"properties":{"FID":1280,"Source_id":1,"Shape_Leng":125.63629865,"Region":"ASIA","Segment":"Blasting Solutions","Method":"Road","Product_tr":"Initiating System","Segment_id":756,"Shape_Le_1":0.00074195746040199996,"Road":"Road_1","Length":71.075227852699996,"ID":"Road_1_756"}},{"type":"Feature","id":1281,"geometry":{"type":"LineString","coordinates":[[121.43049287854353,36.847457456696304],[121.42988523541533,36.847043536530066]]},"properties":{"FID":1281,"Source_id":1,"Shape_Leng":125.63629865,"Region":"ASIA","Segment":"Blasting Solutions","Method":"Road","Product_tr":"Initiating System","Segment_id":757,"Shape_Le_1":0.00073522790702899995,"Road":"Road_1","Length":71.043160722799996,"ID":"Road_1_757"}},{"type":"Feature","id":1282,"geometry":{"type":"LineString","coordinates":[[121.42988523541533,36.847043536530066],[121.42928842641982,36.846618909934818]]},"properties":{"FID":1282,"Source_id":1,"Shape_Leng":125.63629865,"Region":"ASIA","Segment":"Blasting Solutions","Method":"Road","Product_tr":"Initiating System","Segment_id":758,"Shape_Le_1":0.00073245390470200004,"Road":"Road_1","Length":71.090955483499997,"ID":"Road_1_758"}},{"type":"Feature","id":1283,"geometry":{"type":"LineString","coordinates":[[121.42928842641982,36.846618909934818],[121.42870001529354,36.84618739003605]]},"properties":{"FID":1283,"Source_id":1,"Shape_Leng":125.63629865,"Region":"ASIA","Segment":"Blasting Solutions","Method":"Road","Product_tr":"Initiating System","Segment_id":759,"Shape_Le_1":0.00072968286025799998,"Road":"Road_1","Length":71.0454697917,"ID":"Road_1_759"}},{"type":"Feature","id":1284,"geometry":{"type":"LineString","coordinates":[[121.42870001529354,36.84618739003605],[121.42813397030659,36.845736422298103]]},"properties":{"FID":1284,"Source_id":1,"Shape_Leng":125.63629865,"Region":"ASIA","Segment":"Blasting Solutions","Method":"Road","Product_tr":"Initiating System","Segment_id":760,"Shape_Le_1":0.00072372565791499997,"Road":"Road_1","Length":71.087611250600006,"ID":"Road_1_760"}},{"type":"Feature","id":1285,"geometry":{"type":"LineString","coordinates":[[121.42813397030659,36.845736422298103],[121.42757606958003,36.845279279814974]]},"properties":{"FID":1285,"Source_id":1,"Shape_Leng":125.63629865,"Region":"ASIA","Segment":"Blasting Solutions","Method":"Road","Product_tr":"Initiating System","Segment_id":761,"Shape_Le_1":0.00072127142642700005,"Road":"Road_1","Length":71.061355125999995,"ID":"Road_1_761"}},{"type":"Feature","id":1286,"geometry":{"type":"LineString","coordinates":[[121.42757606958003,36.845279279814974],[121.42703497628315,36.844808946076057]]},"properties":{"FID":1286,"Source_id":1,"Shape_Leng":125.63629865,"Region":"ASIA","Segment":"Blasting Solutions","Method":"Road","Product_tr":"Initiating System","Segment_id":762,"Shape_Le_1":0.00071693499139499997,"Road":"Road_1","Length":71.087808764599998,"ID":"Road_1_762"}},{"type":"Feature","id":1287,"geometry":{"type":"LineString","coordinates":[[121.42703497628315,36.844808946076057],[121.4264961196003,36.844337052013373]]},"properties":{"FID":1287,"Source_id":1,"Shape_Leng":125.63629865,"Region":"ASIA","Segment":"Blasting Solutions","Method":"Road","Product_tr":"Initiating System","Segment_id":763,"Shape_Le_1":0.00071627545752399996,"Road":"Road_1","Length":71.080201553199998,"ID":"Road_1_763"}},{"type":"Feature","id":1288,"geometry":{"type":"LineString","coordinates":[[121.4264961196003,36.844337052013373],[121.42598838575543,36.843843298129741]]},"properties":{"FID":1288,"Source_id":1,"Shape_Leng":125.63629865,"Region":"ASIA","Segment":"Blasting Solutions","Method":"Road","Product_tr":"Initiating System","Segment_id":764,"Shape_Le_1":0.00070822775632400003,"Road":"Road_1","Length":71.086267928200002,"ID":"Road_1_764"}},{"type":"Feature","id":1289,"geometry":{"type":"LineString","coordinates":[[121.42598838575543,36.843843298129741],[121.42548066540041,36.843349546944069]]},"properties":{"FID":1289,"Source_id":1,"Shape_Leng":125.63629865,"Region":"ASIA","Segment":"Blasting Solutions","Method":"Road","Product_tr":"Initiating System","Segment_id":765,"Shape_Le_1":0.00070821620445399996,"Road":"Road_1","Length":71.085452596899998,"ID":"Road_1_765"}},{"type":"Feature","id":1290,"geometry":{"type":"LineString","coordinates":[[121.42548066540041,36.843349546944069],[121.42499770877725,36.84284006571653]]},"properties":{"FID":1290,"Source_id":1,"Shape_Leng":125.63629865,"Region":"ASIA","Segment":"Blasting Solutions","Method":"Road","Product_tr":"Initiating System","Segment_id":766,"Shape_Le_1":0.00070201012889299999,"Road":"Road_1","Length":71.079825952799993,"ID":"Road_1_766"}},{"type":"Feature","id":1291,"geometry":{"type":"LineString","coordinates":[[121.42499770877725,36.84284006571653],[121.42453100380283,36.842320863716964]]},"properties":{"FID":1291,"Source_id":1,"Shape_Leng":125.63629865,"Region":"ASIA","Segment":"Blasting Solutions","Method":"Road","Product_tr":"Initiating System","Segment_id":767,"Shape_Le_1":0.00069812910661999996,"Road":"Road_1","Length":71.082555452500003,"ID":"Road_1_767"}},{"type":"Feature","id":1292,"geometry":{"type":"LineString","coordinates":[[121.42453100380283,36.842320863716964],[121.42406922441523,36.84179899702616]]},"properties":{"FID":1292,"Source_id":1,"Shape_Leng":125.63629865,"Region":"ASIA","Segment":"Blasting Solutions","Method":"Road","Product_tr":"Initiating System","Segment_id":768,"Shape_Le_1":0.00069683932565200004,"Road":"Road_1","Length":71.067097873199998,"ID":"Road_1_768"}},{"type":"Feature","id":1293,"geometry":{"type":"LineString","coordinates":[[121.42406922441523,36.84179899702616],[121.42360257519874,36.841279768946208]]},"properties":{"FID":1293,"Source_id":1,"Shape_Leng":125.63629865,"Region":"ASIA","Segment":"Blasting Solutions","Method":"Road","Product_tr":"Initiating System","Segment_id":769,"Shape_Le_1":0.000698111230581,"Road":"Road_1","Length":71.082311409400006,"ID":"Road_1_769"}},{"type":"Feature","id":1294,"geometry":{"type":"LineString","coordinates":[[121.42360257519874,36.841279768946208],[121.42316898775869,36.840742814329474]]},"properties":{"FID":1294,"Source_id":1,"Shape_Leng":125.63629865,"Region":"ASIA","Segment":"Blasting Solutions","Method":"Road","Product_tr":"Initiating System","Segment_id":770,"Shape_Le_1":0.00069015819100199998,"Road":"Road_1","Length":71.038674660400005,"ID":"Road_1_770"}},{"type":"Feature","id":1295,"geometry":{"type":"LineString","coordinates":[[121.42316898775869,36.840742814329474],[121.42275146760619,36.84019725140206]]},"properties":{"FID":1295,"Source_id":1,"Shape_Leng":125.63629865,"Region":"ASIA","Segment":"Blasting Solutions","Method":"Road","Product_tr":"Initiating System","Segment_id":771,"Shape_Le_1":0.00068699489482000001,"Road":"Road_1","Length":71.080771000400006,"ID":"Road_1_771"}},{"type":"Feature","id":1296,"geometry":{"type":"LineString","coordinates":[[121.42275146760619,36.84019725140206],[121.42236603436504,36.839636760628025]]},"properties":{"FID":1296,"Source_id":1,"Shape_Leng":125.63629865,"Region":"ASIA","Segment":"Blasting Solutions","Method":"Road","Product_tr":"Initiating System","Segment_id":772,"Shape_Le_1":0.00068022694092600001,"Road":"Road_1","Length":71.069309200299998,"ID":"Road_1_772"}},{"type":"Feature","id":1297,"geometry":{"type":"LineString","coordinates":[[121.42236603436504,36.839636760628025],[121.42198400325924,36.839074670859418]]},"properties":{"FID":1297,"Source_id":1,"Shape_Leng":125.63629865,"Region":"ASIA","Segment":"Blasting Solutions","Method":"Road","Product_tr":"Initiating System","Segment_id":773,"Shape_Le_1":0.00067962686363299998,"Road":"Road_1","Length":71.078794857899993,"ID":"Road_1_773"}},{"type":"Feature","id":1298,"geometry":{"type":"LineString","coordinates":[[121.42198400325924,36.839074670859418],[121.42160344614217,36.838511941672834]]},"properties":{"FID":1298,"Source_id":1,"Shape_Leng":125.63629865,"Region":"ASIA","Segment":"Blasting Solutions","Method":"Road","Product_tr":"Initiating System","Segment_id":774,"Shape_Le_1":0.00067932897537500004,"Road":"Road_1","Length":71.078304998999997,"ID":"Road_1_774"}},{"type":"Feature","id":1299,"geometry":{"type":"LineString","coordinates":[[121.42160344614217,36.838511941672834],[121.42122335217607,36.837949017333358]]},"properties":{"FID":1299,"Source_id":1,"Shape_Leng":125.63629865,"Region":"ASIA","Segment":"Blasting Solutions","Method":"Road","Product_tr":"Initiating System","Segment_id":775,"Shape_Le_1":0.00067923135605000001,"Road":"Road_1","Length":71.077731199200002,"ID":"Road_1_775"}},{"type":"Feature","id":1300,"geometry":{"type":"LineString","coordinates":[[121.42122335217607,36.837949017333358],[121.42086674130712,36.837376323658475]]},"properties":{"FID":1300,"Source_id":1,"Shape_Leng":125.63629865,"Region":"ASIA","Segment":"Blasting Solutions","Method":"Road","Product_tr":"Initiating System","Segment_id":776,"Shape_Le_1":0.00067464757992800005,"Road":"Road_1","Length":71.070649243600002,"ID":"Road_1_776"}},{"type":"Feature","id":1301,"geometry":{"type":"LineString","coordinates":[[121.42086674130712,36.837376323658475],[121.42049999058213,36.836807862193155]]},"properties":{"FID":1301,"Source_id":1,"Shape_Leng":125.63629865,"Region":"ASIA","Segment":"Blasting Solutions","Method":"Road","Product_tr":"Initiating System","Segment_id":777,"Shape_Le_1":0.0006765016865,"Road":"Road_1","Length":71.062893869700005,"ID":"Road_1_777"}},{"type":"Feature","id":1302,"geometry":{"type":"LineString","coordinates":[[121.42049999058213,36.836807862193155],[121.42013083237202,36.836240282063443]]},"properties":{"FID":1302,"Source_id":1,"Shape_Leng":125.63629865,"Region":"ASIA","Segment":"Blasting Solutions","Method":"Road","Product_tr":"Initiating System","Segment_id":778,"Shape_Le_1":0.00067707088826199997,"Road":"Road_1","Length":71.0754295455,"ID":"Road_1_778"}},{"type":"Feature","id":1303,"geometry":{"type":"LineString","coordinates":[[121.42013083237202,36.836240282063443],[121.41975877025106,36.83567394839406]]},"properties":{"FID":1303,"Source_id":1,"Shape_Leng":125.63629865,"Region":"ASIA","Segment":"Blasting Solutions","Method":"Road","Product_tr":"Initiating System","Segment_id":779,"Shape_Le_1":0.00067761644529200002,"Road":"Road_1","Length":71.0735732622,"ID":"Road_1_779"}},{"type":"Feature","id":1304,"geometry":{"type":"LineString","coordinates":[[121.41975877025106,36.83567394839406],[121.4193812537419,36.835109948465401]]},"properties":{"FID":1304,"Source_id":1,"Shape_Leng":125.63629865,"Region":"ASIA","Segment":"Blasting Solutions","Method":"Road","Product_tr":"Initiating System","Segment_id":780,"Shape_Le_1":0.00067868596141100002,"Road":"Road_1","Length":71.074007343900007,"ID":"Road_1_780"}},{"type":"Feature","id":1305,"geometry":{"type":"LineString","coordinates":[[121.4193812537419,36.835109948465401],[121.41900630749512,36.834544879242856]]},"properties":{"FID":1305,"Source_id":1,"Shape_Leng":125.63629865,"Region":"ASIA","Segment":"Blasting Solutions","Method":"Road","Product_tr":"Initiating System","Segment_id":781,"Shape_Le_1":0.00067815036256200004,"Road":"Road_1","Length":71.070452152599998,"ID":"Road_1_781"}},{"type":"Feature","id":1306,"geometry":{"type":"LineString","coordinates":[[121.41900630749512,36.834544879242856],[121.41864599321809,36.833973673046614]]},"properties":{"FID":1306,"Source_id":1,"Shape_Leng":125.63629865,"Region":"ASIA","Segment":"Blasting Solutions","Method":"Road","Product_tr":"Initiating System","Segment_id":782,"Shape_Le_1":0.00067535390489500003,"Road":"Road_1","Length":71.072462015900001,"ID":"Road_1_782"}},{"type":"Feature","id":1307,"geometry":{"type":"LineString","coordinates":[[121.41864599321809,36.833973673046614],[121.41828453140602,36.8334029443904]]},"properties":{"FID":1307,"Source_id":1,"Shape_Leng":125.63629865,"Region":"ASIA","Segment":"Blasting Solutions","Method":"Road","Product_tr":"Initiating System","Segment_id":783,"Shape_Le_1":0.00067556335055499997,"Road":"Road_1","Length":71.071686315299999,"ID":"Road_1_783"}},{"type":"Feature","id":1308,"geometry":{"type":"LineString","coordinates":[[121.41828453140602,36.8334029443904],[121.41789172462347,36.832845964569685]]},"properties":{"FID":1308,"Source_id":1,"Shape_Leng":125.63629865,"Region":"ASIA","Segment":"Blasting Solutions","Method":"Road","Product_tr":"Initiating System","Segment_id":784,"Shape_Le_1":0.000681559747267,"Road":"Road_1","Length":71.052046104599995,"ID":"Road_1_784"}},{"type":"Feature","id":1309,"geometry":{"type":"LineString","coordinates":[[121.41789172462347,36.832845964569685],[121.41749881801616,36.832288848951293]]},"properties":{"FID":1309,"Source_id":1,"Shape_Leng":125.63629865,"Region":"ASIA","Segment":"Blasting Solutions","Method":"Road","Product_tr":"Initiating System","Segment_id":785,"Shape_Le_1":0.00068172825548699998,"Road":"Road_1","Length":71.069668001400004,"ID":"Road_1_785"}},{"type":"Feature","id":1310,"geometry":{"type":"LineString","coordinates":[[121.41749881801616,36.832288848951293],[121.41711015620876,36.831729815978292]]},"properties":{"FID":1310,"Source_id":1,"Shape_Leng":125.63629865,"Region":"ASIA","Segment":"Blasting Solutions","Method":"Road","Product_tr":"Initiating System","Segment_id":786,"Shape_Le_1":0.00068086405796400002,"Road":"Road_1","Length":71.069467016999994,"ID":"Road_1_786"}},{"type":"Feature","id":1311,"geometry":{"type":"LineString","coordinates":[[121.41711015620876,36.831729815978292],[121.41671069264441,36.831175901047061]]},"properties":{"FID":1311,"Source_id":1,"Shape_Leng":125.63629865,"Region":"ASIA","Segment":"Blasting Solutions","Method":"Road","Product_tr":"Initiating System","Segment_id":787,"Shape_Le_1":0.00068292963787199999,"Road":"Road_1","Length":71.0526849126,"ID":"Road_1_787"}},{"type":"Feature","id":1312,"geometry":{"type":"LineString","coordinates":[[121.41671069264441,36.831175901047061],[121.41629116520517,36.830631497345792]]},"properties":{"FID":1312,"Source_id":1,"Shape_Leng":125.63629865,"Region":"ASIA","Segment":"Blasting Solutions","Method":"Road","Product_tr":"Initiating System","Segment_id":788,"Shape_Le_1":0.00068729808834199998,"Road":"Road_1","Length":71.067715812700001,"ID":"Road_1_788"}},{"type":"Feature","id":1313,"geometry":{"type":"LineString","coordinates":[[121.41629116520517,36.830631497345792],[121.41587078251064,36.830087531614367]]},"properties":{"FID":1313,"Source_id":1,"Shape_Leng":125.63629865,"Region":"ASIA","Segment":"Blasting Solutions","Method":"Road","Product_tr":"Initiating System","Segment_id":789,"Shape_Le_1":0.00068747387355700003,"Road":"Road_1","Length":71.066769491399995,"ID":"Road_1_789"}},{"type":"Feature","id":1314,"geometry":{"type":"LineString","coordinates":[[121.41587078251064,36.830087531614367],[121.41544646438285,36.82954558306227]]},"properties":{"FID":1314,"Source_id":1,"Shape_Leng":125.63629865,"Region":"ASIA","Segment":"Blasting Solutions","Method":"Road","Product_tr":"Initiating System","Segment_id":790,"Shape_Le_1":0.00068829797812199999,"Road":"Road_1","Length":71.063240148800006,"ID":"Road_1_790"}},{"type":"Feature","id":1315,"geometry":{"type":"LineString","coordinates":[[121.41544646438285,36.82954558306227],[121.41501557580818,36.829006970994953]]},"properties":{"FID":1315,"Source_id":1,"Shape_Leng":125.63629865,"Region":"ASIA","Segment":"Blasting Solutions","Method":"Road","Product_tr":"Initiating System","Segment_id":791,"Shape_Le_1":0.00068975932240099996,"Road":"Road_1","Length":71.065623532000004,"ID":"Road_1_791"}},{"type":"Feature","id":1316,"geometry":{"type":"LineString","coordinates":[[121.41501557580818,36.829006970994953],[121.4145789756393,36.828471362663322]]},"properties":{"FID":1316,"Source_id":1,"Shape_Leng":125.63629865,"Region":"ASIA","Segment":"Blasting Solutions","Method":"Road","Product_tr":"Initiating System","Segment_id":792,"Shape_Le_1":0.00069101084823699999,"Road":"Road_1","Length":71.0636198718,"ID":"Road_1_792"}},{"type":"Feature","id":1317,"geometry":{"type":"LineString","coordinates":[[121.4145789756393,36.828471362663322],[121.41414119196247,36.827936390152331]]},"properties":{"FID":1317,"Source_id":1,"Shape_Leng":125.63629865,"Region":"ASIA","Segment":"Blasting Solutions","Method":"Road","Product_tr":"Initiating System","Segment_id":793,"Shape_Le_1":0.00069126705057799998,"Road":"Road_1","Length":71.062729611999998,"ID":"Road_1_793"}},{"type":"Feature","id":1318,"geometry":{"type":"LineString","coordinates":[[121.41414119196247,36.827936390152331],[121.41368922237973,36.827409093355016]]},"properties":{"FID":1318,"Source_id":1,"Shape_Leng":125.63629865,"Region":"ASIA","Segment":"Blasting Solutions","Method":"Road","Product_tr":"Initiating System","Segment_id":794,"Shape_Le_1":0.00069449148028099996,"Road":"Road_1","Length":71.063159082499993,"ID":"Road_1_794"}},{"type":"Feature","id":1319,"geometry":{"type":"LineString","coordinates":[[121.41368922237973,36.827409093355016],[121.41323725909228,36.826881802852995]]},"properties":{"FID":1319,"Source_id":1,"Shape_Leng":125.63629865,"Region":"ASIA","Segment":"Blasting Solutions","Method":"Road","Product_tr":"Initiating System","Segment_id":795,"Shape_Le_1":0.00069448260361199997,"Road":"Road_1","Length":71.0624178554,"ID":"Road_1_795"}},{"type":"Feature","id":1320,"geometry":{"type":"LineString","coordinates":[[121.41323725909228,36.826881802852995],[121.41277435015616,36.826360858866622]]},"properties":{"FID":1320,"Source_id":1,"Shape_Leng":125.63629865,"Region":"ASIA","Segment":"Blasting Solutions","Method":"Road","Product_tr":"Initiating System","Segment_id":796,"Shape_Le_1":0.00069689835707000003,"Road":"Road_1","Length":71.0468867389,"ID":"Road_1_796"}},{"type":"Feature","id":1321,"geometry":{"type":"LineString","coordinates":[[121.41277435015616,36.826360858866622],[121.41229560146087,36.82584909426032]]},"properties":{"FID":1321,"Source_id":1,"Shape_Leng":125.63629865,"Region":"ASIA","Segment":"Blasting Solutions","Method":"Road","Product_tr":"Initiating System","Segment_id":797,"Shape_Le_1":0.00070078764650999997,"Road":"Road_1","Length":71.060912996699997,"ID":"Road_1_797"}},{"type":"Feature","id":1322,"geometry":{"type":"LineString","coordinates":[[121.41229560146087,36.82584909426032],[121.41182989293532,36.825329893160074]]},"properties":{"FID":1322,"Source_id":1,"Shape_Leng":125.63629865,"Region":"ASIA","Segment":"Blasting Solutions","Method":"Road","Product_tr":"Initiating System","Segment_id":798,"Shape_Le_1":0.00069746269668700001,"Road":"Road_1","Length":71.035701556600003,"ID":"Road_1_798"}},{"type":"Feature","id":1323,"geometry":{"type":"LineString","coordinates":[[121.41182989293532,36.825329893160074],[121.41133582428893,36.824827752199042]]},"properties":{"FID":1323,"Source_id":1,"Shape_Leng":125.63629865,"Region":"ASIA","Segment":"Blasting Solutions","Method":"Road","Product_tr":"Initiating System","Segment_id":799,"Shape_Le_1":0.00070444969450699998,"Road":"Road_1","Length":71.050382946200003,"ID":"Road_1_799"}},{"type":"Feature","id":1324,"geometry":{"type":"LineString","coordinates":[[121.41133582428893,36.824827752199042],[121.41085765205901,36.824315692615187]]},"properties":{"FID":1324,"Source_id":1,"Shape_Leng":125.63629865,"Region":"ASIA","Segment":"Blasting Solutions","Method":"Road","Product_tr":"Initiating System","Segment_id":800,"Shape_Le_1":0.000700609519549,"Road":"Road_1","Length":71.056689230800004,"ID":"Road_1_800"}},{"type":"Feature","id":1325,"geometry":{"type":"LineString","coordinates":[[121.41085765205901,36.824315692615187],[121.41036969790332,36.823809699857804]]},"properties":{"FID":1325,"Source_id":1,"Shape_Leng":125.63629865,"Region":"ASIA","Segment":"Blasting Solutions","Method":"Road","Product_tr":"Initiating System","Segment_id":801,"Shape_Le_1":0.00070294233659399998,"Road":"Road_1","Length":71.050935371799994,"ID":"Road_1_801"}},{"type":"Feature","id":1326,"geometry":{"type":"LineString","coordinates":[[121.41036969790332,36.823809699857804],[121.40987066859657,36.823310669651732]]},"properties":{"FID":1326,"Source_id":1,"Shape_Leng":125.63629865,"Region":"ASIA","Segment":"Blasting Solutions","Method":"Road","Product_tr":"Initiating System","Segment_id":802,"Shape_Le_1":0.00070573464954599996,"Road":"Road_1","Length":71.056948918399996,"ID":"Road_1_802"}},{"type":"Feature","id":1327,"geometry":{"type":"LineString","coordinates":[[121.40987066859657,36.823310669651732],[121.40936579099855,36.822815469658224]]},"properties":{"FID":1327,"Source_id":1,"Shape_Leng":125.63629865,"Region":"ASIA","Segment":"Blasting Solutions","Method":"Road","Product_tr":"Initiating System","Segment_id":803,"Shape_Le_1":0.00070719475574400001,"Road":"Road_1","Length":71.055963382599998,"ID":"Road_1_803"}},{"type":"Feature","id":1328,"geometry":{"type":"LineString","coordinates":[[121.40936579099855,36.822815469658224],[121.40885464152859,36.822324456008914]]},"properties":{"FID":1328,"Source_id":1,"Shape_Leng":125.63629865,"Region":"ASIA","Segment":"Blasting Solutions","Method":"Road","Product_tr":"Initiating System","Segment_id":804,"Shape_Le_1":0.00070877936231699995,"Road":"Road_1","Length":71.055284969799999,"ID":"Road_1_804"}},{"type":"Feature","id":1329,"geometry":{"type":"LineString","coordinates":[[121.40885464152859,36.822324456008914],[121.40833049505636,36.821842391513201]]},"properties":{"FID":1329,"Source_id":1,"Shape_Leng":125.63629865,"Region":"ASIA","Segment":"Blasting Solutions","Method":"Road","Product_tr":"Initiating System","Segment_id":805,"Shape_Le_1":0.00071212056730499997,"Road":"Road_1","Length":71.054501728000005,"ID":"Road_1_805"}},{"type":"Feature","id":1330,"geometry":{"type":"LineString","coordinates":[[121.40833049505636,36.821842391513201],[121.40781272927416,36.821355912245622]]},"properties":{"FID":1330,"Source_id":1,"Shape_Leng":125.63629865,"Region":"ASIA","Segment":"Blasting Solutions","Method":"Road","Product_tr":"Initiating System","Segment_id":806,"Shape_Le_1":0.00071045301252599998,"Road":"Road_1","Length":71.052859317300005,"ID":"Road_1_806"}},{"type":"Feature","id":1331,"geometry":{"type":"LineString","coordinates":[[121.40781272927416,36.821355912245622],[121.4072903077016,36.820872725395986]]},"properties":{"FID":1331,"Source_id":1,"Shape_Leng":125.63629865,"Region":"ASIA","Segment":"Blasting Solutions","Method":"Road","Product_tr":"Initiating System","Segment_id":807,"Shape_Le_1":0.00071161354057600002,"Road":"Road_1","Length":71.0476485043,"ID":"Road_1_807"}},{"type":"Feature","id":1332,"geometry":{"type":"LineString","coordinates":[[121.4072903077016,36.820872725395986],[121.40675994421611,36.820395110745835]]},"properties":{"FID":1332,"Source_id":1,"Shape_Leng":125.63629865,"Region":"ASIA","Segment":"Blasting Solutions","Method":"Road","Product_tr":"Initiating System","Segment_id":808,"Shape_Le_1":0.00071372346240399995,"Road":"Road_1","Length":71.052223779299993,"ID":"Road_1_808"}},{"type":"Feature","id":1333,"geometry":{"type":"LineString","coordinates":[[121.40675994421611,36.820395110745835],[121.40623540384092,36.819913371804716]]},"properties":{"FID":1333,"Source_id":1,"Shape_Leng":125.63629865,"Region":"ASIA","Segment":"Blasting Solutions","Method":"Road","Product_tr":"Initiating System","Segment_id":809,"Shape_Le_1":0.00071219029239800004,"Road":"Road_1","Length":71.051208525299998,"ID":"Road_1_809"}},{"type":"Feature","id":1334,"geometry":{"type":"LineString","coordinates":[[121.40623540384092,36.819913371804716],[121.40569506777319,36.819443077635981]]},"properties":{"FID":1334,"Source_id":1,"Shape_Leng":125.63629865,"Region":"ASIA","Segment":"Blasting Solutions","Method":"Road","Product_tr":"Initiating System","Segment_id":810,"Shape_Le_1":0.00071633767961499996,"Road":"Road_1","Length":71.049381524799998,"ID":"Road_1_810"}},{"type":"Feature","id":1335,"geometry":{"type":"LineString","coordinates":[[121.40569506777319,36.819443077635981],[121.40514255938172,36.818982072564665]]},"properties":{"FID":1335,"Source_id":1,"Shape_Leng":125.63629865,"Region":"ASIA","Segment":"Blasting Solutions","Method":"Road","Product_tr":"Initiating System","Segment_id":811,"Shape_Le_1":0.00071957709693499996,"Road":"Road_1","Length":71.045046780700005,"ID":"Road_1_811"}},{"type":"Feature","id":1336,"geometry":{"type":"LineString","coordinates":[[121.40514255938172,36.818982072564665],[121.40459817096882,36.818515042035585]]},"properties":{"FID":1336,"Source_id":1,"Shape_Leng":125.63629865,"Region":"ASIA","Segment":"Blasting Solutions","Method":"Road","Product_tr":"Initiating System","Segment_id":812,"Shape_Le_1":0.00071727000438000005,"Road":"Road_1","Length":71.030900999699995,"ID":"Road_1_812"}},{"type":"Feature","id":1337,"geometry":{"type":"LineString","coordinates":[[121.40459817096882,36.818515042035585],[121.40404483610041,36.818054669187688]]},"properties":{"FID":1337,"Source_id":1,"Shape_Leng":125.63629865,"Region":"ASIA","Segment":"Blasting Solutions","Method":"Road","Product_tr":"Initiating System","Segment_id":813,"Shape_Le_1":0.00071980736012000005,"Road":"Road_1","Length":71.046171007300003,"ID":"Road_1_813"}},{"type":"Feature","id":1338,"geometry":{"type":"LineString","coordinates":[[121.40404483610041,36.818054669187688],[121.40348649380667,36.817598220981154]]},"properties":{"FID":1338,"Source_id":1,"Shape_Leng":125.63629865,"Region":"ASIA","Segment":"Blasting Solutions","Method":"Road","Product_tr":"Initiating System","Segment_id":814,"Shape_Le_1":0.00072117340649199997,"Road":"Road_1","Length":71.046389680999994,"ID":"Road_1_814"}},{"type":"Feature","id":1339,"geometry":{"type":"LineString","coordinates":[[121.40348649380667,36.817598220981154],[121.40292526109204,36.817144067844481]]},"properties":{"FID":1339,"Source_id":1,"Shape_Leng":125.63629865,"Region":"ASIA","Segment":"Blasting Solutions","Method":"Road","Product_tr":"Initiating System","Segment_id":815,"Shape_Le_1":0.00072196761113099998,"Road":"Road_1","Length":71.0467649892,"ID":"Road_1_815"}},{"type":"Feature","id":1340,"geometry":{"type":"LineString","coordinates":[[121.40292526109204,36.817144067844481],[121.40236404186714,36.816689916506505]]},"properties":{"FID":1340,"Source_id":1,"Shape_Leng":125.63629865,"Region":"ASIA","Segment":"Blasting Solutions","Method":"Road","Product_tr":"Initiating System","Segment_id":816,"Shape_Le_1":0.00072195599323899998,"Road":"Road_1","Length":71.045980831999998,"ID":"Road_1_816"}},{"type":"Feature","id":1341,"geometry":{"type":"LineString","coordinates":[[121.40236404186714,36.816689916506505],[121.40177004864893,36.816263838405462]]},"properties":{"FID":1341,"Source_id":1,"Shape_Leng":125.63629865,"Region":"ASIA","Segment":"Blasting Solutions","Method":"Road","Product_tr":"Initiating System","Segment_id":817,"Shape_Le_1":0.00073100649208899995,"Road":"Road_1","Length":71.025727218200004,"ID":"Road_1_817"}},{"type":"Feature","id":1342,"geometry":{"type":"LineString","coordinates":[[121.40177004864893,36.816263838405462],[121.40118651454611,36.815828453220604]]},"properties":{"FID":1342,"Source_id":1,"Shape_Leng":125.63629865,"Region":"ASIA","Segment":"Blasting Solutions","Method":"Road","Product_tr":"Initiating System","Segment_id":818,"Shape_Le_1":0.00072806064880800005,"Road":"Road_1","Length":71.030809478199998,"ID":"Road_1_818"}},{"type":"Feature","id":1343,"geometry":{"type":"LineString","coordinates":[[121.40118651454611,36.815828453220604],[121.40061016242907,36.815386761989544]]},"properties":{"FID":1343,"Source_id":1,"Shape_Leng":125.63629865,"Region":"ASIA","Segment":"Blasting Solutions","Method":"Road","Product_tr":"Initiating System","Segment_id":819,"Shape_Le_1":0.00072613559781099996,"Road":"Road_1","Length":71.043654612899999,"ID":"Road_1_819"}},{"type":"Feature","id":1344,"geometry":{"type":"LineString","coordinates":[[121.40061016242907,36.815386761989544],[121.40001058532027,36.814965738977719]]},"properties":{"FID":1344,"Source_id":1,"Shape_Leng":125.63629865,"Region":"ASIA","Segment":"Blasting Solutions","Method":"Road","Product_tr":"Initiating System","Segment_id":820,"Shape_Le_1":0.00073263434664500005,"Road":"Road_1","Length":71.0286754344,"ID":"Road_1_820"}},{"type":"Feature","id":1345,"geometry":{"type":"LineString","coordinates":[[121.40001058532027,36.814965738977719],[121.3994076132708,36.814547679232078]]},"properties":{"FID":1345,"Source_id":1,"Shape_Leng":125.63629865,"Region":"ASIA","Segment":"Blasting Solutions","Method":"Road","Product_tr":"Initiating System","Segment_id":821,"Shape_Le_1":0.00073372286551300005,"Road":"Road_1","Length":71.0421429867,"ID":"Road_1_821"}},{"type":"Feature","id":1346,"geometry":{"type":"LineString","coordinates":[[121.3994076132708,36.814547679232078],[121.39880106281885,36.814132998239302]]},"properties":{"FID":1346,"Source_id":1,"Shape_Leng":125.63629865,"Region":"ASIA","Segment":"Blasting Solutions","Method":"Road","Product_tr":"Initiating System","Segment_id":822,"Shape_Le_1":0.00073475422865599996,"Road":"Road_1","Length":71.041012934899996,"ID":"Road_1_822"}},{"type":"Feature","id":1347,"geometry":{"type":"LineString","coordinates":[[121.39880106281885,36.814132998239302],[121.39818522506812,36.813727474143661]]},"properties":{"FID":1347,"Source_id":1,"Shape_Leng":125.63629865,"Region":"ASIA","Segment":"Blasting Solutions","Method":"Road","Product_tr":"Initiating System","Segment_id":823,"Shape_Le_1":0.00073736417553900001,"Road":"Road_1","Length":71.026392346899996,"ID":"Road_1_823"}},{"type":"Feature","id":1348,"geometry":{"type":"LineString","coordinates":[[121.39818522506812,36.813727474143661],[121.3975683674862,36.813322780122235]]},"properties":{"FID":1348,"Source_id":1,"Shape_Leng":125.63629865,"Region":"ASIA","Segment":"Blasting Solutions","Method":"Road","Product_tr":"Initiating System","Segment_id":824,"Shape_Le_1":0.00073776048101500003,"Road":"Road_1","Length":71.038767310599994,"ID":"Road_1_824"}},{"type":"Feature","id":1349,"geometry":{"type":"LineString","coordinates":[[121.3975683674862,36.813322780122235],[121.39695113668563,36.812918453923544]]},"properties":{"FID":1349,"Source_id":1,"Shape_Leng":125.63629865,"Region":"ASIA","Segment":"Blasting Solutions","Method":"Road","Product_tr":"Initiating System","Segment_id":825,"Shape_Le_1":0.00073787094814900002,"Road":"Road_1","Length":71.039006420299998,"ID":"Road_1_825"}},{"type":"Feature","id":1350,"geometry":{"type":"LineString","coordinates":[[121.39695113668563,36.812918453923544],[121.39633416758784,36.812513883109261]]},"properties":{"FID":1350,"Source_id":1,"Shape_Leng":125.63629865,"Region":"ASIA","Segment":"Blasting Solutions","Method":"Road","Product_tr":"Initiating System","Segment_id":826,"Shape_Le_1":0.00073778615560199997,"Road":"Road_1","Length":71.038280057199998,"ID":"Road_1_826"}},{"type":"Feature","id":1351,"geometry":{"type":"LineString","coordinates":[[121.39633416758784,36.812513883109261],[121.39570810724342,36.812118546533725]]},"properties":{"FID":1351,"Source_id":1,"Shape_Leng":125.63629865,"Region":"ASIA","Segment":"Blasting Solutions","Method":"Road","Product_tr":"Initiating System","Segment_id":827,"Shape_Le_1":0.00074043403677000001,"Road":"Road_1","Length":71.031523539299997,"ID":"Road_1_827"}},{"type":"Feature","id":1352,"geometry":{"type":"LineString","coordinates":[[121.39570810724342,36.812118546533725],[121.39507741628984,36.811727925103696]]},"properties":{"FID":1352,"Source_id":1,"Shape_Leng":125.63629865,"Region":"ASIA","Segment":"Blasting Solutions","Method":"Road","Product_tr":"Initiating System","Segment_id":828,"Shape_Le_1":0.00074185994670900003,"Road":"Road_1","Length":71.036647239999994,"ID":"Road_1_828"}},{"type":"Feature","id":1353,"geometry":{"type":"LineString","coordinates":[[121.39507741628984,36.811727925103696],[121.39443834905057,36.811346360746029]]},"properties":{"FID":1353,"Source_id":1,"Shape_Leng":125.63629865,"Region":"ASIA","Segment":"Blasting Solutions","Method":"Road","Product_tr":"Initiating System","Segment_id":829,"Shape_Le_1":0.00074431061751199996,"Road":"Road_1","Length":71.026694829799993,"ID":"Road_1_829"}},{"type":"Feature","id":1354,"geometry":{"type":"LineString","coordinates":[[121.39443834905057,36.811346360746029],[121.39378927505504,36.810975753728087]]},"properties":{"FID":1354,"Source_id":1,"Shape_Leng":125.63629865,"Region":"ASIA","Segment":"Blasting Solutions","Method":"Road","Product_tr":"Initiating System","Segment_id":830,"Shape_Le_1":0.00074742666090000002,"Road":"Road_1","Length":71.034901079600004,"ID":"Road_1_830"}},{"type":"Feature","id":1355,"geometry":{"type":"LineString","coordinates":[[121.39378927505504,36.810975753728087],[121.393135991333,36.810609995854691]]},"properties":{"FID":1355,"Source_id":1,"Shape_Leng":125.63629865,"Region":"ASIA","Segment":"Blasting Solutions","Method":"Road","Product_tr":"Initiating System","Segment_id":831,"Shape_Le_1":0.00074870451009700001,"Road":"Road_1","Length":71.032868540400003,"ID":"Road_1_831"}},{"type":"Feature","id":1356,"geometry":{"type":"LineString","coordinates":[[121.393135991333,36.810609995854691],[121.39248154478753,36.810245576172463]]},"properties":{"FID":1356,"Source_id":1,"Shape_Leng":125.63629865,"Region":"ASIA","Segment":"Blasting Solutions","Method":"Road","Product_tr":"Initiating System","Segment_id":832,"Shape_Le_1":0.00074906741063200004,"Road":"Road_1","Length":71.0336195406,"ID":"Road_1_832"}},{"type":"Feature","id":1357,"geometry":{"type":"LineString","coordinates":[[121.39248154478753,36.810245576172463],[121.39182646781728,36.809881905625502]]},"properties":{"FID":1357,"Source_id":1,"Shape_Leng":125.63629865,"Region":"ASIA","Segment":"Blasting Solutions","Method":"Road","Product_tr":"Initiating System","Segment_id":833,"Shape_Le_1":0.00074925436513500001,"Road":"Road_1","Length":71.032833566400001,"ID":"Road_1_833"}},{"type":"Feature","id":1358,"geometry":{"type":"LineString","coordinates":[[121.39182646781728,36.809881905625502],[121.39116902832802,36.809521067942967]]},"properties":{"FID":1358,"Source_id":1,"Shape_Leng":125.63629865,"Region":"ASIA","Segment":"Blasting Solutions","Method":"Road","Product_tr":"Initiating System","Segment_id":834,"Shape_Le_1":0.00074995367535300001,"Road":"Road_1","Length":71.028936252299999,"ID":"Road_1_834"}},{"type":"Feature","id":1359,"geometry":{"type":"LineString","coordinates":[[121.39116902832802,36.809521067942967],[121.39050069625023,36.809173405328465]]},"properties":{"FID":1359,"Source_id":1,"Shape_Leng":125.63629865,"Region":"ASIA","Segment":"Blasting Solutions","Method":"Road","Product_tr":"Initiating System","Segment_id":835,"Shape_Le_1":0.00075335055567099995,"Road":"Road_1","Length":71.029379672199994,"ID":"Road_1_835"}},{"type":"Feature","id":1360,"geometry":{"type":"LineString","coordinates":[[121.39050069625023,36.809173405328465],[121.38983159794998,36.808826729270208]]},"properties":{"FID":1360,"Source_id":1,"Shape_Leng":125.63629865,"Region":"ASIA","Segment":"Blasting Solutions","Method":"Road","Product_tr":"Initiating System","Segment_id":836,"Shape_Le_1":0.00075357602454299995,"Road":"Road_1","Length":71.027661011899994,"ID":"Road_1_836"}},{"type":"Feature","id":1361,"geometry":{"type":"LineString","coordinates":[[121.38983159794998,36.808826729270208],[121.38915734473574,36.808486665926921]]},"properties":{"FID":1361,"Source_id":1,"Shape_Leng":125.63629865,"Region":"ASIA","Segment":"Blasting Solutions","Method":"Road","Product_tr":"Initiating System","Segment_id":837,"Shape_Le_1":0.00075515592718600004,"Road":"Road_1","Length":71.022356203200005,"ID":"Road_1_837"}},{"type":"Feature","id":1362,"geometry":{"type":"LineString","coordinates":[[121.38915734473574,36.808486665926921],[121.38848107434217,36.808149104497602]]},"properties":{"FID":1362,"Source_id":1,"Shape_Leng":125.63629865,"Region":"ASIA","Segment":"Blasting Solutions","Method":"Road","Product_tr":"Initiating System","Segment_id":838,"Shape_Le_1":0.00075583686320699998,"Road":"Road_1","Length":71.028309518900002,"ID":"Road_1_838"}},{"type":"Feature","id":1363,"geometry":{"type":"LineString","coordinates":[[121.38848107434217,36.808149104497602],[121.38780663406897,36.807809185945246]]},"properties":{"FID":1363,"Source_id":1,"Shape_Leng":125.63629865,"Region":"ASIA","Segment":"Blasting Solutions","Method":"Road","Product_tr":"Initiating System","Segment_id":839,"Shape_Le_1":0.00075525777344699998,"Road":"Road_1","Length":71.028409584200006,"ID":"Road_1_839"}},{"type":"Feature","id":1364,"geometry":{"type":"LineString","coordinates":[[121.38780663406897,36.807809185945246],[121.38713118025987,36.807470590295566]]},"properties":{"FID":1364,"Source_id":1,"Shape_Leng":125.63629865,"Region":"ASIA","Segment":"Blasting Solutions","Method":"Road","Product_tr":"Initiating System","Segment_id":840,"Shape_Le_1":0.00075556923058199999,"Road":"Road_1","Length":71.027509830200003,"ID":"Road_1_840"}},{"type":"Feature","id":1365,"geometry":{"type":"LineString","coordinates":[[121.38713118025987,36.807470590295566],[121.38643700616296,36.807157699068625]]},"properties":{"FID":1365,"Source_id":1,"Shape_Leng":125.63629865,"Region":"ASIA","Segment":"Blasting Solutions","Method":"Road","Product_tr":"Initiating System","Segment_id":841,"Shape_Le_1":0.00076143193833200001,"Road":"Road_1","Length":71.013211640999998,"ID":"Road_1_841"}},{"type":"Feature","id":1366,"geometry":{"type":"LineString","coordinates":[[121.38643700616296,36.807157699068625],[121.38574367922752,36.806843779017242]]},"properties":{"FID":1366,"Source_id":1,"Shape_Leng":125.63629865,"Region":"ASIA","Segment":"Blasting Solutions","Method":"Road","Product_tr":"Initiating System","Segment_id":842,"Shape_Le_1":0.00076108346327899998,"Road":"Road_1","Length":71.003444275099994,"ID":"Road_1_842"}},{"type":"Feature","id":1367,"geometry":{"type":"LineString","coordinates":[[121.38574367922752,36.806843779017242],[121.38503434256097,36.806553476062106]]},"properties":{"FID":1367,"Source_id":1,"Shape_Leng":125.63629865,"Region":"ASIA","Segment":"Blasting Solutions","Method":"Road","Product_tr":"Initiating System","Segment_id":843,"Shape_Le_1":0.00076644263468799996,"Road":"Road_1","Length":71.025371510100001,"ID":"Road_1_843"}},{"type":"Feature","id":1368,"geometry":{"type":"LineString","coordinates":[[121.38503434256097,36.806553476062106],[121.38433821783451,36.806244109278282]]},"properties":{"FID":1368,"Source_id":1,"Shape_Leng":125.63629865,"Region":"ASIA","Segment":"Blasting Solutions","Method":"Road","Product_tr":"Initiating System","Segment_id":844,"Shape_Le_1":0.00076177256561400005,"Road":"Road_1","Length":70.975731122699997,"ID":"Road_1_844"}},{"type":"Feature","id":1369,"geometry":{"type":"LineString","coordinates":[[121.38433821783451,36.806244109278282],[121.38365719092667,36.805913196536835]]},"properties":{"FID":1369,"Source_id":1,"Shape_Leng":125.63629865,"Region":"ASIA","Segment":"Blasting Solutions","Method":"Road","Product_tr":"Initiating System","Segment_id":845,"Shape_Le_1":0.00075716635665899995,"Road":"Road_1","Length":71.006394067900004,"ID":"Road_1_845"}},{"type":"Feature","id":1370,"geometry":{"type":"LineString","coordinates":[[121.38365719092667,36.805913196536835],[121.38295390220094,36.80561402356841]]},"properties":{"FID":1370,"Source_id":1,"Shape_Leng":125.63629865,"Region":"ASIA","Segment":"Blasting Solutions","Method":"Road","Product_tr":"Initiating System","Segment_id":846,"Shape_Le_1":0.00076427710732199998,"Road":"Road_1","Length":71.0004085291,"ID":"Road_1_846"}},{"type":"Feature","id":1371,"geometry":{"type":"LineString","coordinates":[[121.38295390220094,36.80561402356841],[121.38223780173325,36.805334743603566]]},"properties":{"FID":1371,"Source_id":1,"Shape_Leng":125.63629865,"Region":"ASIA","Segment":"Blasting Solutions","Method":"Road","Product_tr":"Initiating System","Segment_id":847,"Shape_Le_1":0.00076863331867699995,"Road":"Road_1","Length":71.022443262400003,"ID":"Road_1_847"}},{"type":"Feature","id":1372,"geometry":{"type":"LineString","coordinates":[[121.38223780173325,36.805334743603566],[121.38152265814426,36.805053902415693]]},"properties":{"FID":1372,"Source_id":1,"Shape_Leng":125.63629865,"Region":"ASIA","Segment":"Blasting Solutions","Method":"Road","Product_tr":"Initiating System","Segment_id":848,"Shape_Le_1":0.00076831121668300003,"Road":"Road_1","Length":71.021688724200004,"ID":"Road_1_848"}},{"type":"Feature","id":1373,"geometry":{"type":"LineString","coordinates":[[121.38152265814426,36.805053902415693],[121.38080984020201,36.8047693137529]]},"properties":{"FID":1373,"Source_id":1,"Shape_Leng":125.63629865,"Region":"ASIA","Segment":"Blasting Solutions","Method":"Road","Product_tr":"Initiating System","Segment_id":849,"Shape_Le_1":0.00076752858304800003,"Road":"Road_1","Length":71.019426541499996,"ID":"Road_1_849"}},{"type":"Feature","id":1374,"geometry":{"type":"LineString","coordinates":[[121.38080984020201,36.8047693137529],[121.38009444030627,36.804489022050802]]},"properties":{"FID":1374,"Source_id":1,"Shape_Leng":125.63629865,"Region":"ASIA","Segment":"Blasting Solutions","Method":"Road","Product_tr":"Initiating System","Segment_id":850,"Shape_Le_1":0.00076834917133299996,"Road":"Road_1","Length":71.015932322400005,"ID":"Road_1_850"}},{"type":"Feature","id":1375,"geometry":{"type":"LineString","coordinates":[[121.38009444030627,36.804489022050802],[121.37936726738553,36.804229020852688]]},"properties":{"FID":1375,"Source_id":1,"Shape_Leng":125.63629865,"Region":"ASIA","Segment":"Blasting Solutions","Method":"Road","Product_tr":"Initiating System","Segment_id":851,"Shape_Le_1":0.00077225713312899995,"Road":"Road_1","Length":71.017826172499994,"ID":"Road_1_851"}},{"type":"Feature","id":1376,"geometry":{"type":"LineString","coordinates":[[121.37936726738553,36.804229020852688],[121.37864032109405,36.803968591577302]]},"properties":{"FID":1376,"Source_id":1,"Shape_Leng":125.63629865,"Region":"ASIA","Segment":"Blasting Solutions","Method":"Road","Product_tr":"Initiating System","Segment_id":852,"Shape_Le_1":0.00077218800701199996,"Road":"Road_1","Length":71.0188657729,"ID":"Road_1_852"}},{"type":"Feature","id":1377,"geometry":{"type":"LineString","coordinates":[[121.37864032109405,36.803968591577302],[121.37791338919158,36.803708156905941]]},"properties":{"FID":1377,"Source_id":1,"Shape_Leng":125.63629865,"Region":"ASIA","Segment":"Blasting Solutions","Method":"Road","Product_tr":"Initiating System","Segment_id":853,"Shape_Le_1":0.00077217628096599999,"Road":"Road_1","Length":71.018136672899999,"ID":"Road_1_853"}},{"type":"Feature","id":1378,"geometry":{"type":"LineString","coordinates":[[121.37791338919158,36.803708156905941],[121.37718647077907,36.803447718637358]]},"properties":{"FID":1378,"Source_id":1,"Shape_Leng":125.63629865,"Region":"ASIA","Segment":"Blasting Solutions","Method":"Road","Product_tr":"Initiating System","Segment_id":854,"Shape_Le_1":0.00077216479471000005,"Road":"Road_1","Length":71.017399627499998,"ID":"Road_1_854"}},{"type":"Feature","id":1379,"geometry":{"type":"LineString","coordinates":[[121.37718647077907,36.803447718637358],[121.37645789761393,36.803190328171183]]},"properties":{"FID":1379,"Source_id":1,"Shape_Leng":125.63629865,"Region":"ASIA","Segment":"Blasting Solutions","Method":"Road","Product_tr":"Initiating System","Segment_id":855,"Shape_Le_1":0.00077270221238900005,"Road":"Road_1","Length":71.015798983600007,"ID":"Road_1_855"}},{"type":"Feature","id":1380,"geometry":{"type":"LineString","coordinates":[[121.37645789761393,36.803190328171183],[121.37572532336503,36.802940709646066]]},"properties":{"FID":1380,"Source_id":1,"Shape_Leng":125.63629865,"Region":"ASIA","Segment":"Blasting Solutions","Method":"Road","Product_tr":"Initiating System","Segment_id":856,"Shape_Le_1":0.000773934388843,"Road":"Road_1","Length":71.002129773199997,"ID":"Road_1_856"}},{"type":"Feature","id":1381,"geometry":{"type":"LineString","coordinates":[[121.37572532336503,36.802940709646066],[121.37498980653436,36.802696453778367]]},"properties":{"FID":1381,"Source_id":1,"Shape_Leng":125.63629865,"Region":"ASIA","Segment":"Blasting Solutions","Method":"Road","Product_tr":"Initiating System","Segment_id":857,"Shape_Le_1":0.00077501350769399997,"Road":"Road_1","Length":71.014909166799995,"ID":"Road_1_857"}},{"type":"Feature","id":1382,"geometry":{"type":"LineString","coordinates":[[121.37498980653436,36.802696453778367],[121.37425269700441,36.802455536194088]]},"properties":{"FID":1382,"Source_id":1,"Shape_Leng":125.63629865,"Region":"ASIA","Segment":"Blasting Solutions","Method":"Road","Product_tr":"Initiating System","Segment_id":858,"Shape_Le_1":0.00077548161909800004,"Road":"Road_1","Length":71.006178087899997,"ID":"Road_1_858"}},{"type":"Feature","id":1383,"geometry":{"type":"LineString","coordinates":[[121.37425269700441,36.802455536194088],[121.37351050810355,36.802224736882181]]},"properties":{"FID":1383,"Source_id":1,"Shape_Leng":125.63629865,"Region":"ASIA","Segment":"Blasting Solutions","Method":"Road","Product_tr":"Initiating System","Segment_id":859,"Shape_Le_1":0.00077724686357299999,"Road":"Road_1","Length":71.013836127999994,"ID":"Road_1_859"}},{"type":"Feature","id":1384,"geometry":{"type":"LineString","coordinates":[[121.37351050810355,36.802224736882181],[121.37276858450264,36.801993415064089]]},"properties":{"FID":1384,"Source_id":1,"Shape_Leng":125.63629865,"Region":"ASIA","Segment":"Blasting Solutions","Method":"Road","Product_tr":"Initiating System","Segment_id":860,"Shape_Le_1":0.00077714890022199999,"Road":"Road_1","Length":71.012880026800005,"ID":"Road_1_860"}},{"type":"Feature","id":1385,"geometry":{"type":"LineString","coordinates":[[121.37276858450264,36.801993415064089],[121.37203210809537,36.801751238428949]]},"properties":{"FID":1385,"Source_id":1,"Shape_Leng":125.63629865,"Region":"ASIA","Segment":"Blasting Solutions","Method":"Road","Product_tr":"Initiating System","Segment_id":861,"Shape_Le_1":0.00077527222384900002,"Road":"Road_1","Length":71.007159512100003,"ID":"Road_1_861"}},{"type":"Feature","id":1386,"geometry":{"type":"LineString","coordinates":[[121.37203210809537,36.801751238428949],[121.37129927304306,36.801502041685922]]},"properties":{"FID":1386,"Source_id":1,"Shape_Leng":125.63629865,"Region":"ASIA","Segment":"Blasting Solutions","Method":"Road","Product_tr":"Initiating System","Segment_id":862,"Shape_Le_1":0.00077404536728800004,"Road":"Road_1","Length":71.006441606899998,"ID":"Road_1_862"}},{"type":"Feature","id":1387,"geometry":{"type":"LineString","coordinates":[[121.37129927304306,36.801502041685922],[121.3705630394528,36.801259563777876]]},"properties":{"FID":1387,"Source_id":1,"Shape_Leng":125.63629865,"Region":"ASIA","Segment":"Blasting Solutions","Method":"Road","Product_tr":"Initiating System","Segment_id":863,"Shape_Le_1":0.00077513575283100005,"Road":"Road_1","Length":71.000154706399996,"ID":"Road_1_863"}},{"type":"Feature","id":1388,"geometry":{"type":"LineString","coordinates":[[121.3705630394528,36.801259563777876],[121.36983087709336,36.801009018951106]]},"properties":{"FID":1388,"Source_id":1,"Shape_Leng":125.63629865,"Region":"ASIA","Segment":"Blasting Solutions","Method":"Road","Product_tr":"Initiating System","Segment_id":864,"Shape_Le_1":0.00077384393181200003,"Road":"Road_1","Length":71.009980213199995,"ID":"Road_1_864"}},{"type":"Feature","id":1389,"geometry":{"type":"LineString","coordinates":[[121.36983087709336,36.801009018951106],[121.36909861580853,36.800758673773828]]},"properties":{"FID":1389,"Source_id":1,"Shape_Leng":125.63629865,"Region":"ASIA","Segment":"Blasting Solutions","Method":"Road","Product_tr":"Initiating System","Segment_id":865,"Shape_Le_1":0.00077387292048499996,"Road":"Road_1","Length":71.009627953199995,"ID":"Road_1_865"}},{"type":"Feature","id":1390,"geometry":{"type":"LineString","coordinates":[[121.36909861580853,36.800758673773828],[121.36838091904428,36.800483831064014]]},"properties":{"FID":1390,"Source_id":1,"Shape_Leng":125.63629865,"Region":"ASIA","Segment":"Blasting Solutions","Method":"Road","Product_tr":"Initiating System","Segment_id":866,"Shape_Le_1":0.00076852271309300001,"Road":"Road_1","Length":70.941169283099995,"ID":"Road_1_866"}},{"type":"Feature","id":1391,"geometry":{"type":"LineString","coordinates":[[121.36838091904428,36.800483831064014],[121.36766763255525,36.800200310795731]]},"properties":{"FID":1391,"Source_id":1,"Shape_Leng":125.63629865,"Region":"ASIA","Segment":"Blasting Solutions","Method":"Road","Product_tr":"Initiating System","Segment_id":867,"Shape_Le_1":0.00076756847118800002,"Road":"Road_1","Length":71.007641699900006,"ID":"Road_1_867"}},{"type":"Feature","id":1392,"geometry":{"type":"LineString","coordinates":[[121.36766763255525,36.800200310795731],[121.36696014399547,36.799907560785357]]},"properties":{"FID":1392,"Source_id":1,"Shape_Leng":125.63629865,"Region":"ASIA","Segment":"Blasting Solutions","Method":"Road","Product_tr":"Initiating System","Segment_id":868,"Shape_Le_1":0.00076566482928099998,"Road":"Road_1","Length":71.007109969200002,"ID":"Road_1_868"}},{"type":"Feature","id":1393,"geometry":{"type":"LineString","coordinates":[[121.36696014399547,36.799907560785357],[121.36625333532322,36.79961376126613]]},"properties":{"FID":1393,"Source_id":1,"Shape_Leng":125.63629865,"Region":"ASIA","Segment":"Blasting Solutions","Method":"Road","Product_tr":"Initiating System","Segment_id":869,"Shape_Le_1":0.00076543886539899998,"Road":"Road_1","Length":71.006778629999999,"ID":"Road_1_869"}},{"type":"Feature","id":1394,"geometry":{"type":"LineString","coordinates":[[121.36625333532322,36.79961376126613],[121.36554706444554,36.799319207215717]]},"properties":{"FID":1394,"Source_id":1,"Shape_Leng":125.63629865,"Region":"ASIA","Segment":"Blasting Solutions","Method":"Road","Product_tr":"Initiating System","Segment_id":870,"Shape_Le_1":0.00076523240997899999,"Road":"Road_1","Length":71.002868505500004,"ID":"Road_1_870"}},{"type":"Feature","id":1395,"geometry":{"type":"LineString","coordinates":[[121.36554706444554,36.799319207215717],[121.36485963886128,36.798997119521516]]},"properties":{"FID":1395,"Source_id":1,"Shape_Leng":125.63629865,"Region":"ASIA","Segment":"Blasting Solutions","Method":"Road","Product_tr":"Initiating System","Segment_id":871,"Shape_Le_1":0.00075914057766100003,"Road":"Road_1","Length":71.002403456899998,"ID":"Road_1_871"}},{"type":"Feature","id":1396,"geometry":{"type":"LineString","coordinates":[[121.36485963886128,36.798997119521516],[121.36415828097995,36.798695250385549]]},"properties":{"FID":1396,"Source_id":1,"Shape_Leng":125.63629865,"Region":"ASIA","Segment":"Blasting Solutions","Method":"Road","Product_tr":"Initiating System","Segment_id":872,"Shape_Le_1":0.00076356260578099998,"Road":"Road_1","Length":70.993796945499994,"ID":"Road_1_872"}},{"type":"Feature","id":1397,"geometry":{"type":"LineString","coordinates":[[121.36415828097995,36.798695250385549],[121.36347681430357,36.798365056202442]]},"properties":{"FID":1397,"Source_id":1,"Shape_Leng":125.63629865,"Region":"ASIA","Segment":"Blasting Solutions","Method":"Road","Product_tr":"Initiating System","Segment_id":873,"Shape_Le_1":0.00075724832755099997,"Road":"Road_1","Length":71.003885240800003,"ID":"Road_1_873"}},{"type":"Feature","id":1398,"geometry":{"type":"LineString","coordinates":[[121.36347681430357,36.798365056202442],[121.36279957803811,36.79802933028941]]},"properties":{"FID":1398,"Source_id":1,"Shape_Leng":125.63629865,"Region":"ASIA","Segment":"Blasting Solutions","Method":"Road","Product_tr":"Initiating System","Segment_id":874,"Shape_Le_1":0.00075588414981100005,"Road":"Road_1","Length":71.001180791400003,"ID":"Road_1_874"}},{"type":"Feature","id":1399,"geometry":{"type":"LineString","coordinates":[[121.36279957803811,36.79802933028941],[121.36212822873483,36.797686027588156]]},"properties":{"FID":1399,"Source_id":1,"Shape_Leng":125.63629865,"Region":"ASIA","Segment":"Blasting Solutions","Method":"Road","Product_tr":"Initiating System","Segment_id":875,"Shape_Le_1":0.000754033574647,"Road":"Road_1","Length":71.002289475300003,"ID":"Road_1_875"}},{"type":"Feature","id":1400,"geometry":{"type":"LineString","coordinates":[[121.36212822873483,36.797686027588156],[121.36146853644391,36.797328594738929]]},"properties":{"FID":1400,"Source_id":1,"Shape_Leng":125.63629865,"Region":"ASIA","Segment":"Blasting Solutions","Method":"Road","Product_tr":"Initiating System","Segment_id":876,"Shape_Le_1":0.00075030137972099996,"Road":"Road_1","Length":70.990921823899996,"ID":"Road_1_876"}},{"type":"Feature","id":1401,"geometry":{"type":"LineString","coordinates":[[121.36146853644391,36.797328594738929],[121.36081787784281,36.796960515715284]]},"properties":{"FID":1401,"Source_id":1,"Shape_Leng":125.63629865,"Region":"ASIA","Segment":"Blasting Solutions","Method":"Road","Product_tr":"Initiating System","Segment_id":877,"Shape_Le_1":0.00074755520387200002,"Road":"Road_1","Length":70.9970384784,"ID":"Road_1_877"}},{"type":"Feature","id":1402,"geometry":{"type":"LineString","coordinates":[[121.36081787784281,36.796960515715284],[121.36017124550665,36.796587984148175]]},"properties":{"FID":1402,"Source_id":1,"Shape_Leng":125.63629865,"Region":"ASIA","Segment":"Blasting Solutions","Method":"Road","Product_tr":"Initiating System","Segment_id":878,"Shape_Le_1":0.00074626613661299998,"Road":"Road_1","Length":70.990268052499999,"ID":"Road_1_878"}},{"type":"Feature","id":1403,"geometry":{"type":"LineString","coordinates":[[121.36017124550665,36.796587984148175],[121.35953784039907,36.796200902449755]]},"properties":{"FID":1403,"Source_id":1,"Shape_Leng":125.63629865,"Region":"ASIA","Segment":"Blasting Solutions","Method":"Road","Product_tr":"Initiating System","Segment_id":879,"Shape_Le_1":0.00074231682694000001,"Road":"Road_1","Length":70.999303730299999,"ID":"Road_1_879"}},{"type":"Feature","id":1404,"geometry":{"type":"LineString","coordinates":[[121.35953784039907,36.796200902449755],[121.35890242350808,36.795815975526921]]},"properties":{"FID":1404,"Source_id":1,"Shape_Leng":125.63629865,"Region":"ASIA","Segment":"Blasting Solutions","Method":"Road","Product_tr":"Initiating System","Segment_id":880,"Shape_Le_1":0.00074291544692100002,"Road":"Road_1","Length":70.998443129600005,"ID":"Road_1_880"}},{"type":"Feature","id":1405,"geometry":{"type":"LineString","coordinates":[[121.35890242350808,36.795815975526921],[121.35827509511955,36.795422599473454]]},"properties":{"FID":1405,"Source_id":1,"Shape_Leng":125.63629865,"Region":"ASIA","Segment":"Blasting Solutions","Method":"Road","Product_tr":"Initiating System","Segment_id":881,"Shape_Le_1":0.00074046311623099999,"Road":"Road_1","Length":70.996048345000005,"ID":"Road_1_881"}},{"type":"Feature","id":1406,"geometry":{"type":"LineString","coordinates":[[121.35827509511955,36.795422599473454],[121.35765522570819,36.795021654725645]]},"properties":{"FID":1406,"Source_id":1,"Shape_Leng":125.63629865,"Region":"ASIA","Segment":"Blasting Solutions","Method":"Road","Product_tr":"Initiating System","Segment_id":882,"Shape_Le_1":0.00073823761618099998,"Road":"Road_1","Length":70.995828532100006,"ID":"Road_1_882"}},{"type":"Feature","id":1407,"geometry":{"type":"LineString","coordinates":[[121.35765522570819,36.795021654725645],[121.3570379922096,36.79461810374255]]},"properties":{"FID":1407,"Source_id":1,"Shape_Leng":125.63629865,"Region":"ASIA","Segment":"Blasting Solutions","Method":"Road","Product_tr":"Initiating System","Segment_id":883,"Shape_Le_1":0.00073744870176499998,"Road":"Road_1","Length":70.994969491999996,"ID":"Road_1_883"}},{"type":"Feature","id":1408,"geometry":{"type":"LineString","coordinates":[[121.3570379922096,36.79461810374255],[121.3564303697658,36.794205259165437]]},"properties":{"FID":1408,"Source_id":1,"Shape_Leng":125.63629865,"Region":"ASIA","Segment":"Blasting Solutions","Method":"Road","Product_tr":"Initiating System","Segment_id":884,"Shape_Le_1":0.00073460579840800002,"Road":"Road_1","Length":70.992834534400004,"ID":"Road_1_884"}},{"type":"Feature","id":1409,"geometry":{"type":"LineString","coordinates":[[121.3564303697658,36.794205259165437],[121.35582788335023,36.793787560047917]]},"properties":{"FID":1409,"Source_id":1,"Shape_Leng":125.63629865,"Region":"ASIA","Segment":"Blasting Solutions","Method":"Road","Product_tr":"Initiating System","Segment_id":885,"Shape_Le_1":0.00073311829449800004,"Road":"Road_1","Length":70.994078161499999,"ID":"Road_1_885"}},{"type":"Feature","id":1410,"geometry":{"type":"LineString","coordinates":[[121.35582788335023,36.793787560047917],[121.35523776441141,36.793358850530581]]},"properties":{"FID":1410,"Source_id":1,"Shape_Leng":125.63629865,"Region":"ASIA","Segment":"Blasting Solutions","Method":"Road","Product_tr":"Initiating System","Segment_id":886,"Shape_Le_1":0.00072940538262699999,"Road":"Road_1","Length":70.975113385,"ID":"Road_1_886"}},{"type":"Feature","id":1411,"geometry":{"type":"LineString","coordinates":[[121.35523776441141,36.793358850530581],[121.35466195458559,36.792917564893742]]},"properties":{"FID":1411,"Source_id":1,"Shape_Leng":125.63629865,"Region":"ASIA","Segment":"Blasting Solutions","Method":"Road","Product_tr":"Initiating System","Segment_id":887,"Shape_Le_1":0.00072545845421300001,"Road":"Road_1","Length":70.988314439999996,"ID":"Road_1_887"}},{"type":"Feature","id":1412,"geometry":{"type":"LineString","coordinates":[[121.35466195458559,36.792917564893742],[121.35409755535795,36.792466810295139]]},"properties":{"FID":1412,"Source_id":1,"Shape_Leng":125.63629865,"Region":"ASIA","Segment":"Blasting Solutions","Method":"Road","Product_tr":"Initiating System","Segment_id":888,"Shape_Le_1":0.00072230616522699998,"Road":"Road_1","Length":70.991207387700001,"ID":"Road_1_888"}},{"type":"Feature","id":1413,"geometry":{"type":"LineString","coordinates":[[121.35409755535795,36.792466810295139],[121.35353536126797,36.792014291226621]]},"properties":{"FID":1413,"Source_id":1,"Shape_Leng":125.63629865,"Region":"ASIA","Segment":"Blasting Solutions","Method":"Road","Product_tr":"Initiating System","Segment_id":889,"Shape_Le_1":0.00072168947766999998,"Road":"Road_1","Length":70.990271230800005,"ID":"Road_1_889"}},{"type":"Feature","id":1414,"geometry":{"type":"LineString","coordinates":[[121.35353536126797,36.792014291226621],[121.35297503686854,36.791560301766538]]},"properties":{"FID":1414,"Source_id":1,"Shape_Leng":125.63629865,"Region":"ASIA","Segment":"Blasting Solutions","Method":"Road","Product_tr":"Initiating System","Segment_id":890,"Shape_Le_1":0.00072115869436899997,"Road":"Road_1","Length":70.988335779699995,"ID":"Road_1_890"}},{"type":"Feature","id":1415,"geometry":{"type":"LineString","coordinates":[[121.35297503686854,36.791560301766538],[121.35242084314746,36.791101452370185]]},"properties":{"FID":1415,"Source_id":1,"Shape_Leng":125.63629865,"Region":"ASIA","Segment":"Blasting Solutions","Method":"Road","Product_tr":"Initiating System","Segment_id":891,"Shape_Le_1":0.00071949527380300003,"Road":"Road_1","Length":70.989966774500004,"ID":"Road_1_891"}},{"type":"Feature","id":1416,"geometry":{"type":"LineString","coordinates":[[121.35242084314746,36.791101452370185],[121.35187006325293,36.790640055194444]]},"properties":{"FID":1416,"Source_id":1,"Shape_Leng":125.63629865,"Region":"ASIA","Segment":"Blasting Solutions","Method":"Road","Product_tr":"Initiating System","Segment_id":892,"Shape_Le_1":0.00071850250242699995,"Road":"Road_1","Length":70.981880330600006,"ID":"Road_1_892"}},{"type":"Feature","id":1417,"geometry":{"type":"LineString","coordinates":[[121.35187006325293,36.790640055194444],[121.35135279209771,36.790154141600397]]},"properties":{"FID":1417,"Source_id":1,"Shape_Leng":125.63629865,"Region":"ASIA","Segment":"Blasting Solutions","Method":"Road","Product_tr":"Initiating System","Segment_id":893,"Shape_Le_1":0.00070970519858699996,"Road":"Road_1","Length":70.988435153599994,"ID":"Road_1_893"}},{"type":"Feature","id":1418,"geometry":{"type":"LineString","coordinates":[[121.35135279209771,36.790154141600397],[121.35083689240867,36.789667320590411]]},"properties":{"FID":1418,"Source_id":1,"Shape_Leng":125.63629865,"Region":"ASIA","Segment":"Blasting Solutions","Method":"Road","Product_tr":"Initiating System","Segment_id":894,"Shape_Le_1":0.00070932868610000001,"Road":"Road_1","Length":70.985676714299998,"ID":"Road_1_894"}},{"type":"Feature","id":1419,"geometry":{"type":"LineString","coordinates":[[121.35083689240867,36.789667320590411],[121.35033279182494,36.789172555868788]]},"properties":{"FID":1419,"Source_id":1,"Shape_Leng":125.63629865,"Region":"ASIA","Segment":"Blasting Solutions","Method":"Road","Product_tr":"Initiating System","Segment_id":895,"Shape_Le_1":0.00070633528035600002,"Road":"Road_1","Length":70.986894707999994,"ID":"Road_1_895"}},{"type":"Feature","id":1420,"geometry":{"type":"LineString","coordinates":[[121.35033279182494,36.789172555868788],[121.34981862153222,36.788684555847624]]},"properties":{"FID":1420,"Source_id":1,"Shape_Leng":125.63629865,"Region":"ASIA","Segment":"Blasting Solutions","Method":"Road","Product_tr":"Initiating System","Segment_id":896,"Shape_Le_1":0.000708883002032,"Road":"Road_1","Length":70.985783605500004,"ID":"Road_1_896"}},{"type":"Feature","id":1421,"geometry":{"type":"LineString","coordinates":[[121.34981862153222,36.788684555847624],[121.34932660603806,36.78818210192253]]},"properties":{"FID":1421,"Source_id":1,"Shape_Leng":125.63629865,"Region":"ASIA","Segment":"Blasting Solutions","Method":"Road","Product_tr":"Initiating System","Segment_id":897,"Shape_Le_1":0.00070323480668700003,"Road":"Road_1","Length":70.976850839099995,"ID":"Road_1_897"}},{"type":"Feature","id":1422,"geometry":{"type":"LineString","coordinates":[[121.34932660603806,36.78818210192253],[121.34882201712242,36.787687835425345]]},"properties":{"FID":1422,"Source_id":1,"Shape_Leng":125.63629865,"Region":"ASIA","Segment":"Blasting Solutions","Method":"Road","Product_tr":"Initiating System","Segment_id":898,"Shape_Le_1":0.000706335149934,"Road":"Road_1","Length":70.972331249099994,"ID":"Road_1_898"}},{"type":"Feature","id":1423,"geometry":{"type":"LineString","coordinates":[[121.34882201712242,36.787687835425345],[121.34833232097992,36.787183995644909]]},"properties":{"FID":1423,"Source_id":1,"Shape_Leng":125.63629865,"Region":"ASIA","Segment":"Blasting Solutions","Method":"Road","Product_tr":"Initiating System","Segment_id":899,"Shape_Le_1":0.00070260717070299997,"Road":"Road_1","Length":70.9703887979,"ID":"Road_1_899"}},{"type":"Feature","id":1424,"geometry":{"type":"LineString","coordinates":[[121.34833232097992,36.787183995644909],[121.34785044354317,36.786675161929224]]},"properties":{"FID":1424,"Source_id":1,"Shape_Leng":125.63629865,"Region":"ASIA","Segment":"Blasting Solutions","Method":"Road","Product_tr":"Initiating System","Segment_id":900,"Shape_Le_1":0.00070079784122900005,"Road":"Road_1","Length":70.982944699200004,"ID":"Road_1_900"}},{"type":"Feature","id":1425,"geometry":{"type":"LineString","coordinates":[[121.34785044354317,36.786675161929224],[121.34736857689836,36.786166332710138]]},"properties":{"FID":1425,"Source_id":1,"Shape_Leng":125.63629865,"Region":"ASIA","Segment":"Blasting Solutions","Method":"Road","Product_tr":"Initiating System","Segment_id":901,"Shape_Le_1":0.000700787155684,"Road":"Road_1","Length":70.982132509899998,"ID":"Road_1_901"}},{"type":"Feature","id":1426,"geometry":{"type":"LineString","coordinates":[[121.34736857689836,36.786166332710138],[121.34687493093338,36.7856649309918]]},"properties":{"FID":1426,"Source_id":1,"Shape_Leng":125.63629865,"Region":"ASIA","Segment":"Blasting Solutions","Method":"Road","Product_tr":"Initiating System","Segment_id":902,"Shape_Le_1":0.000703626336839,"Road":"Road_1","Length":70.976286936400001,"ID":"Road_1_902"}},{"type":"Feature","id":1427,"geometry":{"type":"LineString","coordinates":[[121.34687493093338,36.7856649309918],[121.34634014638073,36.78519164387933]]},"properties":{"FID":1427,"Source_id":1,"Shape_Leng":125.63629865,"Region":"ASIA","Segment":"Blasting Solutions","Method":"Road","Product_tr":"Initiating System","Segment_id":903,"Shape_Le_1":0.00071413948818800004,"Road":"Road_1","Length":70.973786140499996,"ID":"Road_1_903"}},{"type":"Feature","id":1428,"geometry":{"type":"LineString","coordinates":[[121.34634014638073,36.78519164387933],[121.34579783899915,36.784723861517023]]},"properties":{"FID":1428,"Source_id":1,"Shape_Leng":125.63629865,"Region":"ASIA","Segment":"Blasting Solutions","Method":"Road","Product_tr":"Initiating System","Segment_id":904,"Shape_Le_1":0.00071618268242199998,"Road":"Road_1","Length":70.979356777500001,"ID":"Road_1_904"}},{"type":"Feature","id":1429,"geometry":{"type":"LineString","coordinates":[[121.34579783899915,36.784723861517023],[121.34526019999828,36.784252636549979]]},"properties":{"FID":1429,"Source_id":1,"Shape_Leng":125.63629865,"Region":"ASIA","Segment":"Blasting Solutions","Method":"Road","Product_tr":"Initiating System","Segment_id":905,"Shape_Le_1":0.00071491864209800003,"Road":"Road_1","Length":70.977019841200004,"ID":"Road_1_905"}},{"type":"Feature","id":1430,"geometry":{"type":"LineString","coordinates":[[121.34526019999828,36.784252636549979],[121.34470507997548,36.783795197290601]]},"properties":{"FID":1430,"Source_id":1,"Shape_Leng":125.63629865,"Region":"ASIA","Segment":"Blasting Solutions","Method":"Road","Product_tr":"Initiating System","Segment_id":906,"Shape_Le_1":0.000719311417766,"Road":"Road_1","Length":70.938768060399994,"ID":"Road_1_906"}},{"type":"Feature","id":1431,"geometry":{"type":"LineString","coordinates":[[121.34470507997548,36.783795197290601],[121.34414123023362,36.783344290706509]]},"properties":{"FID":1431,"Source_id":1,"Shape_Leng":125.63629865,"Region":"ASIA","Segment":"Blasting Solutions","Method":"Road","Product_tr":"Initiating System","Segment_id":907,"Shape_Le_1":0.00072197179929699997,"Road":"Road_1","Length":70.972483524099999,"ID":"Road_1_907"}},{"type":"Feature","id":1432,"geometry":{"type":"LineString","coordinates":[[121.34414123023362,36.783344290706509],[121.34357579228902,36.782894635978721]]},"properties":{"FID":1432,"Source_id":1,"Shape_Leng":125.63629865,"Region":"ASIA","Segment":"Blasting Solutions","Method":"Road","Product_tr":"Initiating System","Segment_id":908,"Shape_Le_1":0.00072243300271900002,"Road":"Road_1","Length":70.975558408599994,"ID":"Road_1_908"}},{"type":"Feature","id":1433,"geometry":{"type":"LineString","coordinates":[[121.34357579228902,36.782894635978721],[121.34300428841721,36.782450422149338]]},"properties":{"FID":1433,"Source_id":1,"Shape_Leng":125.63629865,"Region":"ASIA","Segment":"Blasting Solutions","Method":"Road","Product_tr":"Initiating System","Segment_id":909,"Shape_Le_1":0.00072383879538800002,"Road":"Road_1","Length":70.940948100699998,"ID":"Road_1_909"}},{"type":"Feature","id":1434,"geometry":{"type":"LineString","coordinates":[[121.34300428841721,36.782450422149338],[121.34238475175493,36.782049546649318]]},"properties":{"FID":1434,"Source_id":1,"Shape_Leng":125.63629865,"Region":"ASIA","Segment":"Blasting Solutions","Method":"Road","Product_tr":"Initiating System","Segment_id":910,"Shape_Le_1":0.000737920620672,"Road":"Road_1","Length":70.975073958400003,"ID":"Road_1_910"}},{"type":"Feature","id":1435,"geometry":{"type":"LineString","coordinates":[[121.34238475175493,36.782049546649318],[121.34174034254283,36.781675551885257]]},"properties":{"FID":1435,"Source_id":1,"Shape_Leng":125.63629865,"Region":"ASIA","Segment":"Blasting Solutions","Method":"Road","Product_tr":"Initiating System","Segment_id":911,"Shape_Le_1":0.00074507403402899997,"Road":"Road_1","Length":70.932943448399996,"ID":"Road_1_911"}},{"type":"Feature","id":1436,"geometry":{"type":"LineString","coordinates":[[121.34174034254283,36.781675551885257],[121.34108537169266,36.781312980309849]]},"properties":{"FID":1436,"Source_id":1,"Shape_Leng":125.63629865,"Region":"ASIA","Segment":"Blasting Solutions","Method":"Road","Product_tr":"Initiating System","Segment_id":912,"Shape_Le_1":0.00074862872098100004,"Road":"Road_1","Length":70.973585127600003,"ID":"Road_1_912"}},{"type":"Feature","id":1437,"geometry":{"type":"LineString","coordinates":[[121.34108537169266,36.781312980309849],[121.34042686740611,36.780955353207048]]},"properties":{"FID":1437,"Source_id":1,"Shape_Leng":125.63629865,"Region":"ASIA","Segment":"Blasting Solutions","Method":"Road","Product_tr":"Initiating System","Segment_id":913,"Shape_Le_1":0.00074934974481900005,"Road":"Road_1","Length":70.925380273599998,"ID":"Road_1_913"}},{"type":"Feature","id":1438,"geometry":{"type":"LineString","coordinates":[[121.34042686740611,36.780955353207048],[121.33975934561738,36.780609002703386]]},"properties":{"FID":1438,"Source_id":1,"Shape_Leng":125.63629865,"Region":"ASIA","Segment":"Blasting Solutions","Method":"Road","Product_tr":"Initiating System","Segment_id":914,"Shape_Le_1":0.000752026601799,"Road":"Road_1","Length":70.908115024099999,"ID":"Road_1_914"}},{"type":"Feature","id":1439,"geometry":{"type":"LineString","coordinates":[[121.33975934561738,36.780609002703386],[121.33907442824238,36.780284255713866]]},"properties":{"FID":1439,"Source_id":1,"Shape_Leng":125.63629865,"Region":"ASIA","Segment":"Blasting Solutions","Method":"Road","Product_tr":"Initiating System","Segment_id":915,"Shape_Le_1":0.00075800555260200004,"Road":"Road_1","Length":70.9712535946,"ID":"Road_1_915"}},{"type":"Feature","id":1440,"geometry":{"type":"LineString","coordinates":[[121.33907442824238,36.780284255713866],[121.33838813130728,36.779961962974255]]},"properties":{"FID":1440,"Source_id":1,"Shape_Leng":125.63629865,"Region":"ASIA","Segment":"Blasting Solutions","Method":"Road","Product_tr":"Initiating System","Segment_id":916,"Shape_Le_1":0.00075820583823500004,"Road":"Road_1","Length":70.939888779399993,"ID":"Road_1_916"}},{"type":"Feature","id":1441,"geometry":{"type":"LineString","coordinates":[[121.33838813130728,36.779961962974255],[121.33768408715093,36.77966490880857]]},"properties":{"FID":1441,"Source_id":1,"Shape_Leng":125.63629865,"Region":"ASIA","Segment":"Blasting Solutions","Method":"Road","Product_tr":"Initiating System","Segment_id":917,"Shape_Le_1":0.00076414615842900001,"Road":"Road_1","Length":70.969152028600007,"ID":"Road_1_917"}},{"type":"Feature","id":1442,"geometry":{"type":"LineString","coordinates":[[121.33768408715093,36.77966490880857],[121.33697062169688,36.779383048688771]]},"properties":{"FID":1442,"Source_id":1,"Shape_Leng":125.63629865,"Region":"ASIA","Segment":"Blasting Solutions","Method":"Road","Product_tr":"Initiating System","Segment_id":918,"Shape_Le_1":0.00076712325037299998,"Road":"Road_1","Length":70.955951088099994,"ID":"Road_1_918"}},{"type":"Feature","id":1443,"geometry":{"type":"LineString","coordinates":[[121.33697062169688,36.779383048688771],[121.33624760274472,36.779117356580798]]},"properties":{"FID":1443,"Source_id":1,"Shape_Leng":125.63629865,"Region":"ASIA","Segment":"Blasting Solutions","Method":"Road","Product_tr":"Initiating System","Segment_id":919,"Shape_Le_1":0.000770291309453,"Road":"Road_1","Length":70.958523084199996,"ID":"Road_1_919"}},{"type":"Feature","id":1444,"geometry":{"type":"LineString","coordinates":[[121.33624760274472,36.779117356580798],[121.33551587565717,36.77886748984281]]},"properties":{"FID":1444,"Source_id":1,"Shape_Leng":125.63629865,"Region":"ASIA","Segment":"Blasting Solutions","Method":"Road","Product_tr":"Initiating System","Segment_id":920,"Shape_Le_1":0.00077321272455499999,"Road":"Road_1","Length":70.962051535200004,"ID":"Road_1_920"}},{"type":"Feature","id":1445,"geometry":{"type":"LineString","coordinates":[[121.33551587565717,36.77886748984281],[121.33477845316315,36.778628590337235]]},"properties":{"FID":1445,"Source_id":1,"Shape_Leng":125.63629865,"Region":"ASIA","Segment":"Blasting Solutions","Method":"Road","Product_tr":"Initiating System","Segment_id":921,"Shape_Le_1":0.00077515476418500001,"Road":"Road_1","Length":70.966928905800003,"ID":"Road_1_921"}},{"type":"Feature","id":1446,"geometry":{"type":"LineString","coordinates":[[121.33477845316315,36.778628590337235],[121.33403515719681,36.778402685135859]]},"properties":{"FID":1446,"Source_id":1,"Shape_Leng":125.63629865,"Region":"ASIA","Segment":"Blasting Solutions","Method":"Road","Product_tr":"Initiating System","Segment_id":922,"Shape_Le_1":0.00077686681843999999,"Road":"Road_1","Length":70.931347427999995,"ID":"Road_1_922"}},{"type":"Feature","id":1447,"geometry":{"type":"LineString","coordinates":[[121.33403515719681,36.778402685135859],[121.33327987596556,36.778203175036538]]},"properties":{"FID":1447,"Source_id":1,"Shape_Leng":125.63629865,"Region":"ASIA","Segment":"Blasting Solutions","Method":"Road","Product_tr":"Initiating System","Segment_id":923,"Shape_Le_1":0.00078118756903099997,"Road":"Road_1","Length":70.965667031300001,"ID":"Road_1_923"}},{"type":"Feature","id":1448,"geometry":{"type":"LineString","coordinates":[[121.33327987596556,36.778203175036538],[121.33251346292604,36.778033577287829]]},"properties":{"FID":1448,"Source_id":1,"Shape_Leng":125.63629865,"Region":"ASIA","Segment":"Blasting Solutions","Method":"Road","Product_tr":"Initiating System","Segment_id":924,"Shape_Le_1":0.00078495372061299995,"Road":"Road_1","Length":70.958915151300005,"ID":"Road_1_924"}},{"type":"Feature","id":1449,"geometry":{"type":"LineString","coordinates":[[121.33251346292604,36.778033577287829],[121.33174539243601,36.777869029232363]]},"properties":{"FID":1449,"Source_id":1,"Shape_Leng":125.63629865,"Region":"ASIA","Segment":"Blasting Solutions","Method":"Road","Product_tr":"Initiating System","Segment_id":925,"Shape_Le_1":0.00078549878435699996,"Road":"Road_1","Length":70.955452878000003,"ID":"Road_1_925"}},{"type":"Feature","id":1450,"geometry":{"type":"LineString","coordinates":[[121.33174539243601,36.777869029232363],[121.33096846182514,36.777733770297289]]},"properties":{"FID":1450,"Source_id":1,"Shape_Leng":125.63629865,"Region":"ASIA","Segment":"Blasting Solutions","Method":"Road","Product_tr":"Initiating System","Segment_id":926,"Shape_Le_1":0.00078861660749800005,"Road":"Road_1","Length":70.962266083700001,"ID":"Road_1_926"}},{"type":"Feature","id":1451,"geometry":{"type":"LineString","coordinates":[[121.33096846182514,36.777733770297289],[121.33019219671257,36.777596137152045]]},"properties":{"FID":1451,"Source_id":1,"Shape_Leng":125.63629865,"Region":"ASIA","Segment":"Blasting Solutions","Method":"Road","Product_tr":"Initiating System","Segment_id":927,"Shape_Le_1":0.00078837199826700005,"Road":"Road_1","Length":70.960566033500001,"ID":"Road_1_927"}},{"type":"Feature","id":1452,"geometry":{"type":"LineString","coordinates":[[121.33019219671257,36.777596137152045],[121.32941216523932,36.777472974098544]]},"properties":{"FID":1452,"Source_id":1,"Shape_Leng":125.63629865,"Region":"ASIA","Segment":"Blasting Solutions","Method":"Road","Product_tr":"Initiating System","Segment_id":928,"Shape_Le_1":0.00078969502785300005,"Road":"Road_1","Length":70.9623568831,"ID":"Road_1_928"}},{"type":"Feature","id":1453,"geometry":{"type":"LineString","coordinates":[[121.32941216523932,36.777472974098544],[121.32862928741179,36.777362231581776]]},"properties":{"FID":1453,"Source_id":1,"Shape_Leng":125.63629865,"Region":"ASIA","Segment":"Blasting Solutions","Method":"Road","Product_tr":"Initiating System","Segment_id":929,"Shape_Le_1":0.00079067161189799999,"Road":"Road_1","Length":70.960160286199994,"ID":"Road_1_929"}},{"type":"Feature","id":1454,"geometry":{"type":"LineString","coordinates":[[121.32862928741179,36.777362231581776],[121.32784608313034,36.777252945067403]]},"properties":{"FID":1454,"Source_id":1,"Shape_Leng":125.63629865,"Region":"ASIA","Segment":"Blasting Solutions","Method":"Road","Product_tr":"Initiating System","Segment_id":930,"Shape_Le_1":0.000790792317047,"Road":"Road_1","Length":70.961167549500004,"ID":"Road_1_930"}},{"type":"Feature","id":1455,"geometry":{"type":"LineString","coordinates":[[121.32784608313034,36.777252945067403],[121.32706311447123,36.777142612641512]]},"properties":{"FID":1455,"Source_id":1,"Shape_Leng":125.63629865,"Region":"ASIA","Segment":"Blasting Solutions","Method":"Road","Product_tr":"Initiating System","Segment_id":931,"Shape_Le_1":0.00079070422115399999,"Road":"Road_1","Length":70.960476230799998,"ID":"Road_1_931"}},{"type":"Feature","id":1456,"geometry":{"type":"LineString","coordinates":[[121.32706311447123,36.777142612641512],[121.32627832558433,36.777042034262536]]},"properties":{"FID":1456,"Source_id":1,"Shape_Leng":125.63629865,"Region":"ASIA","Segment":"Blasting Solutions","Method":"Road","Product_tr":"Initiating System","Segment_id":932,"Shape_Le_1":0.00079120768912199996,"Road":"Road_1","Length":70.942295207499996,"ID":"Road_1_932"}},{"type":"Feature","id":1457,"geometry":{"type":"LineString","coordinates":[[121.32627832558433,36.777042034262536],[121.32549451965644,36.776938355021116]]},"properties":{"FID":1457,"Source_id":1,"Shape_Leng":125.63629865,"Region":"ASIA","Segment":"Blasting Solutions","Method":"Road","Product_tr":"Initiating System","Segment_id":933,"Shape_Le_1":0.000790633364894,"Road":"Road_1","Length":70.9107521002,"ID":"Road_1_933"}},{"type":"Feature","id":1458,"geometry":{"type":"LineString","coordinates":[[121.32549451965644,36.776938355021116],[121.32471291436957,36.776822864083954]]},"properties":{"FID":1458,"Source_id":1,"Shape_Leng":125.63629865,"Region":"ASIA","Segment":"Blasting Solutions","Method":"Road","Product_tr":"Initiating System","Segment_id":934,"Shape_Le_1":0.00079009175482199997,"Road":"Road_1","Length":70.9420616373,"ID":"Road_1_934"}},{"type":"Feature","id":1459,"geometry":{"type":"LineString","coordinates":[[121.32471291436957,36.776822864083954],[121.32392912552882,36.776716523748632]]},"properties":{"FID":1459,"Source_id":1,"Shape_Leng":125.63629865,"Region":"ASIA","Segment":"Blasting Solutions","Method":"Road","Product_tr":"Initiating System","Segment_id":935,"Shape_Le_1":0.00079096979322799998,"Road":"Road_1","Length":70.957959567700001,"ID":"Road_1_935"}},{"type":"Feature","id":1460,"geometry":{"type":"LineString","coordinates":[[121.32392912552882,36.776716523748632],[121.32314541762696,36.776609830879067]]},"properties":{"FID":1460,"Source_id":1,"Shape_Leng":125.63629865,"Region":"ASIA","Segment":"Blasting Solutions","Method":"Road","Product_tr":"Initiating System","Segment_id":936,"Shape_Le_1":0.00079093706693599995,"Road":"Road_1","Length":70.9574475764,"ID":"Road_1_936"}},{"type":"Feature","id":1461,"geometry":{"type":"LineString","coordinates":[[121.32314541762696,36.776609830879067],[121.32236145251909,36.776504415046759]]},"properties":{"FID":1461,"Source_id":1,"Shape_Leng":125.63629865,"Region":"ASIA","Segment":"Blasting Solutions","Method":"Road","Product_tr":"Initiating System","Segment_id":937,"Shape_Le_1":0.00079102072543100002,"Road":"Road_1","Length":70.956679903099996,"ID":"Road_1_937"}},{"type":"Feature","id":1462,"geometry":{"type":"LineString","coordinates":[[121.32236145251909,36.776504415046759],[121.321577232903,36.776400258265369]]},"properties":{"FID":1462,"Source_id":1,"Shape_Leng":125.63629865,"Region":"ASIA","Segment":"Blasting Solutions","Method":"Road","Product_tr":"Initiating System","Segment_id":938,"Shape_Le_1":0.00079110621371299996,"Road":"Road_1","Length":70.956289187799996,"ID":"Road_1_938"}},{"type":"Feature","id":1463,"geometry":{"type":"LineString","coordinates":[[121.321577232903,36.776400258265369],[121.32079330826468,36.776294716528014]]},"properties":{"FID":1463,"Source_id":1,"Shape_Leng":125.63629865,"Region":"ASIA","Segment":"Blasting Solutions","Method":"Road","Product_tr":"Initiating System","Segment_id":939,"Shape_Le_1":0.00079099740636599998,"Road":"Road_1","Length":70.955609432900005,"ID":"Road_1_939"}},{"type":"Feature","id":1464,"geometry":{"type":"LineString","coordinates":[[121.32079330826468,36.776294716528014],[121.32000943129026,36.776188979637766]]},"properties":{"FID":1464,"Source_id":1,"Shape_Leng":125.63629865,"Region":"ASIA","Segment":"Blasting Solutions","Method":"Road","Product_tr":"Initiating System","Segment_id":940,"Shape_Le_1":0.00079097623288700003,"Road":"Road_1","Length":70.955085654100003,"ID":"Road_1_940"}},{"type":"Feature","id":1465,"geometry":{"type":"LineString","coordinates":[[121.32000943129026,36.776188979637766],[121.31922556690643,36.776083223861747]]},"properties":{"FID":1465,"Source_id":1,"Shape_Leng":125.63629865,"Region":"ASIA","Segment":"Blasting Solutions","Method":"Road","Product_tr":"Initiating System","Segment_id":941,"Shape_Le_1":0.00079096628019499995,"Road":"Road_1","Length":70.954418529999998,"ID":"Road_1_941"}},{"type":"Feature","id":1466,"geometry":{"type":"LineString","coordinates":[[121.31922556690643,36.776083223861747],[121.31844171151579,36.77597745909253]]},"properties":{"FID":1466,"Source_id":1,"Shape_Leng":125.63629865,"Region":"ASIA","Segment":"Blasting Solutions","Method":"Road","Product_tr":"Initiating System","Segment_id":942,"Shape_Le_1":0.00079095857024099995,"Road":"Road_1","Length":70.953886600100006,"ID":"Road_1_942"}},{"type":"Feature","id":1467,"geometry":{"type":"LineString","coordinates":[[121.31844171151579,36.77597745909253],[121.31765777608553,36.775872133192422]]},"properties":{"FID":1467,"Source_id":1,"Shape_Leng":125.63629865,"Region":"ASIA","Segment":"Blasting Solutions","Method":"Road","Product_tr":"Initiating System","Segment_id":943,"Shape_Le_1":0.00079097933225599998,"Road":"Road_1","Length":70.952988786600002,"ID":"Road_1_943"}},{"type":"Feature","id":1468,"geometry":{"type":"LineString","coordinates":[[121.31765777608553,36.775872133192422],[121.31687337930305,36.775769083476462]]},"properties":{"FID":1468,"Source_id":1,"Shape_Leng":125.63629865,"Region":"ASIA","Segment":"Blasting Solutions","Method":"Road","Product_tr":"Initiating System","Segment_id":944,"Shape_Le_1":0.00079113687584500005,"Road":"Road_1","Length":70.952555918599998,"ID":"Road_1_944"}},{"type":"Feature","id":1469,"geometry":{"type":"LineString","coordinates":[[121.31687337930305,36.775769083476462],[121.31608945376536,36.775664029171651]]},"properties":{"FID":1469,"Source_id":1,"Shape_Leng":125.63629865,"Region":"ASIA","Segment":"Blasting Solutions","Method":"Road","Product_tr":"Initiating System","Segment_id":945,"Shape_Le_1":0.00079093340781699996,"Road":"Road_1","Length":70.947345476099997,"ID":"Road_1_945"}},{"type":"Feature","id":1470,"geometry":{"type":"LineString","coordinates":[[121.31608945376536,36.775664029171651],[121.31530626926894,36.775556335356669]]},"properties":{"FID":1470,"Source_id":1,"Shape_Leng":125.63629865,"Region":"ASIA","Segment":"Blasting Solutions","Method":"Road","Product_tr":"Initiating System","Segment_id":946,"Shape_Le_1":0.00079055418106999998,"Road":"Road_1","Length":70.930951548799996,"ID":"Road_1_946"}},{"type":"Feature","id":1471,"geometry":{"type":"LineString","coordinates":[[121.31530626926894,36.775556335356669],[121.31452466038479,36.775442055806309]]},"properties":{"FID":1471,"Source_id":1,"Shape_Leng":125.63629865,"Region":"ASIA","Segment":"Blasting Solutions","Method":"Road","Product_tr":"Initiating System","Segment_id":947,"Shape_Le_1":0.00078991914992499997,"Road":"Road_1","Length":70.919445644600003,"ID":"Road_1_947"}},{"type":"Feature","id":1472,"geometry":{"type":"LineString","coordinates":[[121.31452466038479,36.775442055806309],[121.31374462531426,36.775319569942269]]},"properties":{"FID":1472,"Source_id":1,"Shape_Leng":125.63629865,"Region":"ASIA","Segment":"Blasting Solutions","Method":"Road","Product_tr":"Initiating System","Segment_id":948,"Shape_Le_1":0.000789593248548,"Road":"Road_1","Length":70.950147038400004,"ID":"Road_1_948"}},{"type":"Feature","id":1473,"geometry":{"type":"LineString","coordinates":[[121.31374462531426,36.775319569942269],[121.31295944792021,36.775221220982587]]},"properties":{"FID":1473,"Source_id":1,"Shape_Leng":125.63629865,"Region":"ASIA","Segment":"Blasting Solutions","Method":"Road","Product_tr":"Initiating System","Segment_id":949,"Shape_Le_1":0.00079131286985499995,"Road":"Road_1","Length":70.939698846400006,"ID":"Road_1_949"}},{"type":"Feature","id":1474,"geometry":{"type":"LineString","coordinates":[[121.31295944792021,36.775221220982587],[121.31217382086515,36.7751247255257]]},"properties":{"FID":1474,"Source_id":1,"Shape_Leng":125.63629865,"Region":"ASIA","Segment":"Blasting Solutions","Method":"Road","Product_tr":"Initiating System","Segment_id":950,"Shape_Le_1":0.00079153094875000004,"Road":"Road_1","Length":70.948114765499994,"ID":"Road_1_950"}},{"type":"Feature","id":1475,"geometry":{"type":"LineString","coordinates":[[121.31217382086515,36.7751247255257],[121.31138882783216,36.775024936751493]]},"properties":{"FID":1475,"Source_id":1,"Shape_Leng":125.63629865,"Region":"ASIA","Segment":"Blasting Solutions","Method":"Road","Product_tr":"Initiating System","Segment_id":951,"Shape_Le_1":0.00079131021812400002,"Road":"Road_1","Length":70.948375902500004,"ID":"Road_1_951"}},{"type":"Feature","id":1476,"geometry":{"type":"LineString","coordinates":[[121.31138882783216,36.775024936751493],[121.31060720725691,36.774909372969262]]},"properties":{"FID":1476,"Source_id":1,"Shape_Leng":125.63629865,"Region":"ASIA","Segment":"Blasting Solutions","Method":"Road","Product_tr":"Initiating System","Segment_id":952,"Shape_Le_1":0.00079011753013300001,"Road":"Road_1","Length":70.946569769000007,"ID":"Road_1_952"}},{"type":"Feature","id":1477,"geometry":{"type":"LineString","coordinates":[[121.31060720725691,36.774909372969262],[121.30982389325811,36.774801581128145]]},"properties":{"FID":1477,"Source_id":1,"Shape_Leng":125.63629865,"Region":"ASIA","Segment":"Blasting Solutions","Method":"Road","Product_tr":"Initiating System","Segment_id":953,"Shape_Le_1":0.00079069583388299998,"Road":"Road_1","Length":70.944856121900003,"ID":"Road_1_953"}},{"type":"Feature","id":1478,"geometry":{"type":"LineString","coordinates":[[121.30982389325811,36.774801581128145],[121.30903995423057,36.774696685104004]]},"properties":{"FID":1478,"Source_id":1,"Shape_Leng":125.63629865,"Region":"ASIA","Segment":"Blasting Solutions","Method":"Road","Product_tr":"Initiating System","Segment_id":954,"Shape_Le_1":0.00079092577071700003,"Road":"Road_1","Length":70.946516401300002,"ID":"Road_1_954"}},{"type":"Feature","id":1479,"geometry":{"type":"LineString","coordinates":[[121.30903995423057,36.774696685104004],[121.30825456819377,36.774599105064681]]},"properties":{"FID":1479,"Source_id":1,"Shape_Leng":125.63629865,"Region":"ASIA","Segment":"Blasting Solutions","Method":"Road","Product_tr":"Initiating System","Segment_id":955,"Shape_Le_1":0.00079142472217399995,"Road":"Road_1","Length":70.945588851899998,"ID":"Road_1_955"}},{"type":"Feature","id":1480,"geometry":{"type":"LineString","coordinates":[[121.30825456819377,36.774599105064681],[121.30746870731502,36.77450405841563]]},"properties":{"FID":1480,"Source_id":1,"Shape_Leng":125.63629865,"Region":"ASIA","Segment":"Blasting Solutions","Method":"Road","Product_tr":"Initiating System","Segment_id":956,"Shape_Le_1":0.00079158776282000005,"Road":"Road_1","Length":70.945227795299999,"ID":"Road_1_956"}},{"type":"Feature","id":1481,"geometry":{"type":"LineString","coordinates":[[121.30746870731502,36.77450405841563],[121.30668259552544,36.774410439889948]]},"properties":{"FID":1481,"Source_id":1,"Shape_Leng":125.63629865,"Region":"ASIA","Segment":"Blasting Solutions","Method":"Road","Product_tr":"Initiating System","Segment_id":957,"Shape_Le_1":0.00079166670642900005,"Road":"Road_1","Length":70.944081910600005,"ID":"Road_1_957"}},{"type":"Feature","id":1482,"geometry":{"type":"LineString","coordinates":[[121.30668259552544,36.774410439889948],[121.30589405376759,36.774332048685153]]},"properties":{"FID":1482,"Source_id":1,"Shape_Leng":125.63629865,"Region":"ASIA","Segment":"Blasting Solutions","Method":"Road","Product_tr":"Initiating System","Segment_id":958,"Shape_Le_1":0.00079242872542100004,"Road":"Road_1","Length":70.931748513800002,"ID":"Road_1_958"}},{"type":"Feature","id":1483,"geometry":{"type":"LineString","coordinates":[[121.30589405376759,36.774332048685153],[121.305103138699,36.774270123167696]]},"properties":{"FID":1483,"Source_id":1,"Shape_Leng":125.63629865,"Region":"ASIA","Segment":"Blasting Solutions","Method":"Road","Product_tr":"Initiating System","Segment_id":959,"Shape_Le_1":0.00079333562597300004,"Road":"Road_1","Length":70.941838037899998,"ID":"Road_1_959"}},{"type":"Feature","id":1484,"geometry":{"type":"LineString","coordinates":[[121.305103138699,36.774270123167696],[121.30431366884079,36.774197147680297]]},"properties":{"FID":1484,"Source_id":1,"Shape_Leng":125.63629865,"Region":"ASIA","Segment":"Blasting Solutions","Method":"Road","Product_tr":"Initiating System","Segment_id":960,"Shape_Le_1":0.00079283546765700002,"Road":"Road_1","Length":70.942987990899994,"ID":"Road_1_960"}},{"type":"Feature","id":1485,"geometry":{"type":"LineString","coordinates":[[121.30431366884079,36.774197147680297],[121.30352298669652,36.774134265284147]]},"properties":{"FID":1485,"Source_id":1,"Shape_Leng":125.63629865,"Region":"ASIA","Segment":"Blasting Solutions","Method":"Road","Product_tr":"Initiating System","Segment_id":961,"Shape_Le_1":0.00079317869929400005,"Road":"Road_1","Length":70.931633362400007,"ID":"Road_1_961"}},{"type":"Feature","id":1486,"geometry":{"type":"LineString","coordinates":[[121.30352298669652,36.774134265284147],[121.30273141512282,36.774079133245436]]},"properties":{"FID":1486,"Source_id":1,"Shape_Leng":125.63629865,"Region":"ASIA","Segment":"Blasting Solutions","Method":"Road","Product_tr":"Initiating System","Segment_id":962,"Shape_Le_1":0.00079348919210199998,"Road":"Road_1","Length":70.931348902899998,"ID":"Road_1_962"}},{"type":"Feature","id":1487,"geometry":{"type":"LineString","coordinates":[[121.30273141512282,36.774079133245436],[121.30193904495104,36.774030827960416]]},"properties":{"FID":1487,"Source_id":1,"Shape_Leng":125.63629865,"Region":"ASIA","Segment":"Blasting Solutions","Method":"Road","Product_tr":"Initiating System","Segment_id":963,"Shape_Le_1":0.00079384122448200004,"Road":"Road_1","Length":70.941159907200003,"ID":"Road_1_963"}},{"type":"Feature","id":1488,"geometry":{"type":"LineString","coordinates":[[121.30193904495104,36.774030827960416],[121.30114653178703,36.773984552445199]]},"properties":{"FID":1488,"Source_id":1,"Shape_Leng":125.63629865,"Region":"ASIA","Segment":"Blasting Solutions","Method":"Road","Product_tr":"Initiating System","Segment_id":964,"Shape_Le_1":0.00079386304766400004,"Road":"Road_1","Length":70.937270094200002,"ID":"Road_1_964"}},{"type":"Feature","id":1489,"geometry":{"type":"LineString","coordinates":[[121.30114653178703,36.773984552445199],[121.30035288637669,36.773952746122404]]},"properties":{"FID":1489,"Source_id":1,"Shape_Leng":125.63629865,"Region":"ASIA","Segment":"Blasting Solutions","Method":"Road","Product_tr":"Initiating System","Segment_id":965,"Shape_Le_1":0.00079428249352699997,"Road":"Road_1","Length":70.940125250099996,"ID":"Road_1_965"}},{"type":"Feature","id":1490,"geometry":{"type":"LineString","coordinates":[[121.30035288637669,36.773952746122404],[121.29955889202927,36.773927977893891]]},"properties":{"FID":1490,"Source_id":1,"Shape_Leng":125.63629865,"Region":"ASIA","Segment":"Blasting Solutions","Method":"Road","Product_tr":"Initiating System","Segment_id":966,"Shape_Le_1":0.00079438056929699997,"Road":"Road_1","Length":70.936709146400005,"ID":"Road_1_966"}},{"type":"Feature","id":1491,"geometry":{"type":"LineString","coordinates":[[121.29955889202927,36.773927977893891],[121.29876447769857,36.773913623814735]]},"properties":{"FID":1491,"Source_id":1,"Shape_Leng":125.63629865,"Region":"ASIA","Segment":"Blasting Solutions","Method":"Road","Product_tr":"Initiating System","Segment_id":967,"Shape_Le_1":0.00079454400029699995,"Road":"Road_1","Length":70.9388367448,"ID":"Road_1_967"}},{"type":"Feature","id":1492,"geometry":{"type":"LineString","coordinates":[[121.29876447769857,36.773913623814735],[121.29797002649559,36.77390080757624]]},"properties":{"FID":1492,"Source_id":1,"Shape_Leng":125.63629865,"Region":"ASIA","Segment":"Blasting Solutions","Method":"Road","Product_tr":"Initiating System","Segment_id":968,"Shape_Le_1":0.00079455457325600001,"Road":"Road_1","Length":70.938513401899996,"ID":"Road_1_968"}},{"type":"Feature","id":1493,"geometry":{"type":"LineString","coordinates":[[121.29797002649559,36.77390080757624],[121.29717549885027,36.773908055212644]]},"properties":{"FID":1493,"Source_id":1,"Shape_Leng":125.63629865,"Region":"ASIA","Segment":"Blasting Solutions","Method":"Road","Product_tr":"Initiating System","Segment_id":969,"Shape_Le_1":0.00079456070090299996,"Road":"Road_1","Length":70.935641118999996,"ID":"Road_1_969"}},{"type":"Feature","id":1494,"geometry":{"type":"LineString","coordinates":[[121.29717549885027,36.773908055212644],[121.29638097120494,36.773916641939536]]},"properties":{"FID":1494,"Source_id":1,"Shape_Leng":125.63629865,"Region":"ASIA","Segment":"Blasting Solutions","Method":"Road","Product_tr":"Initiating System","Segment_id":970,"Shape_Le_1":0.00079457404378999999,"Road":"Road_1","Length":70.937474378100006,"ID":"Road_1_970"}},{"type":"Feature","id":1495,"geometry":{"type":"LineString","coordinates":[[121.29638097120494,36.773916641939536],[121.29558649122362,36.773927332180676]]},"properties":{"FID":1495,"Source_id":1,"Shape_Leng":125.63629865,"Region":"ASIA","Segment":"Blasting Solutions","Method":"Road","Product_tr":"Initiating System","Segment_id":971,"Shape_Le_1":0.00079455190011700004,"Road":"Road_1","Length":70.936730612100007,"ID":"Road_1_971"}},{"type":"Feature","id":1496,"geometry":{"type":"LineString","coordinates":[[121.29558649122362,36.773927332180676],[121.29479204361803,36.773939370505616]]},"properties":{"FID":1496,"Source_id":1,"Shape_Leng":125.63629865,"Region":"ASIA","Segment":"Blasting Solutions","Method":"Road","Product_tr":"Initiating System","Segment_id":972,"Shape_Le_1":0.00079453880917700005,"Road":"Road_1","Length":70.936489939300003,"ID":"Road_1_972"}},{"type":"Feature","id":1497,"geometry":{"type":"LineString","coordinates":[[121.29479204361803,36.773939370505616],[121.2939975852205,36.773949999592844]]},"properties":{"FID":1497,"Source_id":1,"Shape_Leng":125.63629865,"Region":"ASIA","Segment":"Blasting Solutions","Method":"Road","Product_tr":"Initiating System","Segment_id":973,"Shape_Le_1":0.00079452949782300004,"Road":"Road_1","Length":70.934669920700003,"ID":"Road_1_973"}},{"type":"Feature","id":1498,"geometry":{"type":"LineString","coordinates":[[121.2939975852205,36.773949999592844],[121.29320345327676,36.773955354156328]]},"properties":{"FID":1498,"Source_id":1,"Shape_Leng":125.63629865,"Region":"ASIA","Segment":"Blasting Solutions","Method":"Road","Product_tr":"Initiating System","Segment_id":974,"Shape_Le_1":0.00079414999553599995,"Road":"Road_1","Length":70.898200942000003,"ID":"Road_1_974"}},{"type":"Feature","id":1499,"geometry":{"type":"LineString","coordinates":[[121.29320345327676,36.773955354156328],[121.29240907941551,36.7739417968765]]},"properties":{"FID":1499,"Source_id":1,"Shape_Leng":125.63629865,"Region":"ASIA","Segment":"Blasting Solutions","Method":"Road","Product_tr":"Initiating System","Segment_id":975,"Shape_Le_1":0.00079448954132800001,"Road":"Road_1","Length":70.933268633400004,"ID":"Road_1_975"}},{"type":"Feature","id":1500,"geometry":{"type":"LineString","coordinates":[[121.29240907941551,36.7739417968765],[121.29161463270918,36.773930758597658]]},"properties":{"FID":1500,"Source_id":1,"Shape_Leng":125.63629865,"Region":"ASIA","Segment":"Blasting Solutions","Method":"Road","Product_tr":"Initiating System","Segment_id":976,"Shape_Le_1":0.00079452338718700001,"Road":"Road_1","Length":70.934403720800006,"ID":"Road_1_976"}},{"type":"Feature","id":1501,"geometry":{"type":"LineString","coordinates":[[121.29161463270918,36.773930758597658],[121.29082051965133,36.77391228652283]]},"properties":{"FID":1501,"Source_id":1,"Shape_Leng":125.63629865,"Region":"ASIA","Segment":"Blasting Solutions","Method":"Road","Product_tr":"Initiating System","Segment_id":977,"Shape_Le_1":0.00079432787071600001,"Road":"Road_1","Length":70.9236839119,"ID":"Road_1_977"}},{"type":"Feature","id":1502,"geometry":{"type":"LineString","coordinates":[[121.29082051965133,36.77391228652283],[121.29002759729588,36.773871364671777]]},"properties":{"FID":1502,"Source_id":1,"Shape_Leng":125.63629865,"Region":"ASIA","Segment":"Blasting Solutions","Method":"Road","Product_tr":"Initiating System","Segment_id":978,"Shape_Le_1":0.00079397761913000005,"Road":"Road_1","Length":70.933298437900007,"ID":"Road_1_978"}},{"type":"Feature","id":1503,"geometry":{"type":"LineString","coordinates":[[121.29002759729588,36.773871364671777],[121.28923493484444,36.773827663915597]]},"properties":{"FID":1503,"Source_id":1,"Shape_Leng":125.63629865,"Region":"ASIA","Segment":"Blasting Solutions","Method":"Road","Product_tr":"Initiating System","Segment_id":979,"Shape_Le_1":0.00079386618393799998,"Road":"Road_1","Length":70.930599277900001,"ID":"Road_1_979"}},{"type":"Feature","id":1504,"geometry":{"type":"LineString","coordinates":[[121.28923493484444,36.773827663915597],[121.28844311056116,36.773774874610808]]},"properties":{"FID":1504,"Source_id":1,"Shape_Leng":125.63629865,"Region":"ASIA","Segment":"Blasting Solutions","Method":"Road","Product_tr":"Initiating System","Segment_id":980,"Shape_Le_1":0.00079358200981199999,"Road":"Road_1","Length":70.932160064000001,"ID":"Road_1_980"}},{"type":"Feature","id":1505,"geometry":{"type":"LineString","coordinates":[[121.28844311056116,36.773774874610808],[121.2876506558531,36.773729820374967]]},"properties":{"FID":1505,"Source_id":1,"Shape_Leng":125.63629865,"Region":"ASIA","Segment":"Blasting Solutions","Method":"Road","Product_tr":"Initiating System","Segment_id":981,"Shape_Le_1":0.00079373443197100003,"Road":"Road_1","Length":70.922615917100003,"ID":"Road_1_981"}},{"type":"Feature","id":1506,"geometry":{"type":"LineString","coordinates":[[121.2876506558531,36.773729820374967],[121.28686055916751,36.773662426080136]]},"properties":{"FID":1506,"Source_id":1,"Shape_Leng":125.63629865,"Region":"ASIA","Segment":"Blasting Solutions","Method":"Road","Product_tr":"Initiating System","Segment_id":982,"Shape_Le_1":0.00079296580226300003,"Road":"Road_1","Length":70.931093821700003,"ID":"Road_1_982"}},{"type":"Feature","id":1507,"geometry":{"type":"LineString","coordinates":[[121.28686055916751,36.773662426080136],[121.28607047147511,36.773595021892788]]},"properties":{"FID":1507,"Source_id":1,"Shape_Leng":125.63629865,"Region":"ASIA","Segment":"Blasting Solutions","Method":"Road","Product_tr":"Initiating System","Segment_id":983,"Shape_Le_1":0.00079295768244299996,"Road":"Road_1","Length":70.930472584499995,"ID":"Road_1_983"}},{"type":"Feature","id":1508,"geometry":{"type":"LineString","coordinates":[[121.28607047147511,36.773595021892788],[121.28528240186142,36.77351524033611]]},"properties":{"FID":1508,"Source_id":1,"Shape_Leng":125.63629865,"Region":"ASIA","Segment":"Blasting Solutions","Method":"Road","Product_tr":"Initiating System","Segment_id":984,"Shape_Le_1":0.00079209772932900004,"Road":"Road_1","Length":70.909755945100002,"ID":"Road_1_984"}},{"type":"Feature","id":1509,"geometry":{"type":"LineString","coordinates":[[121.28528240186142,36.77351524033611],[121.28449613089174,36.773423840437943]]},"properties":{"FID":1509,"Source_id":1,"Shape_Leng":125.63629865,"Region":"ASIA","Segment":"Blasting Solutions","Method":"Road","Product_tr":"Initiating System","Segment_id":985,"Shape_Le_1":0.00079156552423199997,"Road":"Road_1","Length":70.923400492900001,"ID":"Road_1_985"}},{"type":"Feature","id":1510,"geometry":{"type":"LineString","coordinates":[[121.28449613089174,36.773423840437943],[121.28371133391101,36.773324275594916]]},"properties":{"FID":1510,"Source_id":1,"Shape_Leng":125.63629865,"Region":"ASIA","Segment":"Blasting Solutions","Method":"Road","Product_tr":"Initiating System","Segment_id":986,"Shape_Le_1":0.00079108751659999997,"Road":"Road_1","Length":70.928741105200004,"ID":"Road_1_986"}},{"type":"Feature","id":1511,"geometry":{"type":"LineString","coordinates":[[121.28371133391101,36.773324275594916],[121.28293057488622,36.773206441024513]]},"properties":{"FID":1511,"Source_id":1,"Shape_Leng":125.63629865,"Region":"ASIA","Segment":"Blasting Solutions","Method":"Road","Product_tr":"Initiating System","Segment_id":987,"Shape_Le_1":0.00078960093767500004,"Road":"Road_1","Length":70.918471667600002,"ID":"Road_1_987"}},{"type":"Feature","id":1512,"geometry":{"type":"LineString","coordinates":[[121.28293057488622,36.773206441024513],[121.28215124308542,36.773082231160117]]},"properties":{"FID":1512,"Source_id":1,"Shape_Leng":125.63629865,"Region":"ASIA","Segment":"Blasting Solutions","Method":"Road","Product_tr":"Initiating System","Segment_id":988,"Shape_Le_1":0.00078916800882400005,"Road":"Road_1","Length":70.927442870799993,"ID":"Road_1_988"}},{"type":"Feature","id":1513,"geometry":{"type":"LineString","coordinates":[[121.28215124308542,36.773082231160117],[121.28137216849086,36.772957029343502]]},"properties":{"FID":1513,"Source_id":1,"Shape_Leng":125.63629865,"Region":"ASIA","Segment":"Blasting Solutions","Method":"Road","Product_tr":"Initiating System","Segment_id":989,"Shape_Le_1":0.00078907079452600001,"Road":"Road_1","Length":70.926510938099995,"ID":"Road_1_989"}},{"type":"Feature","id":1514,"geometry":{"type":"LineString","coordinates":[[121.28137216849086,36.772957029343502],[121.28059422524336,36.772827371386143]]},"properties":{"FID":1514,"Source_id":1,"Shape_Leng":125.63629865,"Region":"ASIA","Segment":"Blasting Solutions","Method":"Road","Product_tr":"Initiating System","Segment_id":990,"Shape_Le_1":0.00078867412930599999,"Road":"Road_1","Length":70.926246613100005,"ID":"Road_1_990"}},{"type":"Feature","id":1515,"geometry":{"type":"LineString","coordinates":[[121.28059422524336,36.772827371386143],[121.27981077994355,36.772722737064726]]},"properties":{"FID":1515,"Source_id":1,"Shape_Leng":125.63629865,"Region":"ASIA","Segment":"Blasting Solutions","Method":"Road","Product_tr":"Initiating System","Segment_id":991,"Shape_Le_1":0.00079040172002800004,"Road":"Road_1","Length":70.900043463800003,"ID":"Road_1_991"}},{"type":"Feature","id":1516,"geometry":{"type":"LineString","coordinates":[[121.27981077994355,36.772722737064726],[121.27903580086161,36.772586226273404]]},"properties":{"FID":1516,"Source_id":1,"Shape_Leng":125.63629865,"Region":"ASIA","Segment":"Blasting Solutions","Method":"Road","Product_tr":"Initiating System","Segment_id":992,"Shape_Le_1":0.00078691027035500004,"Road":"Road_1","Length":70.826106076200006,"ID":"Road_1_992"}},{"type":"Feature","id":1517,"geometry":{"type":"LineString","coordinates":[[121.27903580086161,36.772586226273404],[121.27826367622777,36.772435873117104]]},"properties":{"FID":1517,"Source_id":1,"Shape_Leng":125.63629865,"Region":"ASIA","Segment":"Blasting Solutions","Method":"Road","Product_tr":"Initiating System","Segment_id":993,"Shape_Le_1":0.00078662730806499997,"Road":"Road_1","Length":70.922910760700006,"ID":"Road_1_993"}},{"type":"Feature","id":1518,"geometry":{"type":"LineString","coordinates":[[121.27826367622777,36.772435873117104],[121.27749055694369,36.772288843855108]]},"properties":{"FID":1518,"Source_id":1,"Shape_Leng":125.63629865,"Region":"ASIA","Segment":"Blasting Solutions","Method":"Road","Product_tr":"Initiating System","Segment_id":994,"Shape_Le_1":0.00078697587720000001,"Road":"Road_1","Length":70.923583160600003,"ID":"Road_1_994"}},{"type":"Feature","id":1519,"geometry":{"type":"LineString","coordinates":[[121.27749055694369,36.772288843855108],[121.2767175042095,36.772141629332793]]},"properties":{"FID":1519,"Source_id":1,"Shape_Leng":125.63629865,"Region":"ASIA","Segment":"Blasting Solutions","Method":"Road","Product_tr":"Initiating System","Segment_id":995,"Shape_Le_1":0.00078694513494799998,"Road":"Road_1","Length":70.922662337600002,"ID":"Road_1_995"}},{"type":"Feature","id":1520,"geometry":{"type":"LineString","coordinates":[[121.2767175042095,36.772141629332793],[121.27594467810445,36.77199369085622]]},"properties":{"FID":1520,"Source_id":1,"Shape_Leng":125.63629865,"Region":"ASIA","Segment":"Blasting Solutions","Method":"Road","Product_tr":"Initiating System","Segment_id":996,"Shape_Le_1":0.00078685829823099999,"Road":"Road_1","Length":70.921656784800007,"ID":"Road_1_996"}},{"type":"Feature","id":1521,"geometry":{"type":"LineString","coordinates":[[121.27594467810445,36.77199369085622],[121.27517250940389,36.771843545443346]]},"properties":{"FID":1521,"Source_id":1,"Shape_Leng":125.63629865,"Region":"ASIA","Segment":"Blasting Solutions","Method":"Road","Product_tr":"Initiating System","Segment_id":997,"Shape_Le_1":0.000786630883667,"Road":"Road_1","Length":70.921829817399995,"ID":"Road_1_997"}},{"type":"Feature","id":1522,"geometry":{"type":"LineString","coordinates":[[121.27517250940389,36.771843545443346],[121.27440289567721,36.771685232387597]]},"properties":{"FID":1522,"Source_id":1,"Shape_Leng":125.63629865,"Region":"ASIA","Segment":"Blasting Solutions","Method":"Road","Product_tr":"Initiating System","Segment_id":998,"Shape_Le_1":0.00078572788667999999,"Road":"Road_1","Length":70.919350602700007,"ID":"Road_1_998"}},{"type":"Feature","id":1523,"geometry":{"type":"LineString","coordinates":[[121.27440289567721,36.771685232387597],[121.27362777989822,36.771545496627425]]},"properties":{"FID":1523,"Source_id":1,"Shape_Leng":125.63629865,"Region":"ASIA","Segment":"Blasting Solutions","Method":"Road","Product_tr":"Initiating System","Segment_id":999,"Shape_Le_1":0.00078761066112299999,"Road":"Road_1","Length":70.916335550699998,"ID":"Road_1_999"}},{"type":"Feature","id":1524,"geometry":{"type":"LineString","coordinates":[[121.27362777989822,36.771545496627425],[121.27285179537409,36.771408802374367]]},"properties":{"FID":1524,"Source_id":1,"Shape_Leng":125.63629865,"Region":"ASIA","Segment":"Blasting Solutions","Method":"Road","Product_tr":"Initiating System","Segment_id":1000,"Shape_Le_1":0.00078793229436399995,"Road":"Road_1","Length":70.919179404000005,"ID":"Road_1_1000"}},{"type":"Feature","id":1525,"geometry":{"type":"LineString","coordinates":[[121.27285179537409,36.771408802374367],[121.27207320371542,36.771282085200141]]},"properties":{"FID":1525,"Source_id":1,"Shape_Leng":125.63629865,"Region":"ASIA","Segment":"Blasting Solutions","Method":"Road","Product_tr":"Initiating System","Segment_id":1001,"Shape_Le_1":0.00078883598624699997,"Road":"Road_1","Length":70.918866730000005,"ID":"Road_1_1001"}},{"type":"Feature","id":1526,"geometry":{"type":"LineString","coordinates":[[121.27207320371542,36.771282085200141],[121.27129191858728,36.771166895535828]]},"properties":{"FID":1526,"Source_id":1,"Shape_Leng":125.63629865,"Region":"ASIA","Segment":"Blasting Solutions","Method":"Road","Product_tr":"Initiating System","Segment_id":1002,"Shape_Le_1":0.00078973103663199996,"Road":"Road_1","Length":70.912954163400002,"ID":"Road_1_1002"}},{"type":"Feature","id":1527,"geometry":{"type":"LineString","coordinates":[[121.27129191858728,36.771166895535828],[121.2705075667709,36.771066380109403]]},"properties":{"FID":1527,"Source_id":1,"Shape_Leng":125.63629865,"Region":"ASIA","Segment":"Blasting Solutions","Method":"Road","Product_tr":"Initiating System","Segment_id":1003,"Shape_Le_1":0.000790766161899,"Road":"Road_1","Length":70.908029634299993,"ID":"Road_1_1003"}},{"type":"Feature","id":1528,"geometry":{"type":"LineString","coordinates":[[121.2705075667709,36.771066380109403],[121.26972005293817,36.77098274945439]]},"properties":{"FID":1528,"Source_id":1,"Shape_Leng":125.63629865,"Region":"ASIA","Segment":"Blasting Solutions","Method":"Road","Product_tr":"Initiating System","Segment_id":1004,"Shape_Le_1":0.00079194199484799999,"Road":"Road_1","Length":70.917453526800003,"ID":"Road_1_1004"}},{"type":"Feature","id":1529,"geometry":{"type":"LineString","coordinates":[[121.26972005293817,36.77098274945439],[121.26893258137363,36.770899604433225]]},"properties":{"FID":1529,"Source_id":1,"Shape_Leng":125.63629865,"Region":"ASIA","Segment":"Blasting Solutions","Method":"Road","Product_tr":"Initiating System","Segment_id":1005,"Shape_Le_1":0.00079184882363799998,"Road":"Road_1","Length":70.906754841500003,"ID":"Road_1_1005"}},{"type":"Feature","id":1530,"geometry":{"type":"LineString","coordinates":[[121.26893258137363,36.770899604433225],[121.26814360704191,36.770825532672234]]},"properties":{"FID":1530,"Source_id":1,"Shape_Leng":125.63629865,"Region":"ASIA","Segment":"Blasting Solutions","Method":"Road","Product_tr":"Initiating System","Segment_id":1006,"Shape_Le_1":0.00079244376576500001,"Road":"Road_1","Length":70.916101266300004,"ID":"Road_1_1006"}},{"type":"Feature","id":1531,"geometry":{"type":"LineString","coordinates":[[121.26814360704191,36.770825532672234],[121.26735452748949,36.770752228932281]]},"properties":{"FID":1531,"Source_id":1,"Shape_Leng":125.63629865,"Region":"ASIA","Segment":"Blasting Solutions","Method":"Road","Product_tr":"Initiating System","Segment_id":1007,"Shape_Le_1":0.00079247711534000001,"Road":"Road_1","Length":70.915671521500002,"ID":"Road_1_1007"}},{"type":"Feature","id":1532,"geometry":{"type":"LineString","coordinates":[[121.26735452748949,36.770752228932281],[121.26656470509715,36.770684695242551]]},"properties":{"FID":1532,"Source_id":1,"Shape_Leng":125.63629865,"Region":"ASIA","Segment":"Blasting Solutions","Method":"Road","Product_tr":"Initiating System","Segment_id":1008,"Shape_Le_1":0.00079270436524700005,"Road":"Road_1","Length":70.911087385499997,"ID":"Road_1_1008"}},{"type":"Feature","id":1533,"geometry":{"type":"LineString","coordinates":[[121.26656470509715,36.770684695242551],[121.26577396989285,36.770624152882419]]},"properties":{"FID":1533,"Source_id":1,"Shape_Leng":125.63629865,"Region":"ASIA","Segment":"Blasting Solutions","Method":"Road","Product_tr":"Initiating System","Segment_id":1009,"Shape_Le_1":0.000793049519701,"Road":"Road_1","Length":70.914476707199995,"ID":"Road_1_1009"}},{"type":"Feature","id":1534,"geometry":{"type":"LineString","coordinates":[[121.26577396989285,36.770624152882419],[121.26498294960345,36.770566169992776]]},"properties":{"FID":1534,"Source_id":1,"Shape_Leng":125.63629865,"Region":"ASIA","Segment":"Blasting Solutions","Method":"Road","Product_tr":"Initiating System","Segment_id":1010,"Shape_Le_1":0.00079314255574299995,"Road":"Road_1","Length":70.913531736799996,"ID":"Road_1_1010"}},{"type":"Feature","id":1535,"geometry":{"type":"LineString","coordinates":[[121.26498294960345,36.770566169992776],[121.2641917242687,36.770510052297141]]},"properties":{"FID":1535,"Source_id":1,"Shape_Leng":125.63629865,"Region":"ASIA","Segment":"Blasting Solutions","Method":"Road","Product_tr":"Initiating System","Segment_id":1011,"Shape_Le_1":0.00079321291348300002,"Road":"Road_1","Length":70.913337327799994,"ID":"Road_1_1011"}},{"type":"Feature","id":1536,"geometry":{"type":"LineString","coordinates":[[121.2641917242687,36.770510052297141],[121.26339814091159,36.770488566594111]]},"properties":{"FID":1536,"Source_id":1,"Shape_Leng":125.63629865,"Region":"ASIA","Segment":"Blasting Solutions","Method":"Road","Product_tr":"Initiating System","Segment_id":1012,"Shape_Le_1":0.00079387415886500001,"Road":"Road_1","Length":70.890022779800006,"ID":"Road_1_1012"}},{"type":"Feature","id":1537,"geometry":{"type":"LineString","coordinates":[[121.26339814091159,36.770488566594111],[121.26260405213532,36.770474474217679]]},"properties":{"FID":1537,"Source_id":1,"Shape_Leng":125.63629865,"Region":"ASIA","Segment":"Blasting Solutions","Method":"Road","Product_tr":"Initiating System","Segment_id":1013,"Shape_Le_1":0.00079421381231900004,"Road":"Road_1","Length":70.912299726499995,"ID":"Road_1_1013"}},{"type":"Feature","id":1538,"geometry":{"type":"LineString","coordinates":[[121.26260405213532,36.770474474217679],[121.26180997684901,36.770460125534441]]},"properties":{"FID":1538,"Source_id":1,"Shape_Leng":125.63629865,"Region":"ASIA","Segment":"Blasting Solutions","Method":"Road","Product_tr":"Initiating System","Segment_id":1014,"Shape_Le_1":0.00079420491375700004,"Road":"Road_1","Length":70.911741736500005,"ID":"Road_1_1014"}},{"type":"Feature","id":1539,"geometry":{"type":"LineString","coordinates":[[121.26180997684901,36.770460125534441],[121.26101601038067,36.770457003987588]]},"properties":{"FID":1539,"Source_id":1,"Shape_Leng":125.63629865,"Region":"ASIA","Segment":"Blasting Solutions","Method":"Road","Product_tr":"Initiating System","Segment_id":1015,"Shape_Le_1":0.00079397260462599998,"Road":"Road_1","Length":70.885001086499997,"ID":"Road_1_1015"}},{"type":"Feature","id":1540,"geometry":{"type":"LineString","coordinates":[[121.26101601038067,36.770457003987588],[121.26022229572243,36.770480755082815]]},"properties":{"FID":1540,"Source_id":1,"Shape_Leng":125.63629865,"Region":"ASIA","Segment":"Blasting Solutions","Method":"Road","Product_tr":"Initiating System","Segment_id":1016,"Shape_Le_1":0.00079406994228200004,"Road":"Road_1","Length":70.910665849799997,"ID":"Road_1_1016"}},{"type":"Feature","id":1541,"geometry":{"type":"LineString","coordinates":[[121.26022229572243,36.770480755082815],[121.25942858466146,36.770504494486886]]},"properties":{"FID":1541,"Source_id":1,"Shape_Leng":125.63629865,"Region":"ASIA","Segment":"Blasting Solutions","Method":"Road","Product_tr":"Initiating System","Segment_id":1017,"Shape_Le_1":0.00079406599700700001,"Road":"Road_1","Length":70.910274864499996,"ID":"Road_1_1017"}},{"type":"Feature","id":1542,"geometry":{"type":"LineString","coordinates":[[121.25942858466146,36.770504494486886],[121.25863481604404,36.770526712238052]]},"properties":{"FID":1542,"Source_id":1,"Shape_Leng":125.63629865,"Region":"ASIA","Segment":"Blasting Solutions","Method":"Road","Product_tr":"Initiating System","Segment_id":1018,"Shape_Le_1":0.00079407949632200004,"Road":"Road_1","Length":70.909316423500002,"ID":"Road_1_1018"}},{"type":"Feature","id":1543,"geometry":{"type":"LineString","coordinates":[[121.25863481604404,36.770526712238052],[121.25784138197423,36.770555332262802]]},"properties":{"FID":1543,"Source_id":1,"Shape_Leng":125.63629865,"Region":"ASIA","Segment":"Blasting Solutions","Method":"Road","Product_tr":"Initiating System","Segment_id":1019,"Shape_Le_1":0.00079395007963000005,"Road":"Road_1","Length":70.907712928600006,"ID":"Road_1_1019"}},{"type":"Feature","id":1544,"geometry":{"type":"LineString","coordinates":[[121.25784138197423,36.770555332262802],[121.25704818172824,36.770587804983279]]},"properties":{"FID":1544,"Source_id":1,"Shape_Leng":125.63629865,"Region":"ASIA","Segment":"Blasting Solutions","Method":"Road","Product_tr":"Initiating System","Segment_id":1020,"Shape_Le_1":0.00079386466593499999,"Road":"Road_1","Length":70.907272881699996,"ID":"Road_1_1020"}},{"type":"Feature","id":1545,"geometry":{"type":"LineString","coordinates":[[121.25704818172824,36.770587804983279],[121.25625572612091,36.770625714105449]]},"properties":{"FID":1545,"Source_id":1,"Shape_Leng":125.63629865,"Region":"ASIA","Segment":"Blasting Solutions","Method":"Road","Product_tr":"Initiating System","Segment_id":1021,"Shape_Le_1":0.00079336182862800001,"Road":"Road_1","Length":70.874096609600002,"ID":"Road_1_1021"}},{"type":"Feature","id":1546,"geometry":{"type":"LineString","coordinates":[[121.25625572612091,36.770625714105449],[121.25546351872651,36.77067112177491]]},"properties":{"FID":1546,"Source_id":1,"Shape_Leng":125.63629865,"Region":"ASIA","Segment":"Blasting Solutions","Method":"Road","Product_tr":"Initiating System","Segment_id":1022,"Shape_Le_1":0.00079350766359499996,"Road":"Road_1","Length":70.906212355299999,"ID":"Road_1_1022"}},{"type":"Feature","id":1547,"geometry":{"type":"LineString","coordinates":[[121.25546351872651,36.77067112177491],[121.25467120790995,36.770715488928715]]},"properties":{"FID":1547,"Source_id":1,"Shape_Leng":125.63629865,"Region":"ASIA","Segment":"Blasting Solutions","Method":"Road","Product_tr":"Initiating System","Segment_id":1023,"Shape_Le_1":0.00079355206154400003,"Road":"Road_1","Length":70.907269858800007,"ID":"Road_1_1023"}},{"type":"Feature","id":1548,"geometry":{"type":"LineString","coordinates":[[121.25467120790995,36.770715488928715],[121.25387817223987,36.770747754805086]]},"properties":{"FID":1548,"Source_id":1,"Shape_Leng":125.63629865,"Region":"ASIA","Segment":"Blasting Solutions","Method":"Road","Product_tr":"Initiating System","Segment_id":1024,"Shape_Le_1":0.00079369179207400004,"Road":"Road_1","Length":70.891288729699994,"ID":"Road_1_1024"}},{"type":"Feature","id":1549,"geometry":{"type":"LineString","coordinates":[[121.25387817223987,36.770747754805086],[121.25308455380912,36.770767694573522]]},"properties":{"FID":1549,"Source_id":1,"Shape_Leng":125.63629865,"Region":"ASIA","Segment":"Blasting Solutions","Method":"Road","Product_tr":"Initiating System","Segment_id":1025,"Shape_Le_1":0.000793868885893,"Road":"Road_1","Length":70.887352057399994,"ID":"Road_1_1025"}},{"type":"Feature","id":1550,"geometry":{"type":"LineString","coordinates":[[121.25308455380912,36.770767694573522],[121.25229069705813,36.770785251138477]]},"properties":{"FID":1550,"Source_id":1,"Shape_Leng":125.63629865,"Region":"ASIA","Segment":"Blasting Solutions","Method":"Road","Product_tr":"Initiating System","Segment_id":1026,"Shape_Le_1":0.00079405086364999996,"Road":"Road_1","Length":70.900840874699995,"ID":"Road_1_1026"}},{"type":"Feature","id":1551,"geometry":{"type":"LineString","coordinates":[[121.25229069705813,36.770785251138477],[121.2514965831009,36.770788452724958]]},"properties":{"FID":1551,"Source_id":1,"Shape_Leng":125.63629865,"Region":"ASIA","Segment":"Blasting Solutions","Method":"Road","Product_tr":"Initiating System","Segment_id":1027,"Shape_Le_1":0.00079412041103200004,"Road":"Road_1","Length":70.89791022,"ID":"Road_1_1027"}},{"type":"Feature","id":1552,"geometry":{"type":"LineString","coordinates":[[121.2514965831009,36.770788452724958],[121.25070270476613,36.770770276527116]]},"properties":{"FID":1552,"Source_id":1,"Shape_Leng":125.63629865,"Region":"ASIA","Segment":"Blasting Solutions","Method":"Road","Product_tr":"Initiating System","Segment_id":1028,"Shape_Le_1":0.00079408638358400001,"Road":"Road_1","Length":70.904687272299995,"ID":"Road_1_1028"}},{"type":"Feature","id":1553,"geometry":{"type":"LineString","coordinates":[[121.25070270476613,36.770770276527116],[121.2499089505377,36.770755307311617]]},"properties":{"FID":1553,"Source_id":1,"Shape_Leng":125.63629865,"Region":"ASIA","Segment":"Blasting Solutions","Method":"Road","Product_tr":"Initiating System","Segment_id":1029,"Shape_Le_1":0.00079389536625199995,"Road":"Road_1","Length":70.884393895700001,"ID":"Road_1_1029"}},{"type":"Feature","id":1554,"geometry":{"type":"LineString","coordinates":[[121.2499089505377,36.770755307311617],[121.24911638701167,36.770714453809035]]},"properties":{"FID":1554,"Source_id":1,"Shape_Leng":125.63629865,"Region":"ASIA","Segment":"Blasting Solutions","Method":"Road","Product_tr":"Initiating System","Segment_id":1030,"Shape_Le_1":0.00079361574547900005,"Road":"Road_1","Length":70.903739438399995,"ID":"Road_1_1030"}},{"type":"Feature","id":1555,"geometry":{"type":"LineString","coordinates":[[121.24911638701167,36.770714453809035],[121.24832373445281,36.770674843169502]]},"properties":{"FID":1555,"Source_id":1,"Shape_Leng":125.63629865,"Region":"ASIA","Segment":"Blasting Solutions","Method":"Road","Product_tr":"Initiating System","Segment_id":1031,"Shape_Le_1":0.00079364165832400001,"Road":"Road_1","Length":70.903024324699999,"ID":"Road_1_1031"}},{"type":"Feature","id":1556,"geometry":{"type":"LineString","coordinates":[[121.24832373445281,36.770674843169502],[121.24753159990348,36.770629342869938]]},"properties":{"FID":1556,"Source_id":1,"Shape_Leng":125.63629865,"Region":"ASIA","Segment":"Blasting Solutions","Method":"Road","Product_tr":"Initiating System","Segment_id":1032,"Shape_Le_1":0.00079344024444200003,"Road":"Road_1","Length":70.900453284500003,"ID":"Road_1_1032"}},{"type":"Feature","id":1557,"geometry":{"type":"LineString","coordinates":[[121.24753159990348,36.770629342869938],[121.24673895363981,36.770590497553485]]},"properties":{"FID":1557,"Source_id":1,"Shape_Leng":125.63629865,"Region":"ASIA","Segment":"Blasting Solutions","Method":"Road","Product_tr":"Initiating System","Segment_id":1033,"Shape_Le_1":0.00079359754153499995,"Road":"Road_1","Length":70.897326360199997,"ID":"Road_1_1033"}},{"type":"Feature","id":1558,"geometry":{"type":"LineString","coordinates":[[121.24673895363981,36.770590497553485],[121.24594801159151,36.770543510674543]]},"properties":{"FID":1558,"Source_id":1,"Shape_Leng":125.63629865,"Region":"ASIA","Segment":"Blasting Solutions","Method":"Road","Product_tr":"Initiating System","Segment_id":1034,"Shape_Le_1":0.00079233647559500005,"Road":"Road_1","Length":70.806294917800003,"ID":"Road_1_1034"}},{"type":"Feature","id":1559,"geometry":{"type":"LineString","coordinates":[[121.24594801159151,36.770543510674543],[121.24516696658236,36.770428615987896]]},"properties":{"FID":1559,"Source_id":1,"Shape_Leng":125.63629865,"Region":"ASIA","Segment":"Blasting Solutions","Method":"Road","Product_tr":"Initiating System","Segment_id":1035,"Shape_Le_1":0.00078945050214400002,"Road":"Road_1","Length":70.886630399699996,"ID":"Road_1_1035"}},{"type":"Feature","id":1560,"geometry":{"type":"LineString","coordinates":[[121.24516696658236,36.770428615987896],[121.24438825531377,36.770303299058071]]},"properties":{"FID":1560,"Source_id":1,"Shape_Leng":125.63629865,"Region":"ASIA","Segment":"Blasting Solutions","Method":"Road","Product_tr":"Initiating System","Segment_id":1036,"Shape_Le_1":0.00078873035489799995,"Road":"Road_1","Length":70.899556400799995,"ID":"Road_1_1036"}},{"type":"Feature","id":1561,"geometry":{"type":"LineString","coordinates":[[121.24438825531377,36.770303299058071],[121.2436087760243,36.77018111176892]]},"properties":{"FID":1561,"Source_id":1,"Shape_Leng":125.63629865,"Region":"ASIA","Segment":"Blasting Solutions","Method":"Road","Product_tr":"Initiating System","Segment_id":1037,"Shape_Le_1":0.00078899790641799995,"Road":"Road_1","Length":70.899662129000006,"ID":"Road_1_1037"}},{"type":"Feature","id":1562,"geometry":{"type":"LineString","coordinates":[[121.2436087760243,36.77018111176892],[121.2428293605866,36.770058698750006]]},"properties":{"FID":1562,"Source_id":1,"Shape_Leng":125.63629865,"Region":"ASIA","Segment":"Blasting Solutions","Method":"Road","Product_tr":"Initiating System","Segment_id":1038,"Shape_Le_1":0.00078896981674399995,"Road":"Road_1","Length":70.8989706152,"ID":"Road_1_1038"}},{"type":"Feature","id":1563,"geometry":{"type":"LineString","coordinates":[[121.2428293605866,36.770058698750006],[121.24205049013813,36.769934091385267]]},"properties":{"FID":1563,"Source_id":1,"Shape_Leng":125.63629865,"Region":"ASIA","Segment":"Blasting Solutions","Method":"Road","Product_tr":"Initiating System","Segment_id":1039,"Shape_Le_1":0.00078877510790399999,"Road":"Road_1","Length":70.898418699399997,"ID":"Road_1_1039"}},{"type":"Feature","id":1564,"geometry":{"type":"LineString","coordinates":[[121.24205049013813,36.769934091385267],[121.24127162958212,36.76980947592665]]},"properties":{"FID":1564,"Source_id":1,"Shape_Leng":125.63629865,"Region":"ASIA","Segment":"Blasting Solutions","Method":"Road","Product_tr":"Initiating System","Segment_id":1040,"Shape_Le_1":0.00078876661835799999,"Road":"Road_1","Length":70.8978379757,"ID":"Road_1_1040"}},{"type":"Feature","id":1565,"geometry":{"type":"LineString","coordinates":[[121.24127162958212,36.76980947592665],[121.24049278071732,36.769684851474778]]},"properties":{"FID":1565,"Source_id":1,"Shape_Leng":125.63629865,"Region":"ASIA","Segment":"Blasting Solutions","Method":"Road","Product_tr":"Initiating System","Segment_id":1041,"Shape_Le_1":0.00078875649487100002,"Road":"Road_1","Length":70.897119233200002,"ID":"Road_1_1041"}},{"type":"Feature","id":1566,"geometry":{"type":"LineString","coordinates":[[121.24049278071732,36.769684851474778],[121.23971672334812,36.769549922590897]]},"properties":{"FID":1566,"Source_id":1,"Shape_Leng":125.63629865,"Region":"ASIA","Segment":"Blasting Solutions","Method":"Road","Product_tr":"Initiating System","Segment_id":1042,"Shape_Le_1":0.00078769971688800002,"Road":"Road_1","Length":70.8855246392,"ID":"Road_1_1042"}},{"type":"Feature","id":1567,"geometry":{"type":"LineString","coordinates":[[121.23971672334812,36.769549922590897],[121.23894427945504,36.769401782666193]]},"properties":{"FID":1567,"Source_id":1,"Shape_Leng":125.63629865,"Region":"ASIA","Segment":"Blasting Solutions","Method":"Road","Product_tr":"Initiating System","Segment_id":1043,"Shape_Le_1":0.00078652082315300005,"Road":"Road_1","Length":70.8958983725,"ID":"Road_1_1043"}},{"type":"Feature","id":1568,"geometry":{"type":"LineString","coordinates":[[121.23894427945504,36.769401782666193],[121.23817286708424,36.769250912399741]]},"properties":{"FID":1568,"Source_id":1,"Shape_Leng":125.63629865,"Region":"ASIA","Segment":"Blasting Solutions","Method":"Road","Product_tr":"Initiating System","Segment_id":1044,"Shape_Le_1":0.00078602727886200002,"Road":"Road_1","Length":70.8774087587,"ID":"Road_1_1044"}},{"type":"Feature","id":1569,"geometry":{"type":"LineString","coordinates":[[121.23817286708424,36.769250912399741],[121.23740482087589,36.769088701682278]]},"properties":{"FID":1569,"Source_id":1,"Shape_Leng":125.63629865,"Region":"ASIA","Segment":"Blasting Solutions","Method":"Road","Product_tr":"Initiating System","Segment_id":1045,"Shape_Le_1":0.00078498872286199999,"Road":"Road_1","Length":70.894604306000005,"ID":"Road_1_1045"}},{"type":"Feature","id":1570,"geometry":{"type":"LineString","coordinates":[[121.23740482087589,36.769088701682278],[121.23663678545938,36.768926482870938]]},"properties":{"FID":1570,"Source_id":1,"Shape_Leng":125.63629865,"Region":"ASIA","Segment":"Blasting Solutions","Method":"Road","Product_tr":"Initiating System","Segment_id":1046,"Shape_Le_1":0.000784979836538,"Road":"Road_1","Length":70.894040046200004,"ID":"Road_1_1046"}},{"type":"Feature","id":1571,"geometry":{"type":"LineString","coordinates":[[121.23663678545938,36.768926482870938],[121.23587211080928,36.768754741138423]]},"properties":{"FID":1571,"Source_id":1,"Shape_Leng":125.63629865,"Region":"ASIA","Segment":"Blasting Solutions","Method":"Road","Product_tr":"Initiating System","Segment_id":1047,"Shape_Le_1":0.000783723511956,"Road":"Road_1","Length":70.880825809000001,"ID":"Road_1_1047"}},{"type":"Feature","id":1572,"geometry":{"type":"LineString","coordinates":[[121.23587211080928,36.768754741138423],[121.23511236264551,36.768569024840701]]},"properties":{"FID":1572,"Source_id":1,"Shape_Leng":125.63629865,"Region":"ASIA","Segment":"Blasting Solutions","Method":"Road","Product_tr":"Initiating System","Segment_id":1048,"Shape_Le_1":0.000782117520323,"Road":"Road_1","Length":70.892651500200003,"ID":"Road_1_1048"}},{"type":"Feature","id":1573,"geometry":{"type":"LineString","coordinates":[[121.23511236264551,36.768569024840701],[121.23435704813937,36.768372177633921]]},"properties":{"FID":1573,"Source_id":1,"Shape_Leng":125.63629865,"Region":"ASIA","Segment":"Blasting Solutions","Method":"Road","Product_tr":"Initiating System","Segment_id":1049,"Shape_Le_1":0.00078054392957600002,"Road":"Road_1","Length":70.885034393200002,"ID":"Road_1_1049"}},{"type":"Feature","id":1574,"geometry":{"type":"LineString","coordinates":[[121.23435704813937,36.768372177633921],[121.23360644608067,36.7681641410623]]},"properties":{"FID":1574,"Source_id":1,"Shape_Leng":125.63629865,"Region":"ASIA","Segment":"Blasting Solutions","Method":"Road","Product_tr":"Initiating System","Segment_id":1050,"Shape_Le_1":0.00077889836670700003,"Road":"Road_1","Length":70.879734090900001,"ID":"Road_1_1050"}},{"type":"Feature","id":1575,"geometry":{"type":"LineString","coordinates":[[121.23360644608067,36.7681641410623],[121.23286506746899,36.767935457855174]]},"properties":{"FID":1575,"Source_id":1,"Shape_Leng":125.63629865,"Region":"ASIA","Segment":"Blasting Solutions","Method":"Road","Product_tr":"Initiating System","Segment_id":1051,"Shape_Le_1":0.00077584679871500002,"Road":"Road_1","Length":70.8894346087,"ID":"Road_1_1051"}},{"type":"Feature","id":1576,"geometry":{"type":"LineString","coordinates":[[121.23286506746899,36.767935457855174],[121.23212247117522,36.767709338615134]]},"properties":{"FID":1576,"Source_id":1,"Shape_Leng":125.63629865,"Region":"ASIA","Segment":"Blasting Solutions","Method":"Road","Product_tr":"Initiating System","Segment_id":1052,"Shape_Le_1":0.00077625972859999995,"Road":"Road_1","Length":70.889923218500002,"ID":"Road_1_1052"}},{"type":"Feature","id":1577,"geometry":{"type":"LineString","coordinates":[[121.23212247117522,36.767709338615134],[121.23138033353564,36.767482269691072]]},"properties":{"FID":1577,"Source_id":1,"Shape_Leng":125.63629865,"Region":"ASIA","Segment":"Blasting Solutions","Method":"Road","Product_tr":"Initiating System","Segment_id":1053,"Shape_Le_1":0.00077609830070100004,"Road":"Road_1","Length":70.889202328600007,"ID":"Road_1_1053"}},{"type":"Feature","id":1578,"geometry":{"type":"LineString","coordinates":[[121.23138033353564,36.767482269691072],[121.23063889017271,36.767253769945569]]},"properties":{"FID":1578,"Source_id":1,"Shape_Leng":125.63629865,"Region":"ASIA","Segment":"Blasting Solutions","Method":"Road","Product_tr":"Initiating System","Segment_id":1054,"Shape_Le_1":0.000775854621771,"Road":"Road_1","Length":70.888093463299995,"ID":"Road_1_1054"}},{"type":"Feature","id":1579,"geometry":{"type":"LineString","coordinates":[[121.23063889017271,36.767253769945569],[121.22989928052743,36.767021466967151]]},"properties":{"FID":1579,"Source_id":1,"Shape_Leng":125.63629865,"Region":"ASIA","Segment":"Blasting Solutions","Method":"Road","Product_tr":"Initiating System","Segment_id":1055,"Shape_Le_1":0.00077523357846000002,"Road":"Road_1","Length":70.887811249899997,"ID":"Road_1_1055"}},{"type":"Feature","id":1580,"geometry":{"type":"LineString","coordinates":[[121.22989928052743,36.767021466967151],[121.22915975901572,36.766789002110784]]},"properties":{"FID":1580,"Source_id":1,"Shape_Leng":125.63629865,"Region":"ASIA","Segment":"Blasting Solutions","Method":"Road","Product_tr":"Initiating System","Segment_id":1056,"Shape_Le_1":0.00077519802356600001,"Road":"Road_1","Length":70.887202094000003,"ID":"Road_1_1056"}},{"type":"Feature","id":1581,"geometry":{"type":"LineString","coordinates":[[121.22915975901572,36.766789002110784],[121.22842025189323,36.766556531858498]]},"properties":{"FID":1581,"Source_id":1,"Shape_Leng":125.63629865,"Region":"ASIA","Segment":"Blasting Solutions","Method":"Road","Product_tr":"Initiating System","Segment_id":1057,"Shape_Le_1":0.000775185914739,"Road":"Road_1","Length":70.886408667799998,"ID":"Road_1_1057"}},{"type":"Feature","id":1582,"geometry":{"type":"LineString","coordinates":[[121.22842025189323,36.766556531858498],[121.2276807573611,36.766324056210294]]},"properties":{"FID":1582,"Source_id":1,"Shape_Leng":125.63629865,"Region":"ASIA","Segment":"Blasting Solutions","Method":"Road","Product_tr":"Initiating System","Segment_id":1058,"Shape_Le_1":0.00077517552209399999,"Road":"Road_1","Length":70.885764842699999,"ID":"Road_1_1058"}},{"type":"Feature","id":1583,"geometry":{"type":"LineString","coordinates":[[121.2276807573611,36.766324056210294],[121.22694127541956,36.766091575166115]]},"properties":{"FID":1583,"Source_id":1,"Shape_Leng":125.63629865,"Region":"ASIA","Segment":"Blasting Solutions","Method":"Road","Product_tr":"Initiating System","Segment_id":1059,"Shape_Le_1":0.00077516512935100004,"Road":"Road_1","Length":70.885121015500005,"ID":"Road_1_1059"}},{"type":"Feature","id":1584,"geometry":{"type":"LineString","coordinates":[[121.22694127541956,36.766091575166115],[121.22620162530484,36.765859465541951]]},"properties":{"FID":1584,"Source_id":1,"Shape_Leng":125.63629865,"Region":"ASIA","Segment":"Blasting Solutions","Method":"Road","Product_tr":"Initiating System","Segment_id":1060,"Shape_Le_1":0.000775214273502,"Road":"Road_1","Length":70.884303572099995,"ID":"Road_1_1060"}},{"type":"Feature","id":1585,"geometry":{"type":"LineString","coordinates":[[121.22620162530484,36.765859465541951],[121.2254634150047,36.765624818930291]]},"properties":{"FID":1585,"Source_id":1,"Shape_Leng":125.63629865,"Region":"ASIA","Segment":"Blasting Solutions","Method":"Road","Product_tr":"Initiating System","Segment_id":1061,"Shape_Le_1":0.00077460537023599999,"Road":"Road_1","Length":70.867703625800004,"ID":"Road_1_1061"}},{"type":"Feature","id":1586,"geometry":{"type":"LineString","coordinates":[[121.2254634150047,36.765624818930291],[121.22472249055056,36.765395398279054]]},"properties":{"FID":1586,"Source_id":1,"Shape_Leng":125.63629865,"Region":"ASIA","Segment":"Blasting Solutions","Method":"Road","Product_tr":"Initiating System","Segment_id":1062,"Shape_Le_1":0.00077563063499900002,"Road":"Road_1","Length":70.882961173400005,"ID":"Road_1_1062"}},{"type":"Feature","id":1587,"geometry":{"type":"LineString","coordinates":[[121.22472249055056,36.765395398279054],[121.22398157868702,36.765165972231898]]},"properties":{"FID":1587,"Source_id":1,"Shape_Leng":125.63629865,"Region":"ASIA","Segment":"Blasting Solutions","Method":"Road","Product_tr":"Initiating System","Segment_id":1063,"Shape_Le_1":0.00077562020387299995,"Road":"Road_1","Length":70.882310683900002,"ID":"Road_1_1063"}},{"type":"Feature","id":1588,"geometry":{"type":"LineString","coordinates":[[121.22398157868702,36.765165972231898],[121.22324173521793,36.764934349140958]]},"properties":{"FID":1588,"Source_id":1,"Shape_Leng":125.63629865,"Region":"ASIA","Segment":"Blasting Solutions","Method":"Road","Product_tr":"Initiating System","Segment_id":1064,"Shape_Le_1":0.00077525325862800004,"Road":"Road_1","Length":70.881527935400001,"ID":"Road_1_1064"}},{"type":"Feature","id":1589,"geometry":{"type":"LineString","coordinates":[[121.22324173521793,36.764934349140958],[121.22250198347979,36.764702556078134]]},"properties":{"FID":1589,"Source_id":1,"Shape_Leng":125.63629865,"Region":"ASIA","Segment":"Blasting Solutions","Method":"Road","Product_tr":"Initiating System","Segment_id":1065,"Shape_Le_1":0.00077521652333500002,"Road":"Road_1","Length":70.880923118599995,"ID":"Road_1_1065"}},{"type":"Feature","id":1590,"geometry":{"type":"LineString","coordinates":[[121.22250198347979,36.764702556078134],[121.22176322459325,36.764468746735304]]},"properties":{"FID":1590,"Source_id":1,"Shape_Leng":125.63629865,"Region":"ASIA","Segment":"Blasting Solutions","Method":"Road","Product_tr":"Initiating System","Segment_id":1066,"Shape_Le_1":0.00077487515203299997,"Road":"Road_1","Length":70.880113795900002,"ID":"Road_1_1066"}},{"type":"Feature","id":1591,"geometry":{"type":"LineString","coordinates":[[121.22176322459325,36.764468746735304],[121.22102206451677,36.764239988884412]]},"properties":{"FID":1591,"Source_id":1,"Shape_Leng":125.63629865,"Region":"ASIA","Segment":"Blasting Solutions","Method":"Road","Product_tr":"Initiating System","Segment_id":1067,"Shape_Le_1":0.00077565998562600003,"Road":"Road_1","Length":70.877142418399998,"ID":"Road_1_1067"}},{"type":"Feature","id":1592,"geometry":{"type":"LineString","coordinates":[[121.22102206451677,36.764239988884412],[121.22028394414872,36.764005050892422]]},"properties":{"FID":1592,"Source_id":1,"Shape_Leng":125.63629865,"Region":"ASIA","Segment":"Blasting Solutions","Method":"Road","Product_tr":"Initiating System","Segment_id":1068,"Shape_Le_1":0.000774607989772,"Road":"Road_1","Length":70.873410852299997,"ID":"Road_1_1068"}},{"type":"Feature","id":1593,"geometry":{"type":"LineString","coordinates":[[121.22028394414872,36.764005050892422],[121.21954934552593,36.763762965988121]]},"properties":{"FID":1593,"Source_id":1,"Shape_Leng":125.63629865,"Region":"ASIA","Segment":"Blasting Solutions","Method":"Road","Product_tr":"Initiating System","Segment_id":1069,"Shape_Le_1":0.00077345991330299995,"Road":"Road_1","Length":70.878099681099997,"ID":"Road_1_1069"}},{"type":"Feature","id":1594,"geometry":{"type":"LineString","coordinates":[[121.21954934552593,36.763762965988121],[121.21880980602782,36.763530859061973]]},"properties":{"FID":1594,"Source_id":1,"Shape_Leng":125.63629865,"Region":"ASIA","Segment":"Blasting Solutions","Method":"Road","Product_tr":"Initiating System","Segment_id":1070,"Shape_Le_1":0.00077510792437900003,"Road":"Road_1","Length":70.876849917599998,"ID":"Road_1_1070"}},{"type":"Feature","id":1595,"geometry":{"type":"LineString","coordinates":[[121.21880980602782,36.763530859061973],[121.21807058039303,36.763298129804923]]},"properties":{"FID":1595,"Source_id":1,"Shape_Leng":125.63629865,"Region":"ASIA","Segment":"Blasting Solutions","Method":"Road","Product_tr":"Initiating System","Segment_id":1071,"Shape_Le_1":0.00077499512657500005,"Road":"Road_1","Length":70.876064648300002,"ID":"Road_1_1071"}},{"type":"Feature","id":1596,"geometry":{"type":"LineString","coordinates":[[121.21807058039303,36.763298129804923],[121.21733328200537,36.763061500188144]]},"properties":{"FID":1596,"Source_id":1,"Shape_Leng":125.63629865,"Region":"ASIA","Segment":"Blasting Solutions","Method":"Road","Product_tr":"Initiating System","Segment_id":1072,"Shape_Le_1":0.00077434003382600004,"Road":"Road_1","Length":70.875256738299996,"ID":"Road_1_1072"}},{"type":"Feature","id":1597,"geometry":{"type":"LineString","coordinates":[[121.21733328200537,36.763061500188144],[121.21659724086999,36.762822369556773]]},"properties":{"FID":1597,"Source_id":1,"Shape_Leng":125.63629865,"Region":"ASIA","Segment":"Blasting Solutions","Method":"Road","Product_tr":"Initiating System","Segment_id":1073,"Shape_Le_1":0.00077391214736300003,"Road":"Road_1","Length":70.874641484999998,"ID":"Road_1_1073"}},{"type":"Feature","id":1598,"geometry":{"type":"LineString","coordinates":[[121.21659724086999,36.762822369556773],[121.21586302805633,36.762579633543282]]},"properties":{"FID":1598,"Source_id":1,"Shape_Leng":125.63629865,"Region":"ASIA","Segment":"Blasting Solutions","Method":"Road","Product_tr":"Initiating System","Segment_id":1074,"Shape_Le_1":0.00077329763220799997,"Road":"Road_1","Length":70.874584016699998,"ID":"Road_1_1074"}},{"type":"Feature","id":1599,"geometry":{"type":"LineString","coordinates":[[121.21586302805633,36.762579633543282],[121.21512971816207,36.762335340803361]]},"properties":{"FID":1599,"Source_id":1,"Shape_Leng":125.63629865,"Region":"ASIA","Segment":"Blasting Solutions","Method":"Road","Product_tr":"Initiating System","Segment_id":1075,"Shape_Le_1":0.00077293100843200003,"Road":"Road_1","Length":70.866119784999995,"ID":"Road_1_1075"}},{"type":"Feature","id":1600,"geometry":{"type":"LineString","coordinates":[[121.21512971816207,36.762335340803361],[121.21439197460995,36.762099777782566]]},"properties":{"FID":1600,"Source_id":1,"Shape_Leng":125.63629865,"Region":"ASIA","Segment":"Blasting Solutions","Method":"Road","Product_tr":"Initiating System","Segment_id":1076,"Shape_Le_1":0.00077443881970300004,"Road":"Road_1","Length":70.869194164899994,"ID":"Road_1_1076"}},{"type":"Feature","id":1601,"geometry":{"type":"LineString","coordinates":[[121.21439197460995,36.762099777782566],[121.21366634042931,36.761841260465872]]},"properties":{"FID":1601,"Source_id":1,"Shape_Leng":125.63629865,"Region":"ASIA","Segment":"Blasting Solutions","Method":"Road","Product_tr":"Initiating System","Segment_id":1077,"Shape_Le_1":0.00077030913738800001,"Road":"Road_1","Length":70.858047502299996,"ID":"Road_1_1077"}},{"type":"Feature","id":1602,"geometry":{"type":"LineString","coordinates":[[121.21366634042931,36.761841260465872],[121.2129481301522,36.761569366633012]]},"properties":{"FID":1602,"Source_id":1,"Shape_Leng":125.63629865,"Region":"ASIA","Segment":"Blasting Solutions","Method":"Road","Product_tr":"Initiating System","Segment_id":1078,"Shape_Le_1":0.00076795329187299998,"Road":"Road_1","Length":70.871793220200004,"ID":"Road_1_1078"}},{"type":"Feature","id":1603,"geometry":{"type":"LineString","coordinates":[[121.2129481301522,36.761569366633012],[121.21223073016415,36.761296115723212]]},"properties":{"FID":1603,"Source_id":1,"Shape_Leng":125.63629865,"Region":"ASIA","Segment":"Blasting Solutions","Method":"Road","Product_tr":"Initiating System","Segment_id":1079,"Shape_Le_1":0.00076767753813500002,"Road":"Road_1","Length":70.8708451774,"ID":"Road_1_1079"}},{"type":"Feature","id":1604,"geometry":{"type":"LineString","coordinates":[[121.21223073016415,36.761296115723212],[121.21151418093473,36.761021437589307]]},"properties":{"FID":1604,"Source_id":1,"Shape_Leng":125.63629865,"Region":"ASIA","Segment":"Blasting Solutions","Method":"Road","Product_tr":"Initiating System","Segment_id":1080,"Shape_Le_1":0.000767392256563,"Road":"Road_1","Length":70.870376550800003,"ID":"Road_1_1080"}},{"type":"Feature","id":1605,"geometry":{"type":"LineString","coordinates":[[121.21151418093473,36.761021437589307],[121.21080835881878,36.760729497868113]]},"properties":{"FID":1605,"Source_id":1,"Shape_Leng":125.63629865,"Region":"ASIA","Segment":"Blasting Solutions","Method":"Road","Product_tr":"Initiating System","Segment_id":1081,"Shape_Le_1":0.00076381520027499997,"Road":"Road_1","Length":70.862149971099996,"ID":"Road_1_1081"}},{"type":"Feature","id":1606,"geometry":{"type":"LineString","coordinates":[[121.21080835881878,36.760729497868113],[121.21010501793228,36.760433578646769]]},"properties":{"FID":1606,"Source_id":1,"Shape_Leng":125.63629865,"Region":"ASIA","Segment":"Blasting Solutions","Method":"Road","Product_tr":"Initiating System","Segment_id":1082,"Shape_Le_1":0.00076305739508099996,"Road":"Road_1","Length":70.868948979300001,"ID":"Road_1_1082"}},{"type":"Feature","id":1607,"geometry":{"type":"LineString","coordinates":[[121.21010501793228,36.760433578646769],[121.20940098816516,36.760138744907181]]},"properties":{"FID":1607,"Source_id":1,"Shape_Leng":125.63629865,"Region":"ASIA","Segment":"Blasting Solutions","Method":"Road","Product_tr":"Initiating System","Segment_id":1083,"Shape_Le_1":0.00076327245921199998,"Road":"Road_1","Length":70.867980803600005,"ID":"Road_1_1083"}},{"type":"Feature","id":1608,"geometry":{"type":"LineString","coordinates":[[121.20940098816516,36.760138744907181],[121.20870505499431,36.759831946587099]]},"properties":{"FID":1608,"Source_id":1,"Shape_Leng":125.63629865,"Region":"ASIA","Segment":"Blasting Solutions","Method":"Road","Product_tr":"Initiating System","Segment_id":1084,"Shape_Le_1":0.00076055781337700001,"Road":"Road_1","Length":70.856030638500002,"ID":"Road_1_1084"}},{"type":"Feature","id":1609,"geometry":{"type":"LineString","coordinates":[[121.20870505499431,36.759831946587099],[121.20801442602499,36.759517297185596]]},"properties":{"FID":1609,"Source_id":1,"Shape_Leng":125.63629865,"Region":"ASIA","Segment":"Blasting Solutions","Method":"Road","Product_tr":"Initiating System","Segment_id":1085,"Shape_Le_1":0.00075892859949699997,"Road":"Road_1","Length":70.866467358700007,"ID":"Road_1_1085"}},{"type":"Feature","id":1610,"geometry":{"type":"LineString","coordinates":[[121.20801442602499,36.759517297185596],[121.20733465187277,36.759187711843481]]},"properties":{"FID":1610,"Source_id":1,"Shape_Leng":125.63629865,"Region":"ASIA","Segment":"Blasting Solutions","Method":"Road","Product_tr":"Initiating System","Segment_id":1086,"Shape_Le_1":0.00075545972477700002,"Road":"Road_1","Length":70.8659634662,"ID":"Road_1_1086"}},{"type":"Feature","id":1611,"geometry":{"type":"LineString","coordinates":[[121.20733465187277,36.759187711843481],[121.20666069183756,36.758850606370459]]},"properties":{"FID":1611,"Source_id":1,"Shape_Leng":125.63629865,"Region":"ASIA","Segment":"Blasting Solutions","Method":"Road","Product_tr":"Initiating System","Segment_id":1087,"Shape_Le_1":0.00075356634015100003,"Road":"Road_1","Length":70.859052933000001,"ID":"Road_1_1087"}},{"type":"Feature","id":1612,"geometry":{"type":"LineString","coordinates":[[121.20666069183756,36.758850606370459],[121.20598863206976,36.758511145572982]]},"properties":{"FID":1612,"Source_id":1,"Shape_Leng":125.63629865,"Region":"ASIA","Segment":"Blasting Solutions","Method":"Road","Product_tr":"Initiating System","Segment_id":1088,"Shape_Le_1":0.00075292626764599999,"Road":"Road_1","Length":70.853848774799999,"ID":"Road_1_1088"}},{"type":"Feature","id":1613,"geometry":{"type":"LineString","coordinates":[[121.20598863206976,36.758511145572982],[121.20533003605237,36.758155018539298]]},"properties":{"FID":1613,"Source_id":1,"Shape_Leng":125.63629865,"Region":"ASIA","Segment":"Blasting Solutions","Method":"Road","Product_tr":"Initiating System","Segment_id":1089,"Shape_Le_1":0.00074871568585099997,"Road":"Road_1","Length":70.853526102299995,"ID":"Road_1_1089"}},{"type":"Feature","id":1614,"geometry":{"type":"LineString","coordinates":[[121.20533003605237,36.758155018539298],[121.20466281283859,36.757810937924489]]},"properties":{"FID":1614,"Source_id":1,"Shape_Leng":125.63629865,"Region":"ASIA","Segment":"Blasting Solutions","Method":"Road","Product_tr":"Initiating System","Segment_id":1090,"Shape_Le_1":0.00075071851349000002,"Road":"Road_1","Length":70.764220448200007,"ID":"Road_1_1090"}},{"type":"Feature","id":1615,"geometry":{"type":"LineString","coordinates":[[121.20466281283859,36.757810937924489],[121.2039990412228,36.7574609523611]]},"properties":{"FID":1615,"Source_id":1,"Shape_Leng":125.63629865,"Region":"ASIA","Segment":"Blasting Solutions","Method":"Road","Product_tr":"Initiating System","Segment_id":1091,"Shape_Le_1":0.00075038833447099999,"Road":"Road_1","Length":70.862183705099994,"ID":"Road_1_1091"}},{"type":"Feature","id":1616,"geometry":{"type":"LineString","coordinates":[[121.2039990412228,36.7574609523611],[121.20334790508184,36.757096844743614]]},"properties":{"FID":1616,"Source_id":1,"Shape_Leng":125.63629865,"Region":"ASIA","Segment":"Blasting Solutions","Method":"Road","Product_tr":"Initiating System","Segment_id":1092,"Shape_Le_1":0.00074602455132199996,"Road":"Road_1","Length":70.803942400799997,"ID":"Road_1_1092"}},{"type":"Feature","id":1617,"geometry":{"type":"LineString","coordinates":[[121.20334790508184,36.757096844743614],[121.20270612908462,36.756721265374154]]},"properties":{"FID":1617,"Source_id":1,"Shape_Leng":125.63629865,"Region":"ASIA","Segment":"Blasting Solutions","Method":"Road","Product_tr":"Initiating System","Segment_id":1093,"Shape_Le_1":0.00074359686213500001,"Road":"Road_1","Length":70.860681513299994,"ID":"Road_1_1093"}},{"type":"Feature","id":1618,"geometry":{"type":"LineString","coordinates":[[121.20270612908462,36.756721265374154],[121.20206436747662,36.756345686004636]]},"properties":{"FID":1618,"Source_id":1,"Shape_Leng":125.63629865,"Region":"ASIA","Segment":"Blasting Solutions","Method":"Road","Product_tr":"Initiating System","Segment_id":1094,"Shape_Le_1":0.00074358444329000002,"Road":"Road_1","Length":70.859866787800001,"ID":"Road_1_1094"}},{"type":"Feature","id":1619,"geometry":{"type":"LineString","coordinates":[[121.20206436747662,36.756345686004636],[121.20142435504999,36.755968700994799]]},"properties":{"FID":1619,"Source_id":1,"Shape_Leng":125.63629865,"Region":"ASIA","Segment":"Blasting Solutions","Method":"Road","Product_tr":"Initiating System","Segment_id":1095,"Shape_Le_1":0.00074278772464400004,"Road":"Road_1","Length":70.825860775799995,"ID":"Road_1_1095"}},{"type":"Feature","id":1620,"geometry":{"type":"LineString","coordinates":[[121.20142435504999,36.755968700994799],[121.20080596412402,36.755568568334809]]},"properties":{"FID":1620,"Source_id":1,"Shape_Leng":125.63629865,"Region":"ASIA","Segment":"Blasting Solutions","Method":"Road","Product_tr":"Initiating System","Segment_id":1096,"Shape_Le_1":0.00073655514588100005,"Road":"Road_1","Length":70.858383822600004,"ID":"Road_1_1096"}},{"type":"Feature","id":1621,"geometry":{"type":"LineString","coordinates":[[121.20080596412402,36.755568568334809],[121.20018590765358,36.755170138091444]]},"properties":{"FID":1621,"Source_id":1,"Shape_Leng":125.63629865,"Region":"ASIA","Segment":"Blasting Solutions","Method":"Road","Product_tr":"Initiating System","Segment_id":1097,"Shape_Le_1":0.00073703235028100005,"Road":"Road_1","Length":70.856525576500005,"ID":"Road_1_1097"}},{"type":"Feature","id":1622,"geometry":{"type":"LineString","coordinates":[[121.20018590765358,36.755170138091444],[121.19956152184682,36.754776108230885]]},"properties":{"FID":1622,"Source_id":1,"Shape_Leng":125.63629865,"Region":"ASIA","Segment":"Blasting Solutions","Method":"Road","Product_tr":"Initiating System","Segment_id":1098,"Shape_Le_1":0.00073832050404600003,"Road":"Road_1","Length":70.856859131500002,"ID":"Road_1_1098"}},{"type":"Feature","id":1623,"geometry":{"type":"LineString","coordinates":[[121.19956152184682,36.754776108230885],[121.19893618995332,36.754383067624531]]},"properties":{"FID":1623,"Source_id":1,"Shape_Leng":125.63629865,"Region":"ASIA","Segment":"Blasting Solutions","Method":"Road","Product_tr":"Initiating System","Segment_id":1099,"Shape_Le_1":0.00073859386355099998,"Road":"Road_1","Length":70.855947391100003,"ID":"Road_1_1099"}},{"type":"Feature","id":1624,"geometry":{"type":"LineString","coordinates":[[121.19893618995332,36.754383067624531],[121.19831030497664,36.753990610678215]]},"properties":{"FID":1624,"Source_id":1,"Shape_Leng":125.63629865,"Region":"ASIA","Segment":"Blasting Solutions","Method":"Road","Product_tr":"Initiating System","Segment_id":1100,"Shape_Le_1":0.00073875196022300002,"Road":"Road_1","Length":70.855268483200007,"ID":"Road_1_1100"}},{"type":"Feature","id":1625,"geometry":{"type":"LineString","coordinates":[[121.19831030497664,36.753990610678215],[121.19768443348983,36.753598152832524]]},"properties":{"FID":1625,"Source_id":1,"Shape_Leng":125.63629865,"Region":"ASIA","Segment":"Blasting Solutions","Method":"Road","Product_tr":"Initiating System","Segment_id":1101,"Shape_Le_1":0.00073874100918900005,"Road":"Road_1","Length":70.854602429699995,"ID":"Road_1_1101"}},{"type":"Feature","id":1626,"geometry":{"type":"LineString","coordinates":[[121.19768443348983,36.753598152832524],[121.19705857729161,36.753205695886209]]},"properties":{"FID":1626,"Source_id":1,"Shape_Leng":125.63629865,"Region":"ASIA","Segment":"Blasting Solutions","Method":"Road","Product_tr":"Initiating System","Segment_id":1102,"Shape_Le_1":0.00073872757871300005,"Road":"Road_1","Length":70.853686975700001,"ID":"Road_1_1102"}},{"type":"Feature","id":1627,"geometry":{"type":"LineString","coordinates":[[121.19705857729161,36.753205695886209],[121.19643273458314,36.752813238040574]]},"properties":{"FID":1627,"Source_id":1,"Shape_Leng":125.63629865,"Region":"ASIA","Segment":"Blasting Solutions","Method":"Road","Product_tr":"Initiating System","Segment_id":1103,"Shape_Le_1":0.00073871662790900002,"Road":"Road_1","Length":70.853020911300007,"ID":"Road_1_1103"}},{"type":"Feature","id":1628,"geometry":{"type":"LineString","coordinates":[[121.19643273458314,36.752813238040574],[121.1958070375648,36.752420645296581]]},"properties":{"FID":1628,"Source_id":1,"Shape_Leng":125.63629865,"Region":"ASIA","Segment":"Blasting Solutions","Method":"Road","Product_tr":"Initiating System","Segment_id":1104,"Shape_Le_1":0.00073866489113100003,"Road":"Road_1","Length":70.852186348100005,"ID":"Road_1_1104"}},{"type":"Feature","id":1629,"geometry":{"type":"LineString","coordinates":[[121.1958070375648,36.752420645296581],[121.19518138910985,36.752028016579743]]},"properties":{"FID":1629,"Source_id":1,"Shape_Leng":125.63629865,"Region":"ASIA","Segment":"Blasting Solutions","Method":"Road","Product_tr":"Initiating System","Segment_id":1105,"Shape_Le_1":0.00073864287614199995,"Road":"Road_1","Length":70.851444083100006,"ID":"Road_1_1105"}},{"type":"Feature","id":1630,"geometry":{"type":"LineString","coordinates":[[121.19518138910985,36.752028016579743],[121.19455575414474,36.751635387862905]]},"properties":{"FID":1630,"Source_id":1,"Shape_Leng":125.63629865,"Region":"ASIA","Segment":"Blasting Solutions","Method":"Road","Product_tr":"Initiating System","Segment_id":1106,"Shape_Le_1":0.00073863144994400004,"Road":"Road_1","Length":70.850716873799996,"ID":"Road_1_1106"}},{"type":"Feature","id":1631,"geometry":{"type":"LineString","coordinates":[[121.19455575414474,36.751635387862905],[121.19393013446825,36.751242759146066]]},"properties":{"FID":1631,"Source_id":1,"Shape_Leng":125.63629865,"Region":"ASIA","Segment":"Blasting Solutions","Method":"Road","Product_tr":"Initiating System","Segment_id":1107,"Shape_Le_1":0.00073861850024699999,"Road":"Road_1","Length":70.849862995400002,"ID":"Road_1_1107"}},{"type":"Feature","id":1632,"geometry":{"type":"LineString","coordinates":[[121.19393013446825,36.751242759146066],[121.19330452828137,36.750850130429228]]},"properties":{"FID":1632,"Source_id":1,"Shape_Leng":125.63629865,"Region":"ASIA","Segment":"Blasting Solutions","Method":"Road","Product_tr":"Initiating System","Segment_id":1108,"Shape_Le_1":0.00073860707438999998,"Road":"Road_1","Length":70.849135786800005,"ID":"Road_1_1108"}},{"type":"Feature","id":1633,"geometry":{"type":"LineString","coordinates":[[121.19330452828137,36.750850130429228],[121.19267893648384,36.75045750081307]]},"properties":{"FID":1633,"Source_id":1,"Shape_Leng":125.63629865,"Region":"ASIA","Segment":"Blasting Solutions","Method":"Road","Product_tr":"Initiating System","Segment_id":1109,"Shape_Le_1":0.00073859536460800003,"Road":"Road_1","Length":70.848406596399997,"ID":"Road_1_1109"}},{"type":"Feature","id":1634,"geometry":{"type":"LineString","coordinates":[[121.19267893648384,36.75045750081307],[121.19205335907532,36.750064872096232]]},"properties":{"FID":1634,"Source_id":1,"Shape_Leng":125.63629865,"Region":"ASIA","Segment":"Blasting Solutions","Method":"Road","Product_tr":"Initiating System","Segment_id":1110,"Shape_Le_1":0.000738582699057,"Road":"Road_1","Length":70.847554664499995,"ID":"Road_1_1110"}},{"type":"Feature","id":1635,"geometry":{"type":"LineString","coordinates":[[121.19205335907532,36.750064872096232],[121.1914003892166,36.749702673739478]]},"properties":{"FID":1635,"Source_id":1,"Shape_Leng":125.63629865,"Region":"ASIA","Segment":"Blasting Solutions","Method":"Road","Product_tr":"Initiating System","Segment_id":1111,"Shape_Le_1":0.00074669758673300002,"Road":"Road_1","Length":70.822572517599994,"ID":"Road_1_1111"}},{"type":"Feature","id":1636,"geometry":{"type":"LineString","coordinates":[[121.1914003892166,36.749702673739478],[121.19074201083515,36.749346497243096]]},"properties":{"FID":1636,"Source_id":1,"Shape_Leng":125.63629865,"Region":"ASIA","Segment":"Blasting Solutions","Method":"Road","Product_tr":"Initiating System","Segment_id":1112,"Shape_Le_1":0.00074854778720499998,"Road":"Road_1","Length":70.846005125299996,"ID":"Road_1_1112"}},{"type":"Feature","id":1637,"geometry":{"type":"LineString","coordinates":[[121.19074201083515,36.749346497243096],[121.19008269985682,36.748991453892529]]},"properties":{"FID":1637,"Source_id":1,"Shape_Leng":125.63629865,"Region":"ASIA","Segment":"Blasting Solutions","Method":"Road","Product_tr":"Initiating System","Segment_id":1113,"Shape_Le_1":0.00074883025241699998,"Road":"Road_1","Length":70.845350225100006,"ID":"Road_1_1113"}},{"type":"Feature","id":1638,"geometry":{"type":"LineString","coordinates":[[121.19008269985682,36.748991453892529],[121.18940389157638,36.748661082542981]]},"properties":{"FID":1638,"Source_id":1,"Shape_Leng":125.63629865,"Region":"ASIA","Segment":"Blasting Solutions","Method":"Road","Product_tr":"Initiating System","Segment_id":1114,"Shape_Le_1":0.00075493437476200004,"Road":"Road_1","Length":70.844265152899993,"ID":"Road_1_1114"}},{"type":"Feature","id":1639,"geometry":{"type":"LineString","coordinates":[[121.18940389157638,36.748661082542981],[121.18872959519467,36.748324799949614]]},"properties":{"FID":1639,"Source_id":1,"Shape_Leng":125.63629865,"Region":"ASIA","Segment":"Blasting Solutions","Method":"Road","Product_tr":"Initiating System","Segment_id":1115,"Shape_Le_1":0.00075349956402099997,"Road":"Road_1","Length":70.843367533099993,"ID":"Road_1_1115"}},{"type":"Feature","id":1640,"geometry":{"type":"LineString","coordinates":[[121.18872959519467,36.748324799949614],[121.18805005576553,36.747995580631596]]},"properties":{"FID":1640,"Source_id":1,"Shape_Leng":125.63629865,"Region":"ASIA","Segment":"Blasting Solutions","Method":"Road","Product_tr":"Initiating System","Segment_id":1116,"Shape_Le_1":0.00075508886570799997,"Road":"Road_1","Length":70.834567958400001,"ID":"Road_1_1116"}},{"type":"Feature","id":1641,"geometry":{"type":"LineString","coordinates":[[121.18805005576553,36.747995580631596],[121.18736356457691,36.747675701672335]]},"properties":{"FID":1641,"Source_id":1,"Shape_Leng":125.63629865,"Region":"ASIA","Segment":"Blasting Solutions","Method":"Road","Product_tr":"Initiating System","Segment_id":1117,"Shape_Le_1":0.00075735903020000004,"Road":"Road_1","Length":70.842358579899994,"ID":"Road_1_1117"}},{"type":"Feature","id":1642,"geometry":{"type":"LineString","coordinates":[[121.18736356457691,36.747675701672335],[121.18667708867679,36.747355820015116]]},"properties":{"FID":1642,"Source_id":1,"Shape_Leng":125.63629865,"Region":"ASIA","Segment":"Blasting Solutions","Method":"Road","Product_tr":"Initiating System","Segment_id":1118,"Shape_Le_1":0.00075734631185300002,"Road":"Road_1","Length":70.841546302500007,"ID":"Road_1_1118"}},{"type":"Feature","id":1643,"geometry":{"type":"LineString","coordinates":[[121.18667708867679,36.747355820015116],[121.18598910731157,36.747038060757973]]},"properties":{"FID":1643,"Source_id":1,"Shape_Leng":125.63629865,"Region":"ASIA","Segment":"Blasting Solutions","Method":"Road","Product_tr":"Initiating System","Segment_id":1119,"Shape_Le_1":0.00075781878070399998,"Road":"Road_1","Length":70.840611482499995,"ID":"Road_1_1119"}},{"type":"Feature","id":1644,"geometry":{"type":"LineString","coordinates":[[121.18598910731157,36.747038060757973],[121.1853003894015,36.746721350110249]]},"properties":{"FID":1644,"Source_id":1,"Shape_Leng":125.63629865,"Region":"ASIA","Segment":"Blasting Solutions","Method":"Road","Product_tr":"Initiating System","Segment_id":1120,"Shape_Le_1":0.00075804880715399999,"Road":"Road_1","Length":70.840081042099996,"ID":"Road_1_1120"}},{"type":"Feature","id":1645,"geometry":{"type":"LineString","coordinates":[[121.1853003894015,36.746721350110249],[121.18459899105062,36.746423590876077]]},"properties":{"FID":1645,"Source_id":1,"Shape_Leng":125.63629865,"Region":"ASIA","Segment":"Blasting Solutions","Method":"Road","Product_tr":"Initiating System","Segment_id":1121,"Shape_Le_1":0.00076198438839500003,"Road":"Road_1","Length":70.820381276099994,"ID":"Road_1_1121"}},{"type":"Feature","id":1646,"geometry":{"type":"LineString","coordinates":[[121.18459899105062,36.746423590876077],[121.18389163199333,36.746134749319253]]},"properties":{"FID":1646,"Source_id":1,"Shape_Leng":125.63629865,"Region":"ASIA","Segment":"Blasting Solutions","Method":"Road","Product_tr":"Initiating System","Segment_id":1122,"Shape_Le_1":0.00076405908205800003,"Road":"Road_1","Length":70.838606525499998,"ID":"Road_1_1122"}},{"type":"Feature","id":1647,"geometry":{"type":"LineString","coordinates":[[121.18389163199333,36.746134749319253],[121.18318454273253,36.74584549767161]]},"properties":{"FID":1647,"Source_id":1,"Shape_Leng":125.63629865,"Region":"ASIA","Segment":"Blasting Solutions","Method":"Road","Product_tr":"Initiating System","Segment_id":1123,"Shape_Le_1":0.00076396448765800003,"Road":"Road_1","Length":70.837941029099994,"ID":"Road_1_1123"}},{"type":"Feature","id":1648,"geometry":{"type":"LineString","coordinates":[[121.18318454273253,36.74584549767161],[121.18247414306734,36.745562114999643]]},"properties":{"FID":1648,"Source_id":1,"Shape_Leng":125.63629865,"Region":"ASIA","Segment":"Blasting Solutions","Method":"Road","Product_tr":"Initiating System","Segment_id":1124,"Shape_Le_1":0.00076483555296500002,"Road":"Road_1","Length":70.810179720799994,"ID":"Road_1_1124"}},{"type":"Feature","id":1649,"geometry":{"type":"LineString","coordinates":[[121.18247414306734,36.745562114999643],[121.18175038667107,36.745300964468015]]},"properties":{"FID":1649,"Source_id":1,"Shape_Leng":125.63629865,"Region":"ASIA","Segment":"Blasting Solutions","Method":"Road","Product_tr":"Initiating System","Segment_id":1125,"Shape_Le_1":0.00076943025760000002,"Road":"Road_1","Length":70.836468406199998,"ID":"Road_1_1125"}},{"type":"Feature","id":1650,"geometry":{"type":"LineString","coordinates":[[121.18175038667107,36.745300964468015],[121.18103635374484,36.745023633334085]]},"properties":{"FID":1650,"Source_id":1,"Shape_Leng":125.63629865,"Region":"ASIA","Segment":"Blasting Solutions","Method":"Road","Product_tr":"Initiating System","Segment_id":1126,"Shape_Le_1":0.00076599972427000005,"Road":"Road_1","Length":70.806983369700006,"ID":"Road_1_1126"}},{"type":"Feature","id":1651,"geometry":{"type":"LineString","coordinates":[[121.18103635374484,36.745023633334085],[121.18031491040483,36.744758417866763]]},"properties":{"FID":1651,"Source_id":1,"Shape_Leng":125.63629865,"Region":"ASIA","Segment":"Blasting Solutions","Method":"Road","Product_tr":"Initiating System","Segment_id":1127,"Shape_Le_1":0.00076864799287799999,"Road":"Road_1","Length":70.834674751400001,"ID":"Road_1_1127"}},{"type":"Feature","id":1652,"geometry":{"type":"LineString","coordinates":[[121.18031491040483,36.744758417866763],[121.17958736336618,36.744504286543645]]},"properties":{"FID":1652,"Source_id":1,"Shape_Leng":125.63629865,"Region":"ASIA","Segment":"Blasting Solutions","Method":"Road","Product_tr":"Initiating System","Segment_id":1128,"Shape_Le_1":0.00077065389302699995,"Road":"Road_1","Length":70.832401166599993,"ID":"Road_1_1128"}},{"type":"Feature","id":1653,"geometry":{"type":"LineString","coordinates":[[121.17958736336618,36.744504286543645],[121.17885926504312,36.744251166058518]]},"properties":{"FID":1653,"Source_id":1,"Shape_Leng":125.63629865,"Region":"ASIA","Segment":"Blasting Solutions","Method":"Road","Product_tr":"Initiating System","Segment_id":1129,"Shape_Le_1":0.00077084184372799998,"Road":"Road_1","Length":70.833204476000006,"ID":"Road_1_1129"}},{"type":"Feature","id":1654,"geometry":{"type":"LineString","coordinates":[[121.17885926504312,36.744251166058518],[121.17812289925246,36.7440145796092]]},"properties":{"FID":1654,"Source_id":1,"Shape_Leng":125.63629865,"Region":"ASIA","Segment":"Blasting Solutions","Method":"Road","Product_tr":"Initiating System","Segment_id":1130,"Shape_Le_1":0.00077343889587500004,"Road":"Road_1","Length":70.811209136000002,"ID":"Road_1_1130"}},{"type":"Feature","id":1655,"geometry":{"type":"LineString","coordinates":[[121.17812289925246,36.7440145796092],[121.17738495515164,36.743780687528783]]},"properties":{"FID":1655,"Source_id":1,"Shape_Leng":125.63629865,"Region":"ASIA","Segment":"Blasting Solutions","Method":"Road","Product_tr":"Initiating System","Segment_id":1131,"Shape_Le_1":0.00077412337596499995,"Road":"Road_1","Length":70.832214098999998,"ID":"Road_1_1131"}},{"type":"Feature","id":1656,"geometry":{"type":"LineString","coordinates":[[121.17738495515164,36.743780687528783],[121.17664702454056,36.743546790052392]]},"properties":{"FID":1656,"Source_id":1,"Shape_Leng":125.63629865,"Region":"ASIA","Segment":"Blasting Solutions","Method":"Road","Product_tr":"Initiating System","Segment_id":1132,"Shape_Le_1":0.00077411214706399995,"Road":"Road_1","Length":70.831498274300003,"ID":"Road_1_1132"}},{"type":"Feature","id":1657,"geometry":{"type":"LineString","coordinates":[[121.17664702454056,36.743546790052392],[121.17590910652007,36.743312887180025]]},"properties":{"FID":1657,"Source_id":1,"Shape_Leng":125.63629865,"Region":"ASIA","Segment":"Blasting Solutions","Method":"Road","Product_tr":"Initiating System","Segment_id":1133,"Shape_Le_1":0.00077410177539300005,"Road":"Road_1","Length":70.830857174900004,"ID":"Road_1_1133"}},{"type":"Feature","id":1658,"geometry":{"type":"LineString","coordinates":[[121.17590910652007,36.743312887180025],[121.17515982646489,36.743103729153802]]},"properties":{"FID":1658,"Source_id":1,"Shape_Leng":125.63629865,"Region":"ASIA","Segment":"Blasting Solutions","Method":"Road","Product_tr":"Initiating System","Segment_id":1134,"Shape_Le_1":0.00077792524127699996,"Road":"Road_1","Length":70.829376741299996,"ID":"Road_1_1134"}},{"type":"Feature","id":1659,"geometry":{"type":"LineString","coordinates":[[121.17515982646489,36.743103729153802],[121.1744104178066,36.742894875098443]]},"properties":{"FID":1659,"Source_id":1,"Shape_Leng":125.63629865,"Region":"ASIA","Segment":"Blasting Solutions","Method":"Road","Product_tr":"Initiating System","Segment_id":1135,"Shape_Le_1":0.00077796745019699997,"Road":"Road_1","Length":70.829354094400003,"ID":"Road_1_1135"}},{"type":"Feature","id":1660,"geometry":{"type":"LineString","coordinates":[[121.1744104178066,36.742894875098443],[121.17365918172595,36.742690512257411]]},"properties":{"FID":1660,"Source_id":1,"Shape_Leng":125.63629865,"Region":"ASIA","Segment":"Blasting Solutions","Method":"Road","Product_tr":"Initiating System","Segment_id":1136,"Shape_Le_1":0.00077853697385500003,"Road":"Road_1","Length":70.822598246699997,"ID":"Road_1_1136"}},{"type":"Feature","id":1661,"geometry":{"type":"LineString","coordinates":[[121.17365918172595,36.742690512257411],[121.1729036037184,36.742496637310012]]},"properties":{"FID":1661,"Source_id":1,"Shape_Leng":125.63629865,"Region":"ASIA","Segment":"Blasting Solutions","Method":"Road","Product_tr":"Initiating System","Segment_id":1137,"Shape_Le_1":0.00078005488315399999,"Road":"Road_1","Length":70.828056445300007,"ID":"Road_1_1137"}},{"type":"Feature","id":1662,"geometry":{"type":"LineString","coordinates":[[121.1729036037184,36.742496637310012],[121.17214803830143,36.742302755168055]]},"properties":{"FID":1662,"Source_id":1,"Shape_Leng":125.63629865,"Region":"ASIA","Segment":"Blasting Solutions","Method":"Road","Product_tr":"Initiating System","Segment_id":1138,"Shape_Le_1":0.000780044475838,"Road":"Road_1","Length":70.827389130200004,"ID":"Road_1_1138"}},{"type":"Feature","id":1663,"geometry":{"type":"LineString","coordinates":[[121.17214803830143,36.742302755168055],[121.17139248457556,36.74210886673086]]},"properties":{"FID":1663,"Source_id":1,"Shape_Leng":125.63629865,"Region":"ASIA","Segment":"Blasting Solutions","Method":"Road","Product_tr":"Initiating System","Segment_id":1139,"Shape_Le_1":0.00078003471637400003,"Road":"Road_1","Length":70.826768047800002,"ID":"Road_1_1139"}},{"type":"Feature","id":1664,"geometry":{"type":"LineString","coordinates":[[121.17139248457556,36.74210886673086],[121.17062873083137,36.741937348929582]]},"properties":{"FID":1664,"Source_id":1,"Shape_Leng":125.63629865,"Region":"ASIA","Segment":"Blasting Solutions","Method":"Road","Product_tr":"Initiating System","Segment_id":1140,"Shape_Le_1":0.00078277591808099999,"Road":"Road_1","Length":70.817794914299995,"ID":"Road_1_1140"}},{"type":"Feature","id":1665,"geometry":{"type":"LineString","coordinates":[[121.17062873083137,36.741937348929582],[121.16986355256097,36.741769738682535]]},"properties":{"FID":1665,"Source_id":1,"Shape_Leng":125.63629865,"Region":"ASIA","Segment":"Blasting Solutions","Method":"Road","Product_tr":"Initiating System","Segment_id":1141,"Shape_Le_1":0.00078332048384100004,"Road":"Road_1","Length":70.825378391599997,"ID":"Road_1_1141"}},{"type":"Feature","id":1666,"geometry":{"type":"LineString","coordinates":[[121.16986355256097,36.741769738682535],[121.16909838778042,36.741602112247733]]},"properties":{"FID":1666,"Source_id":1,"Shape_Leng":125.63629865,"Region":"ASIA","Segment":"Blasting Solutions","Method":"Road","Product_tr":"Initiating System","Segment_id":1142,"Shape_Le_1":0.00078331077040499995,"Road":"Road_1","Length":70.824830928699996,"ID":"Road_1_1142"}},{"type":"Feature","id":1667,"geometry":{"type":"LineString","coordinates":[[121.16909838778042,36.741602112247733],[121.16833230749,36.741437408609556]]},"properties":{"FID":1667,"Source_id":1,"Shape_Leng":125.63629865,"Region":"ASIA","Segment":"Blasting Solutions","Method":"Road","Product_tr":"Initiating System","Segment_id":1143,"Shape_Le_1":0.00078358554082900002,"Road":"Road_1","Length":70.819468205000007,"ID":"Road_1_1143"}},{"type":"Feature","id":1668,"geometry":{"type":"LineString","coordinates":[[121.16833230749,36.741437408609556],[121.16756095627318,36.7412893451272]]},"properties":{"FID":1668,"Source_id":1,"Shape_Leng":125.63629865,"Region":"ASIA","Segment":"Blasting Solutions","Method":"Road","Product_tr":"Initiating System","Segment_id":1144,"Shape_Le_1":0.00078543331639800002,"Road":"Road_1","Length":70.8234665656,"ID":"Road_1_1144"}},{"type":"Feature","id":1669,"geometry":{"type":"LineString","coordinates":[[121.16756095627318,36.7412893451272],[121.16678961584819,36.741141273550966]]},"properties":{"FID":1669,"Source_id":1,"Shape_Leng":125.63629865,"Region":"ASIA","Segment":"Blasting Solutions","Method":"Road","Product_tr":"Initiating System","Segment_id":1145,"Shape_Le_1":0.00078542424390400003,"Road":"Road_1","Length":70.822866028000007,"ID":"Road_1_1145"}},{"type":"Feature","id":1670,"geometry":{"type":"LineString","coordinates":[[121.16678961584819,36.741141273550966],[121.16601812703504,36.740993739769351]]},"properties":{"FID":1670,"Source_id":1,"Shape_Leng":125.63629865,"Region":"ASIA","Segment":"Blasting Solutions","Method":"Road","Product_tr":"Initiating System","Segment_id":1146,"Shape_Le_1":0.00078546878074299998,"Road":"Road_1","Length":70.822065371500003,"ID":"Road_1_1146"}},{"type":"Feature","id":1671,"geometry":{"type":"LineString","coordinates":[[121.16601812703504,36.740993739769351],[121.16524616337983,36.740847847250393]]},"properties":{"FID":1671,"Source_id":1,"Shape_Leng":125.63629865,"Region":"ASIA","Segment":"Blasting Solutions","Method":"Road","Product_tr":"Initiating System","Segment_id":1147,"Shape_Le_1":0.00078562873677999999,"Road":"Road_1","Length":70.821595492699998,"ID":"Road_1_1147"}},{"type":"Feature","id":1672,"geometry":{"type":"LineString","coordinates":[[121.16524616337983,36.740847847250393],[121.16447421141584,36.740701946637557]]},"properties":{"FID":1672,"Source_id":1,"Shape_Leng":125.63629865,"Region":"ASIA","Segment":"Blasting Solutions","Method":"Road","Product_tr":"Initiating System","Segment_id":1148,"Shape_Le_1":0.00078561875203299997,"Road":"Road_1","Length":70.820911250400002,"ID":"Road_1_1148"}},{"type":"Feature","id":1673,"geometry":{"type":"LineString","coordinates":[[121.16447421141584,36.740701946637557],[121.16370227024368,36.740556038830164]]},"properties":{"FID":1673,"Source_id":1,"Shape_Leng":125.63629865,"Region":"ASIA","Segment":"Blasting Solutions","Method":"Road","Product_tr":"Initiating System","Segment_id":1149,"Shape_Le_1":0.00078560948411799997,"Road":"Road_1","Length":70.820282411199997,"ID":"Road_1_1149"}},{"type":"Feature","id":1674,"geometry":{"type":"LineString","coordinates":[[121.16370227024368,36.740556038830164],[121.16293026252163,36.740410390926854]]},"properties":{"FID":1674,"Source_id":1,"Shape_Leng":125.63629865,"Region":"ASIA","Segment":"Blasting Solutions","Method":"Road","Product_tr":"Initiating System","Segment_id":1150,"Shape_Le_1":0.00078562665092299995,"Road":"Road_1","Length":70.819607454500002,"ID":"Road_1_1150"}},{"type":"Feature","id":1675,"geometry":{"type":"LineString","coordinates":[[121.16293026252163,36.740410390926854],[121.16215818105525,36.740265027209318]]},"properties":{"FID":1675,"Source_id":1,"Shape_Leng":125.63629865,"Region":"ASIA","Segment":"Blasting Solutions","Method":"Road","Product_tr":"Initiating System","Segment_id":1151,"Shape_Le_1":0.00078564648608800002,"Road":"Road_1","Length":70.818956377700005,"ID":"Road_1_1151"}},{"type":"Feature","id":1676,"geometry":{"type":"LineString","coordinates":[[121.16215818105525,36.740265027209318],[121.16138610948144,36.740119655397848]]},"properties":{"FID":1676,"Source_id":1,"Shape_Leng":125.63629865,"Region":"ASIA","Segment":"Blasting Solutions","Method":"Road","Product_tr":"Initiating System","Segment_id":1152,"Shape_Le_1":0.00078563826195600004,"Road":"Road_1","Length":70.818427193199994,"ID":"Road_1_1152"}},{"type":"Feature","id":1677,"geometry":{"type":"LineString","coordinates":[[121.16138610948144,36.740119655397848],[121.16061405049811,36.73997427639182]]},"properties":{"FID":1677,"Source_id":1,"Shape_Leng":125.63629865,"Region":"ASIA","Segment":"Blasting Solutions","Method":"Road","Product_tr":"Initiating System","Segment_id":1153,"Shape_Le_1":0.00078562722020900002,"Road":"Road_1","Length":70.817640668799996,"ID":"Road_1_1153"}},{"type":"Feature","id":1678,"geometry":{"type":"LineString","coordinates":[[121.16061405049811,36.73997427639182],[121.15984200140736,36.739828889291857]]},"properties":{"FID":1678,"Source_id":1,"Shape_Leng":125.63629865,"Region":"ASIA","Segment":"Blasting Solutions","Method":"Road","Product_tr":"Initiating System","Segment_id":1154,"Shape_Le_1":0.00078561899631600005,"Road":"Road_1","Length":70.817111520200001,"ID":"Road_1_1154"}},{"type":"Feature","id":1679,"geometry":{"type":"LineString","coordinates":[[121.15984200140736,36.739828889291857],[121.15907009171144,36.739683056128172]]},"properties":{"FID":1679,"Source_id":1,"Shape_Leng":125.63629865,"Region":"ASIA","Segment":"Blasting Solutions","Method":"Road","Product_tr":"Initiating System","Segment_id":1155,"Shape_Le_1":0.00078556469515600003,"Road":"Road_1","Length":70.816411724899993,"ID":"Road_1_1155"}},{"type":"Feature","id":1680,"geometry":{"type":"LineString","coordinates":[[121.15907009171144,36.739683056128172],[121.15829824496814,36.739537035905528]]},"properties":{"FID":1680,"Source_id":1,"Shape_Leng":125.63629865,"Region":"ASIA","Segment":"Blasting Solutions","Method":"Road","Product_tr":"Initiating System","Segment_id":1156,"Shape_Le_1":0.00078553758698799998,"Road":"Road_1","Length":70.815812041900003,"ID":"Road_1_1156"}},{"type":"Feature","id":1681,"geometry":{"type":"LineString","coordinates":[[121.15829824496814,36.739537035905528],[121.15752615181054,36.739391891622574]]},"properties":{"FID":1681,"Source_id":1,"Shape_Leng":125.63629865,"Region":"ASIA","Segment":"Blasting Solutions","Method":"Road","Product_tr":"Initiating System","Segment_id":1157,"Shape_Le_1":0.00078561740489600004,"Road":"Road_1","Length":70.815190466800004,"ID":"Road_1_1157"}},{"type":"Feature","id":1682,"geometry":{"type":"LineString","coordinates":[[121.15752615181054,36.739391891622574],[121.15675407034416,36.739246740145006]]},"properties":{"FID":1682,"Source_id":1,"Shape_Leng":125.63629865,"Region":"ASIA","Segment":"Blasting Solutions","Method":"Road","Product_tr":"Initiating System","Segment_id":1158,"Shape_Le_1":0.000785607244218,"Road":"Road_1","Length":70.814481594499995,"ID":"Road_1_1158"}},{"type":"Feature","id":1683,"geometry":{"type":"LineString","coordinates":[[121.15675407034416,36.739246740145006],[121.15598199966962,36.739101580573561]]},"properties":{"FID":1683,"Source_id":1,"Shape_Leng":125.63629865,"Region":"ASIA","Segment":"Blasting Solutions","Method":"Road","Product_tr":"Initiating System","Segment_id":1159,"Shape_Le_1":0.00078559813369899999,"Road":"Road_1","Length":70.813873657000002,"ID":"Road_1_1159"}},{"type":"Feature","id":1684,"geometry":{"type":"LineString","coordinates":[[121.15598199966962,36.739101580573561],[121.15520993888765,36.7389564138075]]},"properties":{"FID":1684,"Source_id":1,"Shape_Leng":125.63629865,"Region":"ASIA","Segment":"Blasting Solutions","Method":"Road","Product_tr":"Initiating System","Segment_id":1160,"Shape_Le_1":0.00078558974090999997,"Road":"Road_1","Length":70.813321245699996,"ID":"Road_1_1160"}},{"type":"Feature","id":1685,"geometry":{"type":"LineString","coordinates":[[121.15520993888765,36.7389564138075],[121.15443789069616,36.738811238947562]]},"properties":{"FID":1685,"Source_id":1,"Shape_Leng":125.63629865,"Region":"ASIA","Segment":"Blasting Solutions","Method":"Road","Product_tr":"Initiating System","Segment_id":1161,"Shape_Le_1":0.00078557886297000003,"Road":"Road_1","Length":70.812556915900004,"ID":"Road_1_1161"}},{"type":"Feature","id":1686,"geometry":{"type":"LineString","coordinates":[[121.15443789069616,36.738811238947562],[121.15366610240881,36.738665220523558]]},"properties":{"FID":1686,"Source_id":1,"Shape_Leng":125.63629865,"Region":"ASIA","Segment":"Blasting Solutions","Method":"Road","Product_tr":"Initiating System","Segment_id":1162,"Shape_Le_1":0.00078547981555400004,"Road":"Road_1","Length":70.811442263299995,"ID":"Road_1_1162"}},{"type":"Feature","id":1687,"geometry":{"type":"LineString","coordinates":[[121.15366610240881,36.738665220523558],[121.15289945014956,36.738502654573892]]},"properties":{"FID":1687,"Source_id":1,"Shape_Leng":125.63629865,"Region":"ASIA","Segment":"Blasting Solutions","Method":"Road","Product_tr":"Initiating System","Segment_id":1163,"Shape_Le_1":0.00078369852277200005,"Road":"Road_1","Length":70.810530578599995,"ID":"Road_1_1163"}},{"type":"Feature","id":1688,"geometry":{"type":"LineString","coordinates":[[121.15289945014956,36.738502654573892],[121.15213311265313,36.738339127248992]]},"properties":{"FID":1688,"Source_id":1,"Shape_Leng":125.63629865,"Region":"ASIA","Segment":"Blasting Solutions","Method":"Road","Product_tr":"Initiating System","Segment_id":1164,"Shape_Le_1":0.000783590674028,"Road":"Road_1","Length":70.810751318300007,"ID":"Road_1_1164"}},{"type":"Feature","id":1689,"geometry":{"type":"LineString","coordinates":[[121.15213311265313,36.738339127248992],[121.15136678774707,36.738175593628796]]},"properties":{"FID":1689,"Source_id":1,"Shape_Leng":125.63629865,"Region":"ASIA","Segment":"Blasting Solutions","Method":"Road","Product_tr":"Initiating System","Segment_id":1165,"Shape_Le_1":0.00078357967469399996,"Road":"Road_1","Length":70.809983609699998,"ID":"Road_1_1165"}},{"type":"Feature","id":1690,"geometry":{"type":"LineString","coordinates":[[121.15136678774707,36.738175593628796],[121.15060613396599,36.737995964841957]]},"properties":{"FID":1690,"Source_id":1,"Shape_Leng":125.63629865,"Region":"ASIA","Segment":"Blasting Solutions","Method":"Road","Product_tr":"Initiating System","Segment_id":1166,"Shape_Le_1":0.00078157576454199998,"Road":"Road_1","Length":70.802625849400002,"ID":"Road_1_1166"}},{"type":"Feature","id":1691,"geometry":{"type":"LineString","coordinates":[[121.15060613396599,36.737995964841957],[121.1498470665889,36.737811852934726]]},"properties":{"FID":1691,"Source_id":1,"Shape_Leng":125.63629865,"Region":"ASIA","Segment":"Blasting Solutions","Method":"Road","Product_tr":"Initiating System","Segment_id":1167,"Shape_Le_1":0.00078107648623199999,"Road":"Road_1","Length":70.8087766668,"ID":"Road_1_1167"}},{"type":"Feature","id":1692,"geometry":{"type":"LineString","coordinates":[[121.1498470665889,36.737811852934726],[121.14908801270167,36.7376277347322]]},"properties":{"FID":1692,"Source_id":1,"Shape_Leng":125.63629865,"Region":"ASIA","Segment":"Blasting Solutions","Method":"Road","Product_tr":"Initiating System","Segment_id":1168,"Shape_Le_1":0.00078106486045000003,"Road":"Road_1","Length":70.807979474199996,"ID":"Road_1_1168"}},{"type":"Feature","id":1693,"geometry":{"type":"LineString","coordinates":[[121.14908801270167,36.7376277347322],[121.14833404178262,36.737430782304784]]},"properties":{"FID":1693,"Source_id":1,"Shape_Leng":125.63629865,"Region":"ASIA","Segment":"Blasting Solutions","Method":"Road","Product_tr":"Initiating System","Segment_id":1169,"Shape_Le_1":0.00077927043151800003,"Road":"Road_1","Length":70.800211413599996,"ID":"Road_1_1169"}},{"type":"Feature","id":1694,"geometry":{"type":"LineString","coordinates":[[121.14833404178262,36.737430782304784],[121.14758240100707,36.737227962700388]]},"properties":{"FID":1694,"Source_id":1,"Shape_Leng":125.63629865,"Region":"ASIA","Segment":"Blasting Solutions","Method":"Road","Product_tr":"Initiating System","Segment_id":1170,"Shape_Le_1":0.00077852401850799998,"Road":"Road_1","Length":70.806716477400002,"ID":"Road_1_1170"}},{"type":"Feature","id":1695,"geometry":{"type":"LineString","coordinates":[[121.14758240100707,36.737227962700388],[121.146830772822,36.737025137700016]]},"properties":{"FID":1695,"Source_id":1,"Shape_Leng":125.63629865,"Region":"ASIA","Segment":"Blasting Solutions","Method":"Road","Product_tr":"Initiating System","Segment_id":1171,"Shape_Le_1":0.00077851326858899999,"Road":"Road_1","Length":70.8060078189,"ID":"Road_1_1171"}},{"type":"Feature","id":1696,"geometry":{"type":"LineString","coordinates":[[121.146830772822,36.737025137700016],[121.14608223111009,36.736815331262562]]},"properties":{"FID":1696,"Source_id":1,"Shape_Leng":125.63629865,"Region":"ASIA","Segment":"Blasting Solutions","Method":"Road","Product_tr":"Initiating System","Segment_id":1172,"Shape_Le_1":0.00077738885744000003,"Road":"Road_1","Length":70.795855047200007,"ID":"Road_1_1172"}},{"type":"Feature","id":1697,"geometry":{"type":"LineString","coordinates":[[121.14608223111009,36.736815331262562],[121.14533891086216,36.736593620499264]]},"properties":{"FID":1697,"Source_id":1,"Shape_Leng":125.63629865,"Region":"ASIA","Segment":"Blasting Solutions","Method":"Road","Product_tr":"Initiating System","Segment_id":1173,"Shape_Le_1":0.00077568076779800004,"Road":"Road_1","Length":70.803922947100006,"ID":"Road_1_1173"}},{"type":"Feature","id":1698,"geometry":{"type":"LineString","coordinates":[[121.14533891086216,36.736593620499264],[121.14459388010357,36.736375663506124]]},"properties":{"FID":1698,"Source_id":1,"Shape_Leng":125.63629865,"Region":"ASIA","Segment":"Blasting Solutions","Method":"Road","Product_tr":"Initiating System","Segment_id":1174,"Shape_Le_1":0.00077625774206100003,"Road":"Road_1","Length":70.803995568700003,"ID":"Road_1_1174"}},{"type":"Feature","id":1699,"geometry":{"type":"LineString","coordinates":[[121.14459388010357,36.736375663506124],[121.14384886283483,36.736157701117065]]},"properties":{"FID":1699,"Source_id":1,"Shape_Leng":125.63629865,"Region":"ASIA","Segment":"Blasting Solutions","Method":"Road","Product_tr":"Initiating System","Segment_id":1175,"Shape_Le_1":0.00077624630998600005,"Road":"Road_1","Length":70.803244225900002,"ID":"Road_1_1175"}},{"type":"Feature","id":1700,"geometry":{"type":"LineString","coordinates":[[121.14384886283483,36.736157701117065],[121.1431173866581,36.735912207782235]]},"properties":{"FID":1700,"Source_id":1,"Shape_Leng":125.63629865,"Region":"ASIA","Segment":"Blasting Solutions","Method":"Road","Product_tr":"Initiating System","Segment_id":1176,"Shape_Le_1":0.00077157266317699996,"Road":"Road_1","Length":70.786682957899998,"ID":"Road_1_1176"}},{"type":"Feature","id":1701,"geometry":{"type":"LineString","coordinates":[[121.1431173866581,36.735912207782235],[121.14238875323838,36.735660954289642]]},"properties":{"FID":1701,"Source_id":1,"Shape_Leng":125.63629865,"Region":"ASIA","Segment":"Blasting Solutions","Method":"Road","Product_tr":"Initiating System","Segment_id":1177,"Shape_Le_1":0.00077073664625600005,"Road":"Road_1","Length":70.801873391300006,"ID":"Road_1_1177"}},{"type":"Feature","id":1702,"geometry":{"type":"LineString","coordinates":[[121.14238875323838,36.735660954289642],[121.1416628744422,36.735404681680791]]},"properties":{"FID":1702,"Source_id":1,"Shape_Leng":125.63629865,"Region":"ASIA","Segment":"Blasting Solutions","Method":"Road","Product_tr":"Initiating System","Segment_id":1178,"Shape_Le_1":0.00076978937170099995,"Road":"Road_1","Length":70.797873378199995,"ID":"Road_1_1178"}},{"type":"Feature","id":1703,"geometry":{"type":"LineString","coordinates":[[121.1416628744422,36.735404681680791],[121.14093828797172,36.735146015975886]]},"properties":{"FID":1703,"Source_id":1,"Shape_Leng":125.63629865,"Region":"ASIA","Segment":"Blasting Solutions","Method":"Road","Product_tr":"Initiating System","Segment_id":1179,"Shape_Le_1":0.00076937214668899997,"Road":"Road_1","Length":70.799633514600004,"ID":"Road_1_1179"}},{"type":"Feature","id":1704,"geometry":{"type":"LineString","coordinates":[[121.14093828797172,36.735146015975886],[121.14021265648898,36.73488925593449]]},"properties":{"FID":1704,"Source_id":1,"Shape_Leng":125.63629865,"Region":"ASIA","Segment":"Blasting Solutions","Method":"Road","Product_tr":"Initiating System","Segment_id":1180,"Shape_Le_1":0.00076971862884899996,"Road":"Road_1","Length":70.7997921491,"ID":"Road_1_1180"}},{"type":"Feature","id":1705,"geometry":{"type":"LineString","coordinates":[[121.14021265648898,36.73488925593449],[121.1394870384961,36.734632490497063]]},"properties":{"FID":1705,"Source_id":1,"Shape_Leng":125.63629865,"Region":"ASIA","Segment":"Blasting Solutions","Method":"Road","Product_tr":"Initiating System","Segment_id":1181,"Shape_Le_1":0.00076970771170300004,"Road":"Road_1","Length":70.799127207400005,"ID":"Road_1_1181"}},{"type":"Feature","id":1706,"geometry":{"type":"LineString","coordinates":[[121.1394870384961,36.734632490497063],[121.13877707680069,36.734348850619028]]},"properties":{"FID":1706,"Source_id":1,"Shape_Leng":125.63629865,"Region":"ASIA","Segment":"Blasting Solutions","Method":"Road","Product_tr":"Initiating System","Segment_id":1182,"Shape_Le_1":0.00076452415877800001,"Road":"Road_1","Length":70.796059304400003,"ID":"Road_1_1182"}},{"type":"Feature","id":1707,"geometry":{"type":"LineString","coordinates":[[121.13877707680069,36.734348850619028],[121.13806493514869,36.73406874597589]]},"properties":{"FID":1707,"Source_id":1,"Shape_Leng":125.63629865,"Region":"ASIA","Segment":"Blasting Solutions","Method":"Road","Product_tr":"Initiating System","Segment_id":1183,"Shape_Le_1":0.00076524789684400004,"Road":"Road_1","Length":70.797608101400002,"ID":"Road_1_1183"}},{"type":"Feature","id":1708,"geometry":{"type":"LineString","coordinates":[[121.13806493514869,36.73406874597589],[121.13735280698654,36.733788638634792]]},"properties":{"FID":1708,"Source_id":1,"Shape_Leng":125.63629865,"Region":"ASIA","Segment":"Blasting Solutions","Method":"Road","Product_tr":"Initiating System","Segment_id":1184,"Shape_Le_1":0.00076523633072599995,"Road":"Road_1","Length":70.796863949400006,"ID":"Road_1_1184"}},{"type":"Feature","id":1709,"geometry":{"type":"LineString","coordinates":[[121.13735280698654,36.733788638634792],[121.13665130071706,36.733491759836909]]},"properties":{"FID":1709,"Source_id":1,"Shape_Leng":125.63629865,"Region":"ASIA","Segment":"Blasting Solutions","Method":"Road","Product_tr":"Initiating System","Segment_id":1185,"Shape_Le_1":0.00076174015697699998,"Road":"Road_1","Length":70.792647019100002,"ID":"Road_1_1185"}},{"type":"Feature","id":1710,"geometry":{"type":"LineString","coordinates":[[121.13665130071706,36.733491759836909],[121.13595101572685,36.733192969080335]]},"properties":{"FID":1710,"Source_id":1,"Shape_Leng":125.63629865,"Region":"ASIA","Segment":"Blasting Solutions","Method":"Road","Product_tr":"Initiating System","Segment_id":1186,"Shape_Le_1":0.00076136389705299995,"Road":"Road_1","Length":70.795450205899996,"ID":"Road_1_1186"}},{"type":"Feature","id":1711,"geometry":{"type":"LineString","coordinates":[[121.13595101572685,36.733192969080335],[121.1352480300726,36.732898346681395]]},"properties":{"FID":1711,"Source_id":1,"Shape_Leng":125.63629865,"Region":"ASIA","Segment":"Blasting Solutions","Method":"Road","Product_tr":"Initiating System","Segment_id":1187,"Shape_Le_1":0.00076222777962300003,"Road":"Road_1","Length":70.794069773199993,"ID":"Road_1_1187"}},{"type":"Feature","id":1712,"geometry":{"type":"LineString","coordinates":[[121.1352480300726,36.732898346681395],[121.13455152493304,36.732594016101018]]},"properties":{"FID":1712,"Source_id":1,"Shape_Leng":125.63629865,"Region":"ASIA","Segment":"Blasting Solutions","Method":"Road","Product_tr":"Initiating System","Segment_id":1188,"Shape_Le_1":0.00076008980494700004,"Road":"Road_1","Length":70.788974905299995,"ID":"Road_1_1188"}},{"type":"Feature","id":1713,"geometry":{"type":"LineString","coordinates":[[121.13455152493304,36.732594016101018],[121.13385771146432,36.73228565206125]]},"properties":{"FID":1713,"Source_id":1,"Shape_Leng":125.63629865,"Region":"ASIA","Segment":"Blasting Solutions","Method":"Road","Product_tr":"Initiating System","Segment_id":1189,"Shape_Le_1":0.00075925325841299997,"Road":"Road_1","Length":70.793257793099997,"ID":"Road_1_1189"}},{"type":"Feature","id":1714,"geometry":{"type":"LineString","coordinates":[[121.13385771146432,36.73228565206125],[121.13317310795264,36.73196448437352]]},"properties":{"FID":1714,"Source_id":1,"Shape_Leng":125.63629865,"Region":"ASIA","Segment":"Blasting Solutions","Method":"Road","Product_tr":"Initiating System","Segment_id":1190,"Shape_Le_1":0.00075619485044299995,"Road":"Road_1","Length":70.779157392800002,"ID":"Road_1_1190"}},{"type":"Feature","id":1715,"geometry":{"type":"LineString","coordinates":[[121.13317310795264,36.73196448437352],[121.13249643106553,36.731632398016814]]},"properties":{"FID":1715,"Source_id":1,"Shape_Leng":125.63629865,"Region":"ASIA","Segment":"Blasting Solutions","Method":"Road","Product_tr":"Initiating System","Segment_id":1191,"Shape_Le_1":0.00075377248414899996,"Road":"Road_1","Length":70.7917107337,"ID":"Road_1_1191"}},{"type":"Feature","id":1716,"geometry":{"type":"LineString","coordinates":[[121.13249643106553,36.731632398016814],[121.13181976766816,36.731300309861467]]},"properties":{"FID":1716,"Source_id":1,"Shape_Leng":125.63629865,"Region":"ASIA","Segment":"Blasting Solutions","Method":"Road","Product_tr":"Initiating System","Segment_id":1192,"Shape_Le_1":0.00075376116659299996,"Road":"Road_1","Length":70.791007012400001,"ID":"Road_1_1192"}},{"type":"Feature","id":1717,"geometry":{"type":"LineString","coordinates":[[121.13181976766816,36.731300309861467],[121.1311431195594,36.730968219008162]]},"properties":{"FID":1717,"Source_id":1,"Shape_Leng":125.63629865,"Region":"ASIA","Segment":"Blasting Solutions","Method":"Road","Product_tr":"Initiating System","Segment_id":1193,"Shape_Le_1":0.00075374863047600001,"Road":"Road_1","Length":70.790218050099995,"ID":"Road_1_1193"}},{"type":"Feature","id":1718,"geometry":{"type":"LineString","coordinates":[[121.1311431195594,36.730968219008162],[121.13046396234211,36.730639506907778]]},"properties":{"FID":1718,"Source_id":1,"Shape_Leng":125.63629865,"Region":"ASIA","Segment":"Blasting Solutions","Method":"Road","Product_tr":"Initiating System","Segment_id":1194,"Shape_Le_1":0.00075452380395700004,"Road":"Road_1","Length":70.787949010700004,"ID":"Road_1_1194"}},{"type":"Feature","id":1719,"geometry":{"type":"LineString","coordinates":[[121.13046396234211,36.730639506907778],[121.12979214988786,36.730301464341153]]},"properties":{"FID":1719,"Source_id":1,"Shape_Leng":125.63629865,"Region":"ASIA","Segment":"Blasting Solutions","Method":"Road","Product_tr":"Initiating System","Segment_id":1195,"Shape_Le_1":0.00075206698539900005,"Road":"Road_1","Length":70.770097909,"ID":"Road_1_1195"}},{"type":"Feature","id":1720,"geometry":{"type":"LineString","coordinates":[[121.12979214988786,36.730301464341153],[121.12912968678563,36.729951381651006]]},"properties":{"FID":1720,"Source_id":1,"Shape_Leng":125.63629865,"Region":"ASIA","Segment":"Blasting Solutions","Method":"Road","Product_tr":"Initiating System","Segment_id":1196,"Shape_Le_1":0.00074927648552299995,"Road":"Road_1","Length":70.787952634999996,"ID":"Road_1_1196"}},{"type":"Feature","id":1721,"geometry":{"type":"LineString","coordinates":[[121.12912968678563,36.729951381651006],[121.12847757667885,36.729589106851847]]},"properties":{"FID":1721,"Source_id":1,"Shape_Leng":125.63629865,"Region":"ASIA","Segment":"Blasting Solutions","Method":"Road","Product_tr":"Initiating System","Segment_id":1197,"Shape_Le_1":0.00074598299007200004,"Road":"Road_1","Length":70.776618761700007,"ID":"Road_1_1197"}},{"type":"Feature","id":1722,"geometry":{"type":"LineString","coordinates":[[121.12847757667885,36.729589106851847],[121.12782861959522,36.729223043208947]]},"properties":{"FID":1722,"Source_id":1,"Shape_Leng":125.63629865,"Region":"ASIA","Segment":"Blasting Solutions","Method":"Road","Product_tr":"Initiating System","Segment_id":1198,"Shape_Le_1":0.00074508246996100001,"Road":"Road_1","Length":70.785680223100002,"ID":"Road_1_1198"}},{"type":"Feature","id":1723,"geometry":{"type":"LineString","coordinates":[[121.12782861959522,36.729223043208947],[121.12717855544599,36.728858256603303]]},"properties":{"FID":1723,"Source_id":1,"Shape_Leng":125.63629865,"Region":"ASIA","Segment":"Blasting Solutions","Method":"Road","Product_tr":"Initiating System","Segment_id":1199,"Shape_Le_1":0.00074542113316400003,"Road":"Road_1","Length":70.785770592899993,"ID":"Road_1_1199"}},{"type":"Feature","id":1724,"geometry":{"type":"LineString","coordinates":[[121.12717855544599,36.728858256603303],[121.12653552039797,36.728485570352859]]},"properties":{"FID":1724,"Source_id":1,"Shape_Leng":125.63629865,"Region":"ASIA","Segment":"Blasting Solutions","Method":"Road","Product_tr":"Initiating System","Segment_id":1200,"Shape_Le_1":0.00074322884380400005,"Road":"Road_1","Length":70.780468711500006,"ID":"Road_1_1200"}},{"type":"Feature","id":1725,"geometry":{"type":"LineString","coordinates":[[121.12653552039797,36.728485570352859],[121.12589630297202,36.728108598832819]]},"properties":{"FID":1725,"Source_id":1,"Shape_Leng":125.63629865,"Region":"ASIA","Segment":"Blasting Solutions","Method":"Road","Product_tr":"Initiating System","Segment_id":1201,"Shape_Le_1":0.00074209598068500002,"Road":"Road_1","Length":70.784233855400004,"ID":"Road_1_1201"}},{"type":"Feature","id":1726,"geometry":{"type":"LineString","coordinates":[[121.12589630297202,36.728108598832819],[121.12525709993531,36.727731627312778]]},"properties":{"FID":1726,"Source_id":1,"Shape_Leng":125.63629865,"Region":"ASIA","Segment":"Blasting Solutions","Method":"Road","Product_tr":"Initiating System","Segment_id":1202,"Shape_Le_1":0.000742083586306,"Road":"Road_1","Length":70.783420572200001,"ID":"Road_1_1202"}},{"type":"Feature","id":1727,"geometry":{"type":"LineString","coordinates":[[121.12525709993531,36.727731627312778],[121.12461361702492,36.727359552601342]]},"properties":{"FID":1727,"Source_id":1,"Shape_Leng":125.63629865,"Region":"ASIA","Segment":"Blasting Solutions","Method":"Road","Product_tr":"Initiating System","Segment_id":1203,"Shape_Le_1":0.00074331006104800005,"Road":"Road_1","Length":70.774001723799998,"ID":"Road_1_1203"}},{"type":"Feature","id":1728,"geometry":{"type":"LineString","coordinates":[[121.12461361702492,36.727359552601342],[121.12397570361588,36.726981201521312]]},"properties":{"FID":1728,"Source_id":1,"Shape_Leng":125.63629865,"Region":"ASIA","Segment":"Blasting Solutions","Method":"Road","Product_tr":"Initiating System","Segment_id":1204,"Shape_Le_1":0.00074167584374100004,"Road":"Road_1","Length":70.781674174700001,"ID":"Road_1_1204"}},{"type":"Feature","id":1729,"geometry":{"type":"LineString","coordinates":[[121.12397570361588,36.726981201521312],[121.12334078405001,36.726600997837807]]},"properties":{"FID":1729,"Source_id":1,"Shape_Leng":125.63629865,"Region":"ASIA","Segment":"Blasting Solutions","Method":"Road","Product_tr":"Initiating System","Segment_id":1205,"Shape_Le_1":0.00074005249548499998,"Road":"Road_1","Length":70.689287326200002,"ID":"Road_1_1205"}},{"type":"Feature","id":1730,"geometry":{"type":"LineString","coordinates":[[121.12334078405001,36.726600997837807],[121.12270729170825,36.726218194214368]]},"properties":{"FID":1730,"Source_id":1,"Shape_Leng":125.63629865,"Region":"ASIA","Segment":"Blasting Solutions","Method":"Road","Product_tr":"Initiating System","Segment_id":1206,"Shape_Le_1":0.00074016968405199999,"Road":"Road_1","Length":70.760095121999996,"ID":"Road_1_1206"}},{"type":"Feature","id":1731,"geometry":{"type":"LineString","coordinates":[[121.12270729170825,36.726218194214368],[121.12207463393725,36.725834260143017]]},"properties":{"FID":1731,"Source_id":1,"Shape_Leng":125.63629865,"Region":"ASIA","Segment":"Blasting Solutions","Method":"Road","Product_tr":"Initiating System","Segment_id":1207,"Shape_Le_1":0.00074004136800600001,"Road":"Road_1","Length":70.776157326499998,"ID":"Road_1_1207"}},{"type":"Feature","id":1732,"geometry":{"type":"LineString","coordinates":[[121.12207463393725,36.725834260143017],[121.1214386279903,36.72545391526603]]},"properties":{"FID":1732,"Source_id":1,"Shape_Leng":125.63629865,"Region":"ASIA","Segment":"Blasting Solutions","Method":"Road","Product_tr":"Initiating System","Segment_id":1208,"Shape_Le_1":0.00074105721101599996,"Road":"Road_1","Length":70.777190738000002,"ID":"Road_1_1208"}},{"type":"Feature","id":1733,"geometry":{"type":"LineString","coordinates":[[121.1214386279903,36.72545391526603],[121.12079957783828,36.725076891585331]]},"properties":{"FID":1733,"Source_id":1,"Shape_Leng":125.63629865,"Region":"ASIA","Segment":"Blasting Solutions","Method":"Road","Product_tr":"Initiating System","Segment_id":1209,"Shape_Le_1":0.00074197840440300004,"Road":"Road_1","Length":70.777399949100001,"ID":"Road_1_1209"}},{"type":"Feature","id":1734,"geometry":{"type":"LineString","coordinates":[[121.12079957783828,36.725076891585331],[121.12015684586186,36.724704046154841]]},"properties":{"FID":1734,"Source_id":1,"Shape_Leng":125.63629865,"Region":"ASIA","Segment":"Blasting Solutions","Method":"Road","Product_tr":"Initiating System","Segment_id":1210,"Shape_Le_1":0.00074304650497799998,"Road":"Road_1","Length":70.771095114999994,"ID":"Road_1_1210"}},{"type":"Feature","id":1735,"geometry":{"type":"LineString","coordinates":[[121.12015684586186,36.724704046154841],[121.11951147257651,36.724335128063785]]},"properties":{"FID":1735,"Source_id":1,"Shape_Leng":125.63629865,"Region":"ASIA","Segment":"Blasting Solutions","Method":"Road","Product_tr":"Initiating System","Segment_id":1211,"Shape_Le_1":0.00074337556817100005,"Road":"Road_1","Length":70.709652492000004,"ID":"Road_1_1211"}},{"type":"Feature","id":1736,"geometry":{"type":"LineString","coordinates":[[121.11951147257651,36.724335128063785],[121.11886541940362,36.723965955464507]]},"properties":{"FID":1736,"Source_id":1,"Shape_Leng":125.63629865,"Region":"ASIA","Segment":"Blasting Solutions","Method":"Road","Product_tr":"Initiating System","Segment_id":1212,"Shape_Le_1":0.00074409213828299998,"Road":"Road_1","Length":70.775749765399993,"ID":"Road_1_1212"}},{"type":"Feature","id":1737,"geometry":{"type":"LineString","coordinates":[[121.11886541940362,36.723965955464507],[121.11820875513001,36.72360933110582]]},"properties":{"FID":1737,"Source_id":1,"Shape_Leng":125.63629865,"Region":"ASIA","Segment":"Blasting Solutions","Method":"Road","Product_tr":"Initiating System","Segment_id":1213,"Shape_Le_1":0.00074725424150000005,"Road":"Road_1","Length":70.762944771400001,"ID":"Road_1_1213"}},{"type":"Feature","id":1738,"geometry":{"type":"LineString","coordinates":[[121.11820875513001,36.72360933110582],[121.11754658520681,36.723259209744811]]},"properties":{"FID":1738,"Source_id":1,"Shape_Leng":125.63629865,"Region":"ASIA","Segment":"Blasting Solutions","Method":"Road","Product_tr":"Initiating System","Segment_id":1214,"Shape_Le_1":0.00074903536273599998,"Road":"Road_1","Length":70.772683970100005,"ID":"Road_1_1214"}},{"type":"Feature","id":1739,"geometry":{"type":"LineString","coordinates":[[121.11754658520681,36.723259209744811],[121.11688206265717,36.722911979704179]]},"properties":{"FID":1739,"Source_id":1,"Shape_Leng":125.63629865,"Region":"ASIA","Segment":"Blasting Solutions","Method":"Road","Product_tr":"Initiating System","Segment_id":1215,"Shape_Le_1":0.00074977257891899998,"Road":"Road_1","Length":70.773461600999994,"ID":"Road_1_1215"}},{"type":"Feature","id":1740,"geometry":{"type":"LineString","coordinates":[[121.11688206265717,36.722911979704179],[121.11621257045385,36.722571667248701]]},"properties":{"FID":1740,"Source_id":1,"Shape_Leng":125.63629865,"Region":"ASIA","Segment":"Blasting Solutions","Method":"Road","Product_tr":"Initiating System","Segment_id":1216,"Shape_Le_1":0.00075102089029100002,"Road":"Road_1","Length":70.733659045300001,"ID":"Road_1_1216"}},{"type":"Feature","id":1741,"geometry":{"type":"LineString","coordinates":[[121.11621257045385,36.722571667248701],[121.11553191676455,36.722245369827988]]},"properties":{"FID":1741,"Source_id":1,"Shape_Leng":125.63629865,"Region":"ASIA","Segment":"Blasting Solutions","Method":"Road","Product_tr":"Initiating System","Segment_id":1217,"Shape_Le_1":0.000754824119595,"Road":"Road_1","Length":70.770710370499998,"ID":"Road_1_1217"}},{"type":"Feature","id":1742,"geometry":{"type":"LineString","coordinates":[[121.11553191676455,36.722245369827988],[121.11484887897268,36.721922311765354]]},"properties":{"FID":1742,"Source_id":1,"Shape_Leng":125.63629865,"Region":"ASIA","Segment":"Blasting Solutions","Method":"Road","Product_tr":"Initiating System","Segment_id":1218,"Shape_Le_1":0.00075558397082000001,"Road":"Road_1","Length":70.771228064100001,"ID":"Road_1_1218"}},{"type":"Feature","id":1743,"geometry":{"type":"LineString","coordinates":[[121.11484887897268,36.721922311765354],[121.11416255146059,36.72160390589562]]},"properties":{"FID":1743,"Source_id":1,"Shape_Leng":125.63629865,"Region":"ASIA","Segment":"Blasting Solutions","Method":"Road","Product_tr":"Initiating System","Segment_id":1219,"Shape_Le_1":0.00075658955301099995,"Road":"Road_1","Length":70.765804884100007,"ID":"Road_1_1219"}},{"type":"Feature","id":1744,"geometry":{"type":"LineString","coordinates":[[121.11416255146059,36.72160390589562],[121.11347067872896,36.721293306141206]]},"properties":{"FID":1744,"Source_id":1,"Shape_Leng":125.63629865,"Region":"ASIA","Segment":"Blasting Solutions","Method":"Road","Product_tr":"Initiating System","Segment_id":1220,"Shape_Le_1":0.00075839309346999997,"Road":"Road_1","Length":70.769733109200004,"ID":"Road_1_1220"}},{"type":"Feature","id":1745,"geometry":{"type":"LineString","coordinates":[[121.11347067872896,36.721293306141206],[121.1127721968794,36.720992522486995]]},"properties":{"FID":1745,"Source_id":1,"Shape_Leng":125.63629865,"Region":"ASIA","Segment":"Blasting Solutions","Method":"Road","Product_tr":"Initiating System","Segment_id":1221,"Shape_Le_1":0.00076049174932899997,"Road":"Road_1","Length":70.765917173000005,"ID":"Road_1_1221"}},{"type":"Feature","id":1746,"geometry":{"type":"LineString","coordinates":[[121.1127721968794,36.720992522486995],[121.1120701186411,36.720697204012822]]},"properties":{"FID":1746,"Source_id":1,"Shape_Leng":125.63629865,"Region":"ASIA","Segment":"Blasting Solutions","Method":"Road","Product_tr":"Initiating System","Segment_id":1222,"Shape_Le_1":0.00076166058969200003,"Road":"Road_1","Length":70.766694952500004,"ID":"Road_1_1222"}},{"type":"Feature","id":1747,"geometry":{"type":"LineString","coordinates":[[121.1120701186411,36.720697204012822],[121.11136473719296,36.720407017969535]]},"properties":{"FID":1747,"Source_id":1,"Shape_Leng":125.63629865,"Region":"ASIA","Segment":"Blasting Solutions","Method":"Road","Product_tr":"Initiating System","Segment_id":1223,"Shape_Le_1":0.00076273909503999998,"Road":"Road_1","Length":70.767595516399993,"ID":"Road_1_1223"}},{"type":"Feature","id":1748,"geometry":{"type":"LineString","coordinates":[[121.11136473719296,36.720407017969535],[121.11065793301725,36.720119196243957]]},"properties":{"FID":1748,"Source_id":1,"Shape_Leng":125.63629865,"Region":"ASIA","Segment":"Blasting Solutions","Method":"Road","Product_tr":"Initiating System","Segment_id":1224,"Shape_Le_1":0.00076316019845799996,"Road":"Road_1","Length":70.762192947200006,"ID":"Road_1_1224"}},{"type":"Feature","id":1749,"geometry":{"type":"LineString","coordinates":[[121.11065793301725,36.720119196243957],[121.10994466721263,36.719841820143927]]},"properties":{"FID":1749,"Source_id":1,"Shape_Leng":125.63629865,"Region":"ASIA","Segment":"Blasting Solutions","Method":"Road","Product_tr":"Initiating System","Segment_id":1225,"Shape_Le_1":0.00076530099236100002,"Road":"Road_1","Length":70.7661379213,"ID":"Road_1_1225"}},{"type":"Feature","id":1750,"geometry":{"type":"LineString","coordinates":[[121.10994466721263,36.719841820143927],[121.10923141579724,36.719564439547298]]},"properties":{"FID":1750,"Source_id":1,"Shape_Leng":125.63629865,"Region":"ASIA","Segment":"Blasting Solutions","Method":"Road","Product_tr":"Initiating System","Segment_id":1226,"Shape_Le_1":0.00076528921130700005,"Road":"Road_1","Length":70.765403137199996,"ID":"Road_1_1226"}},{"type":"Feature","id":1751,"geometry":{"type":"LineString","coordinates":[[121.10923141579724,36.719564439547298],[121.10851253192789,36.719296671803988]]},"properties":{"FID":1751,"Source_id":1,"Shape_Leng":125.63629865,"Region":"ASIA","Segment":"Blasting Solutions","Method":"Road","Product_tr":"Initiating System","Segment_id":1227,"Shape_Le_1":0.00076713335344900002,"Road":"Road_1","Length":70.764508182900002,"ID":"Road_1_1227"}},{"type":"Feature","id":1752,"geometry":{"type":"LineString","coordinates":[[121.10851253192789,36.719296671803988],[121.10779356981743,36.719029056046168]]},"properties":{"FID":1752,"Source_id":1,"Shape_Leng":125.63629865,"Region":"ASIA","Segment":"Blasting Solutions","Method":"Road","Product_tr":"Initiating System","Segment_id":1228,"Shape_Le_1":0.00076715364178399999,"Road":"Road_1","Length":70.763973728899998,"ID":"Road_1_1228"}},{"type":"Feature","id":1753,"geometry":{"type":"LineString","coordinates":[[121.10779356981743,36.719029056046168],[121.10707496024133,36.718760846735734]]},"properties":{"FID":1753,"Source_id":1,"Shape_Leng":125.63629865,"Region":"ASIA","Segment":"Blasting Solutions","Method":"Road","Product_tr":"Initiating System","Segment_id":1229,"Shape_Le_1":0.00076703061025100005,"Road":"Road_1","Length":70.763269385699999,"ID":"Road_1_1229"}},{"type":"Feature","id":1754,"geometry":{"type":"LineString","coordinates":[[121.10707496024133,36.718760846735734],[121.10635673107834,36.71849199710806]]},"properties":{"FID":1754,"Source_id":1,"Shape_Leng":125.63629865,"Region":"ASIA","Segment":"Blasting Solutions","Method":"Road","Product_tr":"Initiating System","Segment_id":1230,"Shape_Le_1":0.00076689846321500001,"Road":"Road_1","Length":70.762569771399995,"ID":"Road_1_1230"}},{"type":"Feature","id":1755,"geometry":{"type":"LineString","coordinates":[[121.10635673107834,36.71849199710806],[121.10563851630457,36.718223142084412]]},"properties":{"FID":1755,"Source_id":1,"Shape_Leng":125.63629865,"Region":"ASIA","Segment":"Blasting Solutions","Method":"Road","Product_tr":"Initiating System","Segment_id":1231,"Shape_Le_1":0.00076688687888199999,"Road":"Road_1","Length":70.761858765499994,"ID":"Road_1_1231"}},{"type":"Feature","id":1756,"geometry":{"type":"LineString","coordinates":[[121.10563851630457,36.718223142084412],[121.10492031502054,36.717954284362804]]},"properties":{"FID":1756,"Source_id":1,"Shape_Leng":125.63629865,"Region":"ASIA","Segment":"Blasting Solutions","Method":"Road","Product_tr":"Initiating System","Segment_id":1232,"Shape_Le_1":0.00076687519118200001,"Road":"Road_1","Length":70.761094388800004,"ID":"Road_1_1232"}},{"type":"Feature","id":1757,"geometry":{"type":"LineString","coordinates":[[121.10492031502054,36.717954284362804],[121.10420212812573,36.717685421245221]]},"properties":{"FID":1757,"Source_id":1,"Shape_Leng":125.63629865,"Region":"ASIA","Segment":"Blasting Solutions","Method":"Road","Product_tr":"Initiating System","Segment_id":1233,"Shape_Le_1":0.00076686360707799996,"Road":"Road_1","Length":70.760383394599998,"ID":"Road_1_1233"}},{"type":"Feature","id":1758,"geometry":{"type":"LineString","coordinates":[[121.10420212812573,36.717685421245221],[121.10348362556897,36.717417127398562]]},"properties":{"FID":1758,"Source_id":1,"Shape_Leng":125.63629865,"Region":"ASIA","Segment":"Blasting Solutions","Method":"Road","Product_tr":"Initiating System","Segment_id":1234,"Shape_Le_1":0.00076695991566299996,"Road":"Road_1","Length":70.759553619200005,"ID":"Road_1_1234"}},{"type":"Feature","id":1759,"geometry":{"type":"LineString","coordinates":[[121.10348362556897,36.717417127398562],[121.10276343498458,36.717151801314628]]},"properties":{"FID":1759,"Source_id":1,"Shape_Leng":125.63629865,"Region":"ASIA","Segment":"Blasting Solutions","Method":"Road","Product_tr":"Initiating System","Segment_id":1235,"Shape_Le_1":0.000767510526741,"Road":"Road_1","Length":70.7589161569,"ID":"Road_1_1235"}},{"type":"Feature","id":1760,"geometry":{"type":"LineString","coordinates":[[121.10276343498458,36.717151801314628],[121.10204325699078,36.716886470734096]]},"properties":{"FID":1760,"Source_id":1,"Shape_Leng":125.63629865,"Region":"ASIA","Segment":"Blasting Solutions","Method":"Road","Product_tr":"Initiating System","Segment_id":1236,"Shape_Le_1":0.00076750026691699996,"Road":"Road_1","Length":70.758301619899996,"ID":"Road_1_1236"}},{"type":"Feature","id":1761,"geometry":{"type":"LineString","coordinates":[[121.10204325699078,36.716886470734096],[121.10132338746439,36.716620621244715]]},"properties":{"FID":1761,"Source_id":1,"Shape_Leng":125.63629865,"Region":"ASIA","Segment":"Blasting Solutions","Method":"Road","Product_tr":"Initiating System","Segment_id":1237,"Shape_Le_1":0.00076739043910699996,"Road":"Road_1","Length":70.757434258499998,"ID":"Road_1_1237"}},{"type":"Feature","id":1762,"geometry":{"type":"LineString","coordinates":[[121.10132338746439,36.716620621244715],[121.10060437139464,36.716353296867226]]},"properties":{"FID":1762,"Source_id":1,"Shape_Leng":125.63629865,"Region":"ASIA","Segment":"Blasting Solutions","Method":"Road","Product_tr":"Initiating System","Segment_id":1238,"Shape_Le_1":0.00076710262114100005,"Road":"Road_1","Length":70.756803023900005,"ID":"Road_1_1238"}},{"type":"Feature","id":1763,"geometry":{"type":"LineString","coordinates":[[121.10060437139464,36.716353296867226],[121.09988600913209,36.716084882511382]]},"properties":{"FID":1763,"Source_id":1,"Shape_Leng":125.63629865,"Region":"ASIA","Segment":"Blasting Solutions","Method":"Road","Product_tr":"Initiating System","Segment_id":1239,"Shape_Le_1":0.00076687065837300001,"Road":"Road_1","Length":70.754814763400006,"ID":"Road_1_1239"}},{"type":"Feature","id":1764,"geometry":{"type":"LineString","coordinates":[[121.09988600913209,36.716084882511382],[121.09917414626989,36.715805461353]]},"properties":{"FID":1764,"Source_id":1,"Shape_Leng":125.63629865,"Region":"ASIA","Segment":"Blasting Solutions","Method":"Road","Product_tr":"Initiating System","Segment_id":1240,"Shape_Le_1":0.00076473846400999996,"Road":"Road_1","Length":70.755449315099995,"ID":"Road_1_1240"}},{"type":"Feature","id":1765,"geometry":{"type":"LineString","coordinates":[[121.09917414626989,36.715805461353],[121.09846103964537,36.71552813111839]]},"properties":{"FID":1765,"Source_id":1,"Shape_Leng":125.63629865,"Region":"ASIA","Segment":"Blasting Solutions","Method":"Road","Product_tr":"Initiating System","Segment_id":1241,"Shape_Le_1":0.00076513601206499996,"Road":"Road_1","Length":70.754316841999994,"ID":"Road_1_1241"}},{"type":"Feature","id":1766,"geometry":{"type":"LineString","coordinates":[[121.09846103964537,36.71552813111839],[121.0977517065761,36.715244832083386]]},"properties":{"FID":1766,"Source_id":1,"Shape_Leng":125.63629865,"Region":"ASIA","Segment":"Blasting Solutions","Method":"Road","Product_tr":"Initiating System","Segment_id":1242,"Shape_Le_1":0.00076381394749599997,"Road":"Road_1","Length":70.742963301000003,"ID":"Road_1_1242"}},{"type":"Feature","id":1767,"geometry":{"type":"LineString","coordinates":[[121.0977517065761,36.715244832083386],[121.09705085501298,36.714947972171217]]},"properties":{"FID":1767,"Source_id":1,"Shape_Leng":125.63629865,"Region":"ASIA","Segment":"Blasting Solutions","Method":"Road","Product_tr":"Initiating System","Segment_id":1243,"Shape_Le_1":0.00076112989757800003,"Road":"Road_1","Length":70.753188283100002,"ID":"Road_1_1243"}},{"type":"Feature","id":1768,"geometry":{"type":"LineString","coordinates":[[121.09705085501298,36.714947972171217],[121.09635001693982,36.714651108661769]]},"properties":{"FID":1768,"Source_id":1,"Shape_Leng":125.63629865,"Region":"ASIA","Segment":"Blasting Solutions","Method":"Road","Product_tr":"Initiating System","Segment_id":1244,"Shape_Le_1":0.00076111887903899998,"Road":"Road_1","Length":70.752519970899996,"ID":"Road_1_1244"}},{"type":"Feature","id":1769,"geometry":{"type":"LineString","coordinates":[[121.09635001693982,36.714651108661769],[121.09565041453504,36.714352453702816]]},"properties":{"FID":1769,"Source_id":1,"Shape_Leng":125.63629865,"Region":"ASIA","Segment":"Blasting Solutions","Method":"Road","Product_tr":"Initiating System","Segment_id":1245,"Shape_Le_1":0.000760682791498,"Road":"Road_1","Length":70.747961984499995,"ID":"Road_1_1245"}},{"type":"Feature","id":1770,"geometry":{"type":"LineString","coordinates":[[121.09565041453504,36.714352453702816],[121.09496368502607,36.714034972336151]]},"properties":{"FID":1770,"Source_id":1,"Shape_Leng":125.63629865,"Region":"ASIA","Segment":"Blasting Solutions","Method":"Road","Product_tr":"Initiating System","Segment_id":1246,"Shape_Le_1":0.00075656581780400003,"Road":"Road_1","Length":70.750971657099996,"ID":"Road_1_1246"}},{"type":"Feature","id":1771,"geometry":{"type":"LineString","coordinates":[[121.09496368502607,36.714034972336151],[121.09427696810769,36.713717489170847]]},"properties":{"FID":1771,"Source_id":1,"Shape_Leng":125.63629865,"Region":"ASIA","Segment":"Blasting Solutions","Method":"Road","Product_tr":"Initiating System","Segment_id":1247,"Shape_Le_1":0.00075655514421700001,"Road":"Road_1","Length":70.750313528299998,"ID":"Road_1_1247"}},{"type":"Feature","id":1772,"geometry":{"type":"LineString","coordinates":[[121.09427696810769,36.713717489170847],[121.09359026647769,36.713400002408264]]},"properties":{"FID":1772,"Source_id":1,"Shape_Leng":125.63629865,"Region":"ASIA","Segment":"Blasting Solutions","Method":"Road","Product_tr":"Initiating System","Segment_id":1248,"Shape_Le_1":0.000756542776757,"Road":"Road_1","Length":70.749545781199998,"ID":"Road_1_1248"}},{"type":"Feature","id":1773,"geometry":{"type":"LineString","coordinates":[[121.09359026647769,36.713400002408264],[121.0929035792368,36.713082513846985]]},"properties":{"FID":1773,"Source_id":1,"Shape_Leng":125.63629865,"Region":"ASIA","Segment":"Blasting Solutions","Method":"Road","Product_tr":"Initiating System","Segment_id":1249,"Shape_Le_1":0.00075653047086000002,"Road":"Road_1","Length":70.748748305899994,"ID":"Road_1_1249"}},{"type":"Feature","id":1774,"geometry":{"type":"LineString","coordinates":[[121.0929035792368,36.713082513846985],[121.09222593467916,36.712752747741149]]},"properties":{"FID":1774,"Source_id":1,"Shape_Leng":125.63629865,"Region":"ASIA","Segment":"Blasting Solutions","Method":"Road","Product_tr":"Initiating System","Segment_id":1250,"Shape_Le_1":0.00075362313596200005,"Road":"Road_1","Length":70.744586586099999,"ID":"Road_1_1250"}},{"type":"Feature","id":1775,"geometry":{"type":"LineString","coordinates":[[121.09222593467916,36.712752747741149],[121.09155941923188,36.712409070022602]]},"properties":{"FID":1775,"Source_id":1,"Shape_Leng":125.63629865,"Region":"ASIA","Segment":"Blasting Solutions","Method":"Road","Product_tr":"Initiating System","Segment_id":1251,"Shape_Le_1":0.00074990480441599998,"Road":"Road_1","Length":70.716247567899998,"ID":"Road_1_1251"}},{"type":"Feature","id":1776,"geometry":{"type":"LineString","coordinates":[[121.09155941923188,36.712409070022602],[121.09088932538214,36.712069664983119]]},"properties":{"FID":1776,"Source_id":1,"Shape_Leng":125.63629865,"Region":"ASIA","Segment":"Blasting Solutions","Method":"Road","Product_tr":"Initiating System","Segment_id":1252,"Shape_Le_1":0.00075114682206500001,"Road":"Road_1","Length":70.732295032099998,"ID":"Road_1_1252"}},{"type":"Feature","id":1777,"geometry":{"type":"LineString","coordinates":[[121.09088932538214,36.712069664983119],[121.09022826342368,36.711718925787864]]},"properties":{"FID":1777,"Source_id":1,"Shape_Leng":125.63629865,"Region":"ASIA","Segment":"Blasting Solutions","Method":"Road","Product_tr":"Initiating System","Segment_id":1253,"Shape_Le_1":0.00074834543895399997,"Road":"Road_1","Length":70.735018766799996,"ID":"Road_1_1253"}},{"type":"Feature","id":1778,"geometry":{"type":"LineString","coordinates":[[121.09022826342368,36.711718925787864],[121.08957209647508,36.711362120665399]]},"properties":{"FID":1778,"Source_id":1,"Shape_Leng":125.63629865,"Region":"ASIA","Segment":"Blasting Solutions","Method":"Road","Product_tr":"Initiating System","Segment_id":1254,"Shape_Le_1":0.00074690358136399995,"Road":"Road_1","Length":70.745011814500003,"ID":"Road_1_1254"}},{"type":"Feature","id":1779,"geometry":{"type":"LineString","coordinates":[[121.08957209647508,36.711362120665399],[121.08891594391571,36.711005313744295]]},"properties":{"FID":1779,"Source_id":1,"Shape_Leng":125.63629865,"Region":"ASIA","Segment":"Blasting Solutions","Method":"Road","Product_tr":"Initiating System","Segment_id":1255,"Shape_Le_1":0.00074689179947199996,"Road":"Road_1","Length":70.744281430300006,"ID":"Road_1_1255"}},{"type":"Feature","id":1780,"geometry":{"type":"LineString","coordinates":[[121.08891594391571,36.711005313744295],[121.08826592922935,36.710641466930213]]},"properties":{"FID":1780,"Source_id":1,"Shape_Leng":125.63629865,"Region":"ASIA","Segment":"Blasting Solutions","Method":"Road","Product_tr":"Initiating System","Segment_id":1256,"Shape_Le_1":0.00074491851675099997,"Road":"Road_1","Length":70.733740424299995,"ID":"Road_1_1256"}},{"type":"Feature","id":1781,"geometry":{"type":"LineString","coordinates":[[121.08826592922935,36.710641466930213],[121.08762034370397,36.710272509268918]]},"properties":{"FID":1781,"Source_id":1,"Shape_Leng":125.63629865,"Region":"ASIA","Segment":"Blasting Solutions","Method":"Road","Product_tr":"Initiating System","Segment_id":1257,"Shape_Le_1":0.00074357946878800003,"Road":"Road_1","Length":70.736170229999999,"ID":"Road_1_1257"}},{"type":"Feature","id":1782,"geometry":{"type":"LineString","coordinates":[[121.08762034370397,36.710272509268918],[121.08697219780879,36.709906570631802]]},"properties":{"FID":1782,"Source_id":1,"Shape_Leng":125.63629865,"Region":"ASIA","Segment":"Blasting Solutions","Method":"Road","Product_tr":"Initiating System","Segment_id":1258,"Shape_Le_1":0.000744314575686,"Road":"Road_1","Length":70.730179817800007,"ID":"Road_1_1258"}},{"type":"Feature","id":1783,"geometry":{"type":"LineString","coordinates":[[121.08697219780879,36.709906570631802],[121.08633939974357,36.709523452245548]]},"properties":{"FID":1783,"Source_id":1,"Shape_Leng":125.63629865,"Region":"ASIA","Segment":"Blasting Solutions","Method":"Road","Product_tr":"Initiating System","Segment_id":1259,"Shape_Le_1":0.00073973852761499996,"Road":"Road_1","Length":70.741201238299993,"ID":"Road_1_1259"}},{"type":"Feature","id":1784,"geometry":{"type":"LineString","coordinates":[[121.08633939974357,36.709523452245548],[121.08570661516819,36.709140332960033]]},"properties":{"FID":1784,"Source_id":1,"Shape_Leng":125.63629865,"Region":"ASIA","Segment":"Blasting Solutions","Method":"Road","Product_tr":"Initiating System","Segment_id":1260,"Shape_Le_1":0.00073972745370500003,"Road":"Road_1","Length":70.740520560500002,"ID":"Road_1_1260"}},{"type":"Feature","id":1785,"geometry":{"type":"LineString","coordinates":[[121.08570661516819,36.709140332960033],[121.08507198968061,36.70875920927017]]},"properties":{"FID":1785,"Source_id":1,"Shape_Leng":125.63629865,"Region":"ASIA","Segment":"Blasting Solutions","Method":"Road","Product_tr":"Initiating System","Segment_id":1261,"Shape_Le_1":0.00074027344708399998,"Road":"Road_1","Length":70.739648289599998,"ID":"Road_1_1261"}},{"type":"Feature","id":1786,"geometry":{"type":"LineString","coordinates":[[121.08507198968061,36.70875920927017],[121.08443716094632,36.708378320303268]]},"properties":{"FID":1786,"Source_id":1,"Shape_Leng":125.63629865,"Region":"ASIA","Segment":"Blasting Solutions","Method":"Road","Product_tr":"Initiating System","Segment_id":1262,"Shape_Le_1":0.00074032690548800004,"Road":"Road_1","Length":70.738861574200001,"ID":"Road_1_1262"}},{"type":"Feature","id":1787,"geometry":{"type":"LineString","coordinates":[[121.08443716094632,36.708378320303268],[121.08380234570177,36.707997430437104]]},"properties":{"FID":1787,"Source_id":1,"Shape_Leng":125.63629865,"Region":"ASIA","Segment":"Blasting Solutions","Method":"Road","Product_tr":"Initiating System","Segment_id":1263,"Shape_Le_1":0.00074031580076600002,"Road":"Road_1","Length":70.738177571999998,"ID":"Road_1_1263"}},{"type":"Feature","id":1788,"geometry":{"type":"LineString","coordinates":[[121.08380234570177,36.707997430437104],[121.08316754394707,36.707616539671619]]},"properties":{"FID":1788,"Source_id":1,"Shape_Leng":125.63629865,"Region":"ASIA","Segment":"Blasting Solutions","Method":"Road","Product_tr":"Initiating System","Segment_id":1264,"Shape_Le_1":0.00074030469605499999,"Road":"Road_1","Length":70.737493553099995,"ID":"Road_1_1264"}},{"type":"Feature","id":1789,"geometry":{"type":"LineString","coordinates":[[121.08316754394707,36.707616539671619],[121.08253237436963,36.70723606439293]]},"properties":{"FID":1789,"Source_id":1,"Shape_Leng":125.63629865,"Region":"ASIA","Segment":"Blasting Solutions","Method":"Road","Product_tr":"Initiating System","Segment_id":1265,"Shape_Le_1":0.00074040653008600004,"Road":"Road_1","Length":70.736541068400001,"ID":"Road_1_1265"}},{"type":"Feature","id":1790,"geometry":{"type":"LineString","coordinates":[[121.08253237436963,36.70723606439293],[121.08189605455937,36.706856850863005]]},"properties":{"FID":1790,"Source_id":1,"Shape_Leng":125.63629865,"Region":"ASIA","Segment":"Blasting Solutions","Method":"Road","Product_tr":"Initiating System","Segment_id":1266,"Shape_Le_1":0.00074074678684299996,"Road":"Road_1","Length":70.735859793000003,"ID":"Road_1_1266"}},{"type":"Feature","id":1791,"geometry":{"type":"LineString","coordinates":[[121.08189605455937,36.706856850863005],[121.08125974913821,36.706477636433817]]},"properties":{"FID":1791,"Source_id":1,"Shape_Leng":125.63629865,"Region":"ASIA","Segment":"Blasting Solutions","Method":"Road","Product_tr":"Initiating System","Segment_id":1267,"Shape_Le_1":0.00074073488664499999,"Road":"Road_1","Length":70.735108677400007,"ID":"Road_1_1267"}},{"type":"Feature","id":1792,"geometry":{"type":"LineString","coordinates":[[121.08125974913821,36.706477636433817],[121.08062353005198,36.706098342864266]]},"properties":{"FID":1792,"Source_id":1,"Shape_Leng":125.63629865,"Region":"ASIA","Segment":"Blasting Solutions","Method":"Road","Product_tr":"Initiating System","Segment_id":1268,"Shape_Le_1":0.00074070124718999999,"Road":"Road_1","Length":70.734356864099993,"ID":"Road_1_1268"}},{"type":"Feature","id":1793,"geometry":{"type":"LineString","coordinates":[[121.08062353005198,36.706098342864266],[121.07998778670708,36.705718548372374]]},"properties":{"FID":1793,"Source_id":1,"Shape_Leng":125.63629865,"Region":"ASIA","Segment":"Blasting Solutions","Method":"Road","Product_tr":"Initiating System","Segment_id":1269,"Shape_Le_1":0.00074054942890899996,"Road":"Road_1","Length":70.733528876299999,"ID":"Road_1_1269"}},{"type":"Feature","id":1794,"geometry":{"type":"LineString","coordinates":[[121.07998778670708,36.705718548372374],[121.07935295797267,36.705337777216698]]},"properties":{"FID":1794,"Source_id":1,"Shape_Leng":125.63629865,"Region":"ASIA","Segment":"Blasting Solutions","Method":"Road","Product_tr":"Initiating System","Segment_id":1270,"Shape_Le_1":0.00074026630007199997,"Road":"Road_1","Length":70.732829624100006,"ID":"Road_1_1270"}},{"type":"Feature","id":1795,"geometry":{"type":"LineString","coordinates":[[121.07935295797267,36.705337777216698],[121.07871409487962,36.704961451409929]]},"properties":{"FID":1795,"Source_id":1,"Shape_Leng":125.63629865,"Region":"ASIA","Segment":"Blasting Solutions","Method":"Road","Product_tr":"Initiating System","Segment_id":1271,"Shape_Le_1":0.00074146285443900005,"Road":"Road_1","Length":70.730086780299999,"ID":"Road_1_1271"}},{"type":"Feature","id":1796,"geometry":{"type":"LineString","coordinates":[[121.07871409487962,36.704961451409929],[121.07806778629936,36.704593449727952]]},"properties":{"FID":1796,"Source_id":1,"Shape_Leng":125.63629865,"Region":"ASIA","Segment":"Blasting Solutions","Method":"Road","Product_tr":"Initiating System","Segment_id":1272,"Shape_Le_1":0.00074373383602799998,"Road":"Road_1","Length":70.731000683800005,"ID":"Road_1_1272"}},{"type":"Feature","id":1797,"geometry":{"type":"LineString","coordinates":[[121.07806778629936,36.704593449727952],[121.07742107392346,36.70422591929082]]},"properties":{"FID":1797,"Source_id":1,"Shape_Leng":125.63629865,"Region":"ASIA","Segment":"Blasting Solutions","Method":"Road","Product_tr":"Initiating System","Segment_id":1273,"Shape_Le_1":0.00074385181276600003,"Road":"Road_1","Length":70.730518665800005,"ID":"Road_1_1273"}},{"type":"Feature","id":1798,"geometry":{"type":"LineString","coordinates":[[121.07742107392346,36.70422591929082],[121.07677438582925,36.703858376263099]]},"properties":{"FID":1798,"Source_id":1,"Shape_Leng":125.63629865,"Region":"ASIA","Segment":"Blasting Solutions","Method":"Road","Product_tr":"Initiating System","Segment_id":1274,"Shape_Le_1":0.00074383692326699996,"Road":"Road_1","Length":70.729775067899993,"ID":"Road_1_1274"}},{"type":"Feature","id":1799,"geometry":{"type":"LineString","coordinates":[[121.07677438582925,36.703858376263099],[121.07612671027948,36.703491986166284]]},"properties":{"FID":1799,"Source_id":1,"Shape_Leng":125.63629865,"Region":"ASIA","Segment":"Blasting Solutions","Method":"Road","Product_tr":"Initiating System","Segment_id":1275,"Shape_Le_1":0.00074412722085400004,"Road":"Road_1","Length":70.728476048499999,"ID":"Road_1_1275"}},{"type":"Feature","id":1800,"geometry":{"type":"LineString","coordinates":[[121.07612671027948,36.703491986166284],[121.07547140038491,36.703134543424483]]},"properties":{"FID":1800,"Source_id":1,"Shape_Leng":125.63629865,"Region":"ASIA","Segment":"Blasting Solutions","Method":"Road","Product_tr":"Initiating System","Segment_id":1276,"Shape_Le_1":0.00074645587383699997,"Road":"Road_1","Length":70.726366353800003,"ID":"Road_1_1276"}},{"type":"Feature","id":1801,"geometry":{"type":"LineString","coordinates":[[121.07547140038491,36.703134543424483],[121.07481193742103,36.702782073034314]]},"properties":{"FID":1801,"Source_id":1,"Shape_Leng":125.63629865,"Region":"ASIA","Segment":"Blasting Solutions","Method":"Road","Product_tr":"Initiating System","Segment_id":1277,"Shape_Le_1":0.00074774780285699995,"Road":"Road_1","Length":70.727494927600006,"ID":"Road_1_1277"}},{"type":"Feature","id":1802,"geometry":{"type":"LineString","coordinates":[[121.07481193742103,36.702782073034314],[121.07415189079722,36.702430341886839]]},"properties":{"FID":1802,"Source_id":1,"Shape_Leng":125.63629865,"Region":"ASIA","Segment":"Blasting Solutions","Method":"Road","Product_tr":"Initiating System","Segment_id":1278,"Shape_Le_1":0.00074791466471999999,"Road":"Road_1","Length":70.725869522899998,"ID":"Road_1_1278"}},{"type":"Feature","id":1803,"geometry":{"type":"LineString","coordinates":[[121.07415189079722,36.702430341886839],[121.07348615416277,36.702085663222817]]},"properties":{"FID":1803,"Source_id":1,"Shape_Leng":125.63629865,"Region":"ASIA","Segment":"Blasting Solutions","Method":"Road","Product_tr":"Initiating System","Segment_id":1279,"Shape_Le_1":0.00074967236036399998,"Road":"Road_1","Length":70.724334924000004,"ID":"Road_1_1279"}},{"type":"Feature","id":1804,"geometry":{"type":"LineString","coordinates":[[121.07348615416277,36.702085663222817],[121.07282384034806,36.701736920522535]]},"properties":{"FID":1804,"Source_id":1,"Shape_Leng":125.63629865,"Region":"ASIA","Segment":"Blasting Solutions","Method":"Road","Product_tr":"Initiating System","Segment_id":1280,"Shape_Le_1":0.00074851924500500002,"Road":"Road_1","Length":70.713300493000006,"ID":"Road_1_1280"}},{"type":"Feature","id":1805,"geometry":{"type":"LineString","coordinates":[[121.07282384034806,36.701736920522535],[121.07214492864557,36.701409360453681]]},"properties":{"FID":1805,"Source_id":1,"Shape_Leng":125.63629865,"Region":"ASIA","Segment":"Blasting Solutions","Method":"Road","Product_tr":"Initiating System","Segment_id":1281,"Shape_Le_1":0.00075380149806900001,"Road":"Road_1","Length":70.722961864300004,"ID":"Road_1_1281"}},{"type":"Feature","id":1806,"geometry":{"type":"LineString","coordinates":[[121.07214492864557,36.701409360453681],[121.07146462659125,36.701083674571976]]},"properties":{"FID":1806,"Source_id":1,"Shape_Leng":125.63629865,"Region":"ASIA","Segment":"Blasting Solutions","Method":"Road","Product_tr":"Initiating System","Segment_id":1282,"Shape_Le_1":0.00075424278495400004,"Road":"Road_1","Length":70.723271694499999,"ID":"Road_1_1282"}},{"type":"Feature","id":1807,"geometry":{"type":"LineString","coordinates":[[121.07146462659125,36.701083674571976],[121.07078040439217,36.700763422394061]]},"properties":{"FID":1807,"Source_id":1,"Shape_Leng":125.63629865,"Region":"ASIA","Segment":"Blasting Solutions","Method":"Road","Product_tr":"Initiating System","Segment_id":1283,"Shape_Le_1":0.00075546110103600001,"Road":"Road_1","Length":70.719884695900006,"ID":"Road_1_1283"}},{"type":"Feature","id":1808,"geometry":{"type":"LineString","coordinates":[[121.07078040439217,36.700763422394061],[121.07009790529412,36.700440867052407]]},"properties":{"FID":1808,"Source_id":1,"Shape_Leng":125.63629865,"Region":"ASIA","Segment":"Blasting Solutions","Method":"Road","Product_tr":"Initiating System","Segment_id":1284,"Shape_Le_1":0.00075488208831900002,"Road":"Road_1","Length":70.716052592300002,"ID":"Road_1_1284"}},{"type":"Feature","id":1809,"geometry":{"type":"LineString","coordinates":[[121.07009790529412,36.700440867052407],[121.06940871344148,36.700127586419057]]},"properties":{"FID":1809,"Source_id":1,"Shape_Leng":125.63629865,"Region":"ASIA","Segment":"Blasting Solutions","Method":"Road","Product_tr":"Initiating System","Segment_id":1285,"Shape_Le_1":0.00075705360773300004,"Road":"Road_1","Length":70.721106685999999,"ID":"Road_1_1285"}},{"type":"Feature","id":1810,"geometry":{"type":"LineString","coordinates":[[121.06940871344148,36.700127586419057],[121.06871748462424,36.69981723937417]]},"properties":{"FID":1810,"Source_id":1,"Shape_Leng":125.63629865,"Region":"ASIA","Segment":"Blasting Solutions","Method":"Road","Product_tr":"Initiating System","Segment_id":1286,"Shape_Le_1":0.00075770216182999999,"Road":"Road_1","Length":70.720784675000004,"ID":"Road_1_1286"}},{"type":"Feature","id":1811,"geometry":{"type":"LineString","coordinates":[[121.06871748462424,36.69981723937417],[121.06801528947415,36.699523537881021]]},"properties":{"FID":1811,"Source_id":1,"Shape_Leng":125.63629865,"Region":"ASIA","Segment":"Blasting Solutions","Method":"Road","Product_tr":"Initiating System","Segment_id":1287,"Shape_Le_1":0.00076114295365500005,"Road":"Road_1","Length":70.708265317799999,"ID":"Road_1_1287"}},{"type":"Feature","id":1812,"geometry":{"type":"LineString","coordinates":[[121.06801528947415,36.699523537881021],[121.06730659852076,36.699239973546014]]},"properties":{"FID":1812,"Source_id":1,"Shape_Leng":125.63629865,"Region":"ASIA","Segment":"Blasting Solutions","Method":"Road","Product_tr":"Initiating System","Segment_id":1288,"Shape_Le_1":0.00076331618579899999,"Road":"Road_1","Length":70.716395431400002,"ID":"Road_1_1288"}},{"type":"Feature","id":1813,"geometry":{"type":"LineString","coordinates":[[121.06730659852076,36.699239973546014],[121.0665980181841,36.698956196970983]]},"properties":{"FID":1813,"Source_id":1,"Shape_Leng":125.63629865,"Region":"ASIA","Segment":"Blasting Solutions","Method":"Road","Product_tr":"Initiating System","Segment_id":1289,"Shape_Le_1":0.00076329236734199997,"Road":"Road_1","Length":70.718236038399994,"ID":"Road_1_1289"}},{"type":"Feature","id":1814,"geometry":{"type":"LineString","coordinates":[[121.0665980181841,36.698956196970983],[121.06589153866366,36.698669100998245]]},"properties":{"FID":1814,"Source_id":1,"Shape_Leng":125.63629865,"Region":"ASIA","Segment":"Blasting Solutions","Method":"Road","Product_tr":"Initiating System","Segment_id":1290,"Shape_Le_1":0.00076258600193799999,"Road":"Road_1","Length":70.7155945712,"ID":"Road_1_1290"}},{"type":"Feature","id":1815,"geometry":{"type":"LineString","coordinates":[[121.06589153866366,36.698669100998245],[121.06518695581337,36.698379005786535]]},"properties":{"FID":1815,"Source_id":1,"Shape_Leng":125.63629865,"Region":"ASIA","Segment":"Blasting Solutions","Method":"Road","Product_tr":"Initiating System","Segment_id":1291,"Shape_Le_1":0.00076196602600099995,"Road":"Road_1","Length":70.715427581399993,"ID":"Road_1_1291"}},{"type":"Feature","id":1816,"geometry":{"type":"LineString","coordinates":[[121.06518695581337,36.698379005786535],[121.06447771987098,36.698096341672908]]},"properties":{"FID":1816,"Source_id":1,"Shape_Leng":125.63629865,"Region":"ASIA","Segment":"Blasting Solutions","Method":"Road","Product_tr":"Initiating System","Segment_id":1292,"Shape_Le_1":0.00076348845644000005,"Road":"Road_1","Length":70.716481461000001,"ID":"Road_1_1292"}},{"type":"Feature","id":1817,"geometry":{"type":"LineString","coordinates":[[121.06447771987098,36.698096341672908],[121.06377022591528,36.697810927432386]]},"properties":{"FID":1817,"Source_id":1,"Shape_Leng":125.63629865,"Region":"ASIA","Segment":"Blasting Solutions","Method":"Road","Product_tr":"Initiating System","Segment_id":1293,"Shape_Le_1":0.00076289513437099998,"Road":"Road_1","Length":70.713375246699997,"ID":"Road_1_1293"}},{"type":"Feature","id":1818,"geometry":{"type":"LineString","coordinates":[[121.06377022591528,36.697810927432386],[121.0630619396569,36.697526775840061]]},"properties":{"FID":1818,"Source_id":1,"Shape_Leng":125.63629865,"Region":"ASIA","Segment":"Blasting Solutions","Method":"Road","Product_tr":"Initiating System","Segment_id":1294,"Shape_Le_1":0.00076315892920199996,"Road":"Road_1","Length":70.714300588699999,"ID":"Road_1_1294"}},{"type":"Feature","id":1819,"geometry":{"type":"LineString","coordinates":[[121.0630619396569,36.697526775840061],[121.06233869317623,36.697268326871836]]},"properties":{"FID":1819,"Source_id":1,"Shape_Leng":125.63629865,"Region":"ASIA","Segment":"Blasting Solutions","Method":"Road","Product_tr":"Initiating System","Segment_id":1295,"Shape_Le_1":0.00076803733046300001,"Road":"Road_1","Length":70.709398186000001,"ID":"Road_1_1295"}},{"type":"Feature","id":1820,"geometry":{"type":"LineString","coordinates":[[121.06233869317623,36.697268326871836],[121.06161806732007,36.697005262582877]]},"properties":{"FID":1820,"Source_id":1,"Shape_Leng":125.63629865,"Region":"ASIA","Segment":"Blasting Solutions","Method":"Road","Product_tr":"Initiating System","Segment_id":1296,"Shape_Le_1":0.00076714043348900004,"Road":"Road_1","Length":70.705523477699998,"ID":"Road_1_1296"}},{"type":"Feature","id":1821,"geometry":{"type":"LineString","coordinates":[[121.06161806732007,36.697005262582877],[121.06088807322601,36.69675935735853]]},"properties":{"FID":1821,"Source_id":1,"Shape_Leng":125.63629865,"Region":"ASIA","Segment":"Blasting Solutions","Method":"Road","Product_tr":"Initiating System","Segment_id":1297,"Shape_Le_1":0.00077029913457099997,"Road":"Road_1","Length":70.712616106699997,"ID":"Road_1_1297"}},{"type":"Feature","id":1822,"geometry":{"type":"LineString","coordinates":[[121.06088807322601,36.69675935735853],[121.06016578632205,36.696499152913646]]},"properties":{"FID":1822,"Source_id":1,"Shape_Leng":125.63629865,"Region":"ASIA","Segment":"Blasting Solutions","Method":"Road","Product_tr":"Initiating System","Segment_id":1298,"Shape_Le_1":0.00076772698583399998,"Road":"Road_1","Length":70.710939968399998,"ID":"Road_1_1298"}},{"type":"Feature","id":1823,"geometry":{"type":"LineString","coordinates":[[121.06016578632205,36.696499152913646],[121.05944311900475,36.69624012298334]]},"properties":{"FID":1823,"Source_id":1,"Shape_Leng":125.63629865,"Region":"ASIA","Segment":"Blasting Solutions","Method":"Road","Product_tr":"Initiating System","Segment_id":1299,"Shape_Le_1":0.00076768779870099995,"Road":"Road_1","Length":70.689069634299997,"ID":"Road_1_1299"}},{"type":"Feature","id":1824,"geometry":{"type":"LineString","coordinates":[[121.05944311900475,36.69624012298334],[121.05870506248868,36.696010420844289]]},"properties":{"FID":1824,"Source_id":1,"Shape_Leng":125.63629865,"Region":"ASIA","Segment":"Blasting Solutions","Method":"Road","Product_tr":"Initiating System","Segment_id":1300,"Shape_Le_1":0.00077297509248299996,"Road":"Road_1","Length":70.710529578299997,"ID":"Road_1_1300"}},{"type":"Feature","id":1825,"geometry":{"type":"LineString","coordinates":[[121.05870506248868,36.696010420844289],[121.05796660937153,36.695781564967319]]},"properties":{"FID":1825,"Source_id":1,"Shape_Leng":125.63629865,"Region":"ASIA","Segment":"Blasting Solutions","Method":"Road","Product_tr":"Initiating System","Segment_id":1301,"Shape_Le_1":0.00077310285127800004,"Road":"Road_1","Length":70.709988250600006,"ID":"Road_1_1301"}},{"type":"Feature","id":1826,"geometry":{"type":"LineString","coordinates":[[121.05796660937153,36.695781564967319],[121.05722816884497,36.695552704593695]]},"properties":{"FID":1826,"Source_id":1,"Shape_Leng":125.63629865,"Region":"ASIA","Segment":"Blasting Solutions","Method":"Road","Product_tr":"Initiating System","Segment_id":1302,"Shape_Le_1":0.00077309215613900002,"Road":"Road_1","Length":70.709299591499999,"ID":"Road_1_1302"}},{"type":"Feature","id":1827,"geometry":{"type":"LineString","coordinates":[[121.05722816884497,36.695552704593695],[121.05648851333433,36.695326451354674]]},"properties":{"FID":1827,"Source_id":1,"Shape_Leng":125.63629865,"Region":"ASIA","Segment":"Blasting Solutions","Method":"Road","Product_tr":"Initiating System","Segment_id":1303,"Shape_Le_1":0.00077348613600400004,"Road":"Road_1","Length":70.707572102599997,"ID":"Road_1_1303"}},{"type":"Feature","id":1828,"geometry":{"type":"LineString","coordinates":[[121.05648851333433,36.695326451354674],[121.05574977513209,36.695098258278051]]},"properties":{"FID":1828,"Source_id":1,"Shape_Leng":125.63629865,"Region":"ASIA","Segment":"Blasting Solutions","Method":"Road","Product_tr":"Initiating System","Segment_id":1304,"Shape_Le_1":0.000773179288182,"Road":"Road_1","Length":70.707934962899998,"ID":"Road_1_1304"}},{"type":"Feature","id":1829,"geometry":{"type":"LineString","coordinates":[[121.05574977513209,36.695098258278051],[121.05501105041969,36.694870058906133]]},"properties":{"FID":1829,"Source_id":1,"Shape_Leng":125.63629865,"Region":"ASIA","Segment":"Blasting Solutions","Method":"Road","Product_tr":"Initiating System","Segment_id":1305,"Shape_Le_1":0.00077316825726499996,"Road":"Road_1","Length":70.707241406500003,"ID":"Road_1_1305"}},{"type":"Feature","id":1830,"geometry":{"type":"LineString","coordinates":[[121.05501105041969,36.694870058906133],[121.05427233919715,36.694641855037617]]},"properties":{"FID":1830,"Source_id":1,"Shape_Leng":125.63629865,"Region":"ASIA","Segment":"Blasting Solutions","Method":"Road","Product_tr":"Initiating System","Segment_id":1306,"Shape_Le_1":0.00077315669557399998,"Road":"Road_1","Length":70.706476375700007,"ID":"Road_1_1306"}},{"type":"Feature","id":1831,"geometry":{"type":"LineString","coordinates":[[121.05427233919715,36.694641855037617],[121.05353364056509,36.694413644873862]]},"properties":{"FID":1831,"Source_id":1,"Shape_Leng":125.63629865,"Region":"ASIA","Segment":"Blasting Solutions","Method":"Road","Product_tr":"Initiating System","Segment_id":1307,"Shape_Le_1":0.00077314652418000002,"Road":"Road_1","Length":70.7058578802,"ID":"Road_1_1307"}},{"type":"Feature","id":1832,"geometry":{"type":"LineString","coordinates":[[121.05353364056509,36.694413644873862],[121.05279534303077,36.694184618125689]]},"properties":{"FID":1832,"Source_id":1,"Shape_Leng":125.63629865,"Region":"ASIA","Segment":"Blasting Solutions","Method":"Road","Product_tr":"Initiating System","Segment_id":1308,"Shape_Le_1":0.00077300485158299996,"Road":"Road_1","Length":70.705097270300001,"ID":"Road_1_1308"}},{"type":"Feature","id":1833,"geometry":{"type":"LineString","coordinates":[[121.05279534303077,36.694184618125689],[121.05205717769661,36.693955335970031]]},"properties":{"FID":1833,"Source_id":1,"Shape_Leng":125.63629865,"Region":"ASIA","Segment":"Blasting Solutions","Method":"Road","Product_tr":"Initiating System","Segment_id":1309,"Shape_Le_1":0.00077295431136099998,"Road":"Road_1","Length":70.704449737999994,"ID":"Road_1_1309"}},{"type":"Feature","id":1834,"geometry":{"type":"LineString","coordinates":[[121.05205717769661,36.693955335970031],[121.05131586473544,36.693732760958198]]},"properties":{"FID":1834,"Source_id":1,"Shape_Leng":125.63629865,"Region":"ASIA","Segment":"Blasting Solutions","Method":"Road","Product_tr":"Initiating System","Segment_id":1310,"Shape_Le_1":0.00077400551825399996,"Road":"Road_1","Length":70.703709724399999,"ID":"Road_1_1310"}},{"type":"Feature","id":1835,"geometry":{"type":"LineString","coordinates":[[121.05131586473544,36.693732760958198],[121.0505780771166,36.693503239582867]]},"properties":{"FID":1835,"Source_id":1,"Shape_Leng":125.63629865,"Region":"ASIA","Segment":"Blasting Solutions","Method":"Road","Product_tr":"Initiating System","Segment_id":1311,"Shape_Le_1":0.00077266463116700001,"Road":"Road_1","Length":70.682877964799999,"ID":"Road_1_1311"}},{"type":"Feature","id":1836,"geometry":{"type":"LineString","coordinates":[[121.0505780771166,36.693503239582867],[121.04983808256156,36.693277880269989]]},"properties":{"FID":1836,"Source_id":1,"Shape_Leng":125.63629865,"Region":"ASIA","Segment":"Blasting Solutions","Method":"Road","Product_tr":"Initiating System","Segment_id":1312,"Shape_Le_1":0.00077354945632500003,"Road":"Road_1","Length":70.702385012799994,"ID":"Road_1_1312"}},{"type":"Feature","id":1837,"geometry":{"type":"LineString","coordinates":[[121.04983808256156,36.693277880269989],[121.04909810059689,36.693052516460511]]},"properties":{"FID":1837,"Source_id":1,"Shape_Leng":125.63629865,"Region":"ASIA","Segment":"Blasting Solutions","Method":"Road","Product_tr":"Initiating System","Segment_id":1313,"Shape_Le_1":0.00077353872214599995,"Road":"Road_1","Length":70.701689273499994,"ID":"Road_1_1313"}},{"type":"Feature","id":1838,"geometry":{"type":"LineString","coordinates":[[121.04909810059689,36.693052516460511],[121.04836197222733,36.69281922332857]]},"properties":{"FID":1838,"Source_id":1,"Shape_Leng":125.63629865,"Region":"ASIA","Segment":"Blasting Solutions","Method":"Road","Product_tr":"Initiating System","Segment_id":1314,"Shape_Le_1":0.00077221153960100003,"Road":"Road_1","Length":70.697316882099997,"ID":"Road_1_1314"}},{"type":"Feature","id":1839,"geometry":{"type":"LineString","coordinates":[[121.04836197222733,36.69281922332857],[121.04762956165496,36.692578461327003]]},"properties":{"FID":1839,"Source_id":1,"Shape_Leng":125.63629865,"Region":"ASIA","Segment":"Blasting Solutions","Method":"Road","Product_tr":"Initiating System","Segment_id":1315,"Shape_Le_1":0.00077096795518099995,"Road":"Road_1","Length":70.697482155599999,"ID":"Road_1_1315"}},{"type":"Feature","id":1840,"geometry":{"type":"LineString","coordinates":[[121.04762956165496,36.692578461327003],[121.0468998499482,36.692332397821929]]},"properties":{"FID":1840,"Source_id":1,"Shape_Leng":125.63629865,"Region":"ASIA","Segment":"Blasting Solutions","Method":"Road","Product_tr":"Initiating System","Segment_id":1316,"Shape_Le_1":0.00077008208880799997,"Road":"Road_1","Length":70.699559503700002,"ID":"Road_1_1316"}},{"type":"Feature","id":1841,"geometry":{"type":"LineString","coordinates":[[121.0468998499482,36.692332397821929],[121.04617020479122,36.69208622549894]]},"properties":{"FID":1841,"Source_id":1,"Shape_Leng":125.63629865,"Region":"ASIA","Segment":"Blasting Solutions","Method":"Road","Product_tr":"Initiating System","Segment_id":1317,"Shape_Le_1":0.00077005380832100001,"Road":"Road_1","Length":70.698930033099998,"ID":"Road_1_1317"}},{"type":"Feature","id":1842,"geometry":{"type":"LineString","coordinates":[[121.04617020479122,36.69208622549894],[121.04544091216837,36.69183939936886]]},"properties":{"FID":1842,"Source_id":1,"Shape_Leng":125.63629865,"Region":"ASIA","Segment":"Blasting Solutions","Method":"Road","Product_tr":"Initiating System","Segment_id":1318,"Shape_Le_1":0.00076992913195599998,"Road":"Road_1","Length":70.698142068699994,"ID":"Road_1_1318"}},{"type":"Feature","id":1843,"geometry":{"type":"LineString","coordinates":[[121.04544091216837,36.69183939936886],[121.04471163303549,36.691592567842804]]},"properties":{"FID":1843,"Source_id":1,"Shape_Leng":125.63629865,"Region":"ASIA","Segment":"Blasting Solutions","Method":"Road","Product_tr":"Initiating System","Segment_id":1319,"Shape_Le_1":0.00076991808389900002,"Road":"Road_1","Length":70.6974542464,"ID":"Road_1_1319"}},{"type":"Feature","id":1844,"geometry":{"type":"LineString","coordinates":[[121.04471163303549,36.691592567842804],[121.04398236649308,36.691345730920773]]},"properties":{"FID":1844,"Source_id":1,"Shape_Leng":125.63629865,"Region":"ASIA","Segment":"Blasting Solutions","Method":"Road","Product_tr":"Initiating System","Segment_id":1320,"Shape_Le_1":0.000769907887966,"Road":"Road_1","Length":70.696840538800004,"ID":"Road_1_1320"}},{"type":"Feature","id":1845,"geometry":{"type":"LineString","coordinates":[[121.04398236649308,36.691345730920773],[121.04326103736707,36.691084579489825]]},"properties":{"FID":1845,"Source_id":1,"Shape_Leng":125.63629865,"Region":"ASIA","Segment":"Blasting Solutions","Method":"Road","Product_tr":"Initiating System","Segment_id":1321,"Shape_Le_1":0.00076714782012000005,"Road":"Road_1","Length":70.679957348000002,"ID":"Road_1_1321"}},{"type":"Feature","id":1846,"geometry":{"type":"LineString","coordinates":[[121.04326103736707,36.691084579489825],[121.04254626250008,36.690811670322375]]},"properties":{"FID":1846,"Source_id":1,"Shape_Leng":125.63629865,"Region":"ASIA","Segment":"Blasting Solutions","Method":"Road","Product_tr":"Initiating System","Segment_id":1322,"Shape_Le_1":0.00076510295004100001,"Road":"Road_1","Length":70.695361723900007,"ID":"Road_1_1322"}},{"type":"Feature","id":1847,"geometry":{"type":"LineString","coordinates":[[121.04254626250008,36.690811670322375],[121.04183150112294,36.690538756658327]]},"properties":{"FID":1847,"Source_id":1,"Shape_Leng":125.63629865,"Region":"ASIA","Segment":"Blasting Solutions","Method":"Road","Product_tr":"Initiating System","Segment_id":1323,"Shape_Le_1":0.00076509195151599997,"Road":"Road_1","Length":70.694689504300001,"ID":"Road_1_1323"}},{"type":"Feature","id":1848,"geometry":{"type":"LineString","coordinates":[[121.04183150112294,36.690538756658327],[121.04111283039288,36.690272623882549]]},"properties":{"FID":1848,"Source_id":1,"Shape_Leng":125.63629865,"Region":"ASIA","Segment":"Blasting Solutions","Method":"Road","Product_tr":"Initiating System","Segment_id":1324,"Shape_Le_1":0.00076636432106199997,"Road":"Road_1","Length":70.693091589399998,"ID":"Road_1_1324"}},{"type":"Feature","id":1849,"geometry":{"type":"LineString","coordinates":[[121.04111283039288,36.690272623882549],[121.04040108444258,36.689994989677075]]},"properties":{"FID":1849,"Source_id":1,"Shape_Leng":125.63629865,"Region":"ASIA","Segment":"Blasting Solutions","Method":"Road","Product_tr":"Initiating System","Segment_id":1325,"Shape_Le_1":0.00076397843543800001,"Road":"Road_1","Length":70.678449886699994,"ID":"Road_1_1325"}},{"type":"Feature","id":1850,"geometry":{"type":"LineString","coordinates":[[121.04040108444258,36.689994989677075],[121.03969531538655,36.689707353211816]]},"properties":{"FID":1850,"Source_id":1,"Shape_Leng":125.63629865,"Region":"ASIA","Segment":"Blasting Solutions","Method":"Road","Product_tr":"Initiating System","Segment_id":1326,"Shape_Le_1":0.00076213167929899996,"Road":"Road_1","Length":70.692494653200001,"ID":"Road_1_1326"}},{"type":"Feature","id":1851,"geometry":{"type":"LineString","coordinates":[[121.03969531538655,36.689707353211816],[121.03898897975762,36.689420643048265]]},"properties":{"FID":1851,"Source_id":1,"Shape_Leng":125.63629865,"Region":"ASIA","Segment":"Blasting Solutions","Method":"Road","Product_tr":"Initiating System","Segment_id":1327,"Shape_Le_1":0.00076230750920099999,"Road":"Road_1","Length":70.691562548999997,"ID":"Road_1_1327"}},{"type":"Feature","id":1852,"geometry":{"type":"LineString","coordinates":[[121.03898897975762,36.689420643048265],[121.03828180596065,36.689135291760351]]},"properties":{"FID":1852,"Source_id":1,"Shape_Leng":125.63629865,"Region":"ASIA","Segment":"Blasting Solutions","Method":"Road","Product_tr":"Initiating System","Segment_id":1328,"Shape_Le_1":0.00076257467610200004,"Road":"Road_1","Length":70.690994074299994,"ID":"Road_1_1328"}},{"type":"Feature","id":1853,"geometry":{"type":"LineString","coordinates":[[121.03828180596065,36.689135291760351],[121.03758067290983,36.688840503886183]]},"properties":{"FID":1853,"Source_id":1,"Shape_Leng":125.63629865,"Region":"ASIA","Segment":"Blasting Solutions","Method":"Road","Product_tr":"Initiating System","Segment_id":1329,"Shape_Le_1":0.00076058362177700001,"Road":"Road_1","Length":70.687427895699997,"ID":"Road_1_1329"}},{"type":"Feature","id":1854,"geometry":{"type":"LineString","coordinates":[[121.03758067290983,36.688840503886183],[121.03688134299966,36.688542914623838]]},"properties":{"FID":1854,"Source_id":1,"Shape_Leng":125.63629865,"Region":"ASIA","Segment":"Blasting Solutions","Method":"Road","Product_tr":"Initiating System","Segment_id":1330,"Shape_Le_1":0.00076001427112299996,"Road":"Road_1","Length":70.689518641099994,"ID":"Road_1_1330"}},{"type":"Feature","id":1855,"geometry":{"type":"LineString","coordinates":[[121.03688134299966,36.688542914623838],[121.03618472724338,36.688241253231297]]},"properties":{"FID":1855,"Source_id":1,"Shape_Leng":125.63629865,"Region":"ASIA","Segment":"Blasting Solutions","Method":"Road","Product_tr":"Initiating System","Segment_id":1331,"Shape_Le_1":0.00075912654258100004,"Road":"Road_1","Length":70.688226456400002,"ID":"Road_1_1331"}},{"type":"Feature","id":1856,"geometry":{"type":"LineString","coordinates":[[121.03618472724338,36.688241253231297],[121.03549829181281,36.687924982352115]]},"properties":{"FID":1856,"Source_id":1,"Shape_Leng":125.63629865,"Region":"ASIA","Segment":"Blasting Solutions","Method":"Road","Product_tr":"Initiating System","Segment_id":1332,"Shape_Le_1":0.00075579155152399999,"Road":"Road_1","Length":70.679301038999995,"ID":"Road_1_1332"}},{"type":"Feature","id":1857,"geometry":{"type":"LineString","coordinates":[[121.03549829181281,36.687924982352115],[121.03479479714224,36.687633974328492]]},"properties":{"FID":1857,"Source_id":1,"Shape_Leng":125.63629865,"Region":"ASIA","Segment":"Blasting Solutions","Method":"Road","Product_tr":"Initiating System","Segment_id":1333,"Shape_Le_1":0.00076130836153299997,"Road":"Road_1","Length":70.682843232899998,"ID":"Road_1_1333"}},{"type":"Feature","id":1858,"geometry":{"type":"LineString","coordinates":[[121.03479479714224,36.687633974328492],[121.03410287045119,36.687325569819222]]},"properties":{"FID":1858,"Source_id":1,"Shape_Leng":125.63629865,"Region":"ASIA","Segment":"Blasting Solutions","Method":"Road","Product_tr":"Initiating System","Segment_id":1334,"Shape_Le_1":0.00075754596370200002,"Road":"Road_1","Length":70.679330989299999,"ID":"Road_1_1334"}},{"type":"Feature","id":1859,"geometry":{"type":"LineString","coordinates":[[121.03410287045119,36.687325569819222],[121.0334239110847,36.686998958535185]]},"properties":{"FID":1859,"Source_id":1,"Shape_Leng":125.63629865,"Region":"ASIA","Segment":"Blasting Solutions","Method":"Road","Product_tr":"Initiating System","Segment_id":1335,"Shape_Le_1":0.00075343264610300005,"Road":"Road_1","Length":70.682236410599998,"ID":"Road_1_1335"}},{"type":"Feature","id":1860,"geometry":{"type":"LineString","coordinates":[[121.0334239110847,36.686998958535185],[121.03273771397437,36.686682266773232]]},"properties":{"FID":1860,"Source_id":1,"Shape_Leng":125.63629865,"Region":"ASIA","Segment":"Blasting Solutions","Method":"Road","Product_tr":"Initiating System","Segment_id":1336,"Shape_Le_1":0.00075575137863500002,"Road":"Road_1","Length":70.684876680499997,"ID":"Road_1_1336"}},{"type":"Feature","id":1861,"geometry":{"type":"LineString","coordinates":[[121.03273771397437,36.686682266773232],[121.03205298365833,36.686363548838756]]},"properties":{"FID":1861,"Source_id":1,"Shape_Leng":125.63629865,"Region":"ASIA","Segment":"Blasting Solutions","Method":"Road","Product_tr":"Initiating System","Segment_id":1337,"Shape_Le_1":0.00075527261797200004,"Road":"Road_1","Length":70.683621423299996,"ID":"Road_1_1337"}},{"type":"Feature","id":1862,"geometry":{"type":"LineString","coordinates":[[121.03205298365833,36.686363548838756],[121.03137814768343,36.68603152633392]]},"properties":{"FID":1862,"Source_id":1,"Shape_Leng":125.63629865,"Region":"ASIA","Segment":"Blasting Solutions","Method":"Road","Product_tr":"Initiating System","Segment_id":1338,"Shape_Le_1":0.00075209210655600002,"Road":"Road_1","Length":70.677921767900003,"ID":"Road_1_1338"}},{"type":"Feature","id":1863,"geometry":{"type":"LineString","coordinates":[[121.03137814768343,36.68603152633392],[121.03070447093467,36.685697906633152]]},"properties":{"FID":1863,"Source_id":1,"Shape_Leng":125.63629865,"Region":"ASIA","Segment":"Blasting Solutions","Method":"Road","Product_tr":"Initiating System","Segment_id":1339,"Shape_Le_1":0.00075175958029300002,"Road":"Road_1","Length":70.682423742300003,"ID":"Road_1_1339"}},{"type":"Feature","id":1864,"geometry":{"type":"LineString","coordinates":[[121.03070447093467,36.685697906633152],[121.03002789836887,36.6853681756009]]},"properties":{"FID":1864,"Source_id":1,"Shape_Leng":125.63629865,"Region":"ASIA","Segment":"Blasting Solutions","Method":"Road","Product_tr":"Initiating System","Segment_id":1340,"Shape_Le_1":0.00075264399978700004,"Road":"Road_1","Length":70.678880165899997,"ID":"Road_1_1340"}},{"type":"Feature","id":1865,"geometry":{"type":"LineString","coordinates":[[121.03002789836887,36.6853681756009],[121.02934977627126,36.68504047613709]]},"properties":{"FID":1865,"Source_id":1,"Shape_Leng":125.63629865,"Region":"ASIA","Segment":"Blasting Solutions","Method":"Road","Product_tr":"Initiating System","Segment_id":1341,"Shape_Le_1":0.000753151059117,"Road":"Road_1","Length":70.681368903299997,"ID":"Road_1_1341"}},{"type":"Feature","id":1866,"geometry":{"type":"LineString","coordinates":[[121.02934977627126,36.68504047613709],[121.02867166766339,36.684712774874697]]},"properties":{"FID":1866,"Source_id":1,"Shape_Leng":125.63629865,"Region":"ASIA","Segment":"Blasting Solutions","Method":"Road","Product_tr":"Initiating System","Segment_id":1342,"Shape_Le_1":0.00075313969583600004,"Road":"Road_1","Length":70.6806571865,"ID":"Road_1_1342"}},{"type":"Feature","id":1867,"geometry":{"type":"LineString","coordinates":[[121.02867166766339,36.684712774874697],[121.02799375600705,36.684384825399434]]},"properties":{"FID":1867,"Source_id":1,"Shape_Leng":125.63629865,"Region":"ASIA","Segment":"Blasting Solutions","Method":"Road","Product_tr":"Initiating System","Segment_id":1343,"Shape_Le_1":0.00075307042972500005,"Road":"Road_1","Length":70.679961599400002,"ID":"Road_1_1343"}},{"type":"Feature","id":1868,"geometry":{"type":"LineString","coordinates":[[121.02799375600705,36.684384825399434],[121.02731631019958,36.684056269781081]]},"properties":{"FID":1868,"Source_id":1,"Shape_Leng":125.63629865,"Region":"ASIA","Segment":"Blasting Solutions","Method":"Road","Product_tr":"Initiating System","Segment_id":1344,"Shape_Le_1":0.00075291541119100003,"Road":"Road_1","Length":70.679166849400005,"ID":"Road_1_1344"}},{"type":"Feature","id":1869,"geometry":{"type":"LineString","coordinates":[[121.02731631019958,36.684056269781081],[121.02663887788196,36.683727712364089]]},"properties":{"FID":1869,"Source_id":1,"Shape_Leng":125.63629865,"Region":"ASIA","Segment":"Blasting Solutions","Method":"Road","Product_tr":"Initiating System","Segment_id":1345,"Shape_Le_1":0.00075290405843700002,"Road":"Road_1","Length":70.678456504500005,"ID":"Road_1_1345"}},{"type":"Feature","id":1870,"geometry":{"type":"LineString","coordinates":[[121.02663887788196,36.683727712364089],[121.02596109932529,36.683399637883042]]},"properties":{"FID":1870,"Source_id":1,"Shape_Leng":125.63629865,"Region":"ASIA","Segment":"Blasting Solutions","Method":"Road","Product_tr":"Initiating System","Segment_id":1346,"Shape_Le_1":0.00075300507103700002,"Road":"Road_1","Length":70.677567710000005,"ID":"Road_1_1346"}},{"type":"Feature","id":1871,"geometry":{"type":"LineString","coordinates":[[121.02596109932529,36.683399637883042],[121.02528422548664,36.683070377196202]]},"properties":{"FID":1871,"Source_id":1,"Shape_Leng":125.63629865,"Region":"ASIA","Segment":"Blasting Solutions","Method":"Road","Product_tr":"Initiating System","Segment_id":1347,"Shape_Le_1":0.00075270896988000003,"Road":"Road_1","Length":70.676453594899996,"ID":"Road_1_1347"}},{"type":"Feature","id":1872,"geometry":{"type":"LineString","coordinates":[[121.02528422548664,36.683070377196202],[121.02460889218673,36.682739079544945]]},"properties":{"FID":1872,"Source_id":1,"Shape_Leng":125.63629865,"Region":"ASIA","Segment":"Blasting Solutions","Method":"Road","Product_tr":"Initiating System","Segment_id":1348,"Shape_Le_1":0.00075221885093099995,"Road":"Road_1","Length":70.676166308099994,"ID":"Road_1_1348"}},{"type":"Feature","id":1873,"geometry":{"type":"LineString","coordinates":[[121.02460889218673,36.682739079544945],[121.02393807977865,36.682401895830878]]},"properties":{"FID":1873,"Source_id":1,"Shape_Leng":125.63629865,"Region":"ASIA","Segment":"Blasting Solutions","Method":"Road","Product_tr":"Initiating System","Segment_id":1349,"Shape_Le_1":0.00075078768228899998,"Road":"Road_1","Length":70.675232922600003,"ID":"Road_1_1349"}},{"type":"Feature","id":1874,"geometry":{"type":"LineString","coordinates":[[121.02393807977865,36.682401895830878],[121.02326755785157,36.682064350589371]]},"properties":{"FID":1874,"Source_id":1,"Shape_Leng":125.63629865,"Region":"ASIA","Segment":"Blasting Solutions","Method":"Road","Product_tr":"Initiating System","Segment_id":1350,"Shape_Le_1":0.00075069064517600001,"Road":"Road_1","Length":70.674684422400006,"ID":"Road_1_1350"}},{"type":"Feature","id":1875,"geometry":{"type":"LineString","coordinates":[[121.02326755785157,36.682064350589371],[121.02258648327961,36.681740964274127]]},"properties":{"FID":1875,"Source_id":1,"Shape_Leng":125.63629865,"Region":"ASIA","Segment":"Blasting Solutions","Method":"Road","Product_tr":"Initiating System","Segment_id":1351,"Shape_Le_1":0.00075395045026499996,"Road":"Road_1","Length":70.665731697799998,"ID":"Road_1_1351"}},{"type":"Feature","id":1876,"geometry":{"type":"LineString","coordinates":[[121.02258648327961,36.681740964274127],[121.02189924205641,36.681426031586113]]},"properties":{"FID":1876,"Source_id":1,"Shape_Leng":125.63629865,"Region":"ASIA","Segment":"Blasting Solutions","Method":"Road","Product_tr":"Initiating System","Segment_id":1352,"Shape_Le_1":0.00075596501033500004,"Road":"Road_1","Length":70.672735392600003,"ID":"Road_1_1352"}},{"type":"Feature","id":1877,"geometry":{"type":"LineString","coordinates":[[121.02189924205641,36.681426031586113],[121.02121725737061,36.681103840469916]]},"properties":{"FID":1877,"Source_id":1,"Shape_Leng":125.63629865,"Region":"ASIA","Segment":"Blasting Solutions","Method":"Road","Product_tr":"Initiating System","Segment_id":1353,"Shape_Le_1":0.000754261378449,"Road":"Road_1","Length":70.669055422100001,"ID":"Road_1_1353"}},{"type":"Feature","id":1878,"geometry":{"type":"LineString","coordinates":[[121.02121725737061,36.681103840469916],[121.02052562475785,36.680795267787403]]},"properties":{"FID":1878,"Source_id":1,"Shape_Leng":125.63629865,"Region":"ASIA","Segment":"Blasting Solutions","Method":"Road","Product_tr":"Initiating System","Segment_id":1354,"Shape_Le_1":0.00075734587304700002,"Road":"Road_1","Length":70.669930463399993,"ID":"Road_1_1354"}},{"type":"Feature","id":1879,"geometry":{"type":"LineString","coordinates":[[121.02052562475785,36.680795267787403],[121.01983679892919,36.680482699417098]]},"properties":{"FID":1879,"Source_id":1,"Shape_Leng":125.63629865,"Region":"ASIA","Segment":"Blasting Solutions","Method":"Road","Product_tr":"Initiating System","Segment_id":1355,"Shape_Le_1":0.00075642581152799999,"Road":"Road_1","Length":70.667374923200001,"ID":"Road_1_1355"}},{"type":"Feature","id":1880,"geometry":{"type":"LineString","coordinates":[[121.01983679892919,36.680482699417098],[121.0191394610174,36.680182695475082]]},"properties":{"FID":1880,"Source_id":1,"Shape_Leng":125.63629865,"Region":"ASIA","Segment":"Blasting Solutions","Method":"Road","Product_tr":"Initiating System","Segment_id":1356,"Shape_Le_1":0.00075913274757599995,"Road":"Road_1","Length":70.663944739900003,"ID":"Road_1_1356"}},{"type":"Feature","id":1881,"geometry":{"type":"LineString","coordinates":[[121.0191394610174,36.680182695475082],[121.01843961129907,36.6798864057331]]},"properties":{"FID":1881,"Source_id":1,"Shape_Leng":125.63629865,"Region":"ASIA","Segment":"Blasting Solutions","Method":"Road","Product_tr":"Initiating System","Segment_id":1357,"Shape_Le_1":0.00075998502580700001,"Road":"Road_1","Length":70.669564250099995,"ID":"Road_1_1357"}},{"type":"Feature","id":1882,"geometry":{"type":"LineString","coordinates":[[121.01843961129907,36.6798864057331],[121.01774461791979,36.679582832381868]]},"properties":{"FID":1882,"Source_id":1,"Shape_Leng":125.63629865,"Region":"ASIA","Segment":"Blasting Solutions","Method":"Road","Product_tr":"Initiating System","Segment_id":1358,"Shape_Le_1":0.00075840132965800003,"Road":"Road_1","Length":70.667556771999998,"ID":"Road_1_1358"}},{"type":"Feature","id":1883,"geometry":{"type":"LineString","coordinates":[[121.01774461791979,36.679582832381868],[121.0170435199426,36.679288738784294]]},"properties":{"FID":1883,"Source_id":1,"Shape_Leng":125.63629865,"Region":"ASIA","Segment":"Blasting Solutions","Method":"Road","Product_tr":"Initiating System","Segment_id":1359,"Shape_Le_1":0.00076028245918699998,"Road":"Road_1","Length":70.655873702700006,"ID":"Road_1_1359"}},{"type":"Feature","id":1884,"geometry":{"type":"LineString","coordinates":[[121.0170435199426,36.679288738784294],[121.01633605296649,36.679004486467932]]},"properties":{"FID":1884,"Source_id":1,"Shape_Leng":125.63629865,"Region":"ASIA","Segment":"Blasting Solutions","Method":"Road","Product_tr":"Initiating System","Segment_id":1360,"Shape_Le_1":0.00076243616233900001,"Road":"Road_1","Length":70.667291217599995,"ID":"Road_1_1360"}},{"type":"Feature","id":1885,"geometry":{"type":"LineString","coordinates":[[121.01633605296649,36.679004486467932],[121.01562660748198,36.678723473509535]]},"properties":{"FID":1885,"Source_id":1,"Shape_Leng":125.63629865,"Region":"ASIA","Segment":"Blasting Solutions","Method":"Road","Product_tr":"Initiating System","Segment_id":1361,"Shape_Le_1":0.00076307350778900005,"Road":"Road_1","Length":70.666425206,"ID":"Road_1_1361"}},{"type":"Feature","id":1886,"geometry":{"type":"LineString","coordinates":[[121.01562660748198,36.678723473509535],[121.01491543439988,36.678445323093229]]},"properties":{"FID":1886,"Source_id":1,"Shape_Leng":125.63629865,"Region":"ASIA","Segment":"Blasting Solutions","Method":"Road","Product_tr":"Initiating System","Segment_id":1362,"Shape_Le_1":0.00076363263863500001,"Road":"Road_1","Length":70.665904735200002,"ID":"Road_1_1362"}},{"type":"Feature","id":1887,"geometry":{"type":"LineString","coordinates":[[121.01491543439988,36.678445323093229],[121.01420427480753,36.678167169079643]]},"properties":{"FID":1887,"Source_id":1,"Shape_Leng":125.63629865,"Region":"ASIA","Segment":"Blasting Solutions","Method":"Road","Product_tr":"Initiating System","Segment_id":1363,"Shape_Le_1":0.00076362138594600001,"Road":"Road_1","Length":70.665199669100005,"ID":"Road_1_1363"}},{"type":"Feature","id":1888,"geometry":{"type":"LineString","coordinates":[[121.01420427480753,36.678167169079643],[121.01349312960429,36.677889011468778]]},"properties":{"FID":1888,"Source_id":1,"Shape_Leng":125.63629865,"Region":"ASIA","Segment":"Blasting Solutions","Method":"Road","Product_tr":"Initiating System","Segment_id":1364,"Shape_Le_1":0.00076360929576200001,"Road":"Road_1","Length":70.664422288400004,"ID":"Road_1_1364"}},{"type":"Feature","id":1889,"geometry":{"type":"LineString","coordinates":[[121.01349312960429,36.677889011468778],[121.01277740954993,36.677618670765071]]},"properties":{"FID":1889,"Source_id":1,"Shape_Leng":125.63629865,"Region":"ASIA","Segment":"Blasting Solutions","Method":"Road","Product_tr":"Initiating System","Segment_id":1365,"Shape_Le_1":0.00076507469719799999,"Road":"Road_1","Length":70.660062202199995,"ID":"Road_1_1365"}},{"type":"Feature","id":1890,"geometry":{"type":"LineString","coordinates":[[121.01277740954993,36.677618670765071],[121.0120544166781,36.677361265010404]]},"properties":{"FID":1890,"Source_id":1,"Shape_Leng":125.63629865,"Region":"ASIA","Segment":"Blasting Solutions","Method":"Road","Product_tr":"Initiating System","Segment_id":1366,"Shape_Le_1":0.00076744798862900005,"Road":"Road_1","Length":70.656986534799998,"ID":"Road_1_1366"}},{"type":"Feature","id":1891,"geometry":{"type":"LineString","coordinates":[[121.0120544166781,36.677361265010404],[121.01132658365498,36.677112747255535]]},"properties":{"FID":1891,"Source_id":1,"Shape_Leng":125.63629865,"Region":"ASIA","Segment":"Blasting Solutions","Method":"Road","Product_tr":"Initiating System","Segment_id":1367,"Shape_Le_1":0.00076909166165600002,"Road":"Road_1","Length":70.662361187599998,"ID":"Road_1_1367"}},{"type":"Feature","id":1892,"geometry":{"type":"LineString","coordinates":[[121.01132658365498,36.677112747255535],[121.01059876502109,36.67686422590333]]},"properties":{"FID":1892,"Source_id":1,"Shape_Leng":125.63629865,"Region":"ASIA","Segment":"Blasting Solutions","Method":"Road","Product_tr":"Initiating System","Segment_id":1368,"Shape_Le_1":0.00076907920680499998,"Road":"Road_1","Length":70.661525001200005,"ID":"Road_1_1368"}},{"type":"Feature","id":1893,"geometry":{"type":"LineString","coordinates":[[121.01059876502109,36.67686422590333],[121.00987095987693,36.676615698255944]]},"properties":{"FID":1893,"Source_id":1,"Shape_Leng":125.63629865,"Region":"ASIA","Segment":"Blasting Solutions","Method":"Road","Product_tr":"Initiating System","Segment_id":1369,"Shape_Le_1":0.00076906847508500002,"Road":"Road_1","Length":70.660879695999995,"ID":"Road_1_1369"}},{"type":"Feature","id":1894,"geometry":{"type":"LineString","coordinates":[[121.00987095987693,36.676615698255944],[121.00914227249791,36.676368878421044]]},"properties":{"FID":1894,"Source_id":1,"Shape_Leng":125.63629865,"Region":"ASIA","Segment":"Blasting Solutions","Method":"Road","Product_tr":"Initiating System","Segment_id":1370,"Shape_Le_1":0.00076935383748200005,"Road":"Road_1","Length":70.660004724299995,"ID":"Road_1_1370"}},{"type":"Feature","id":1895,"geometry":{"type":"LineString","coordinates":[[121.00914227249791,36.676368878421044],[121.00841312736395,36.676122953411607]]},"properties":{"FID":1895,"Source_id":1,"Shape_Leng":125.63629865,"Region":"ASIA","Segment":"Blasting Solutions","Method":"Road","Product_tr":"Initiating System","Segment_id":1371,"Shape_Le_1":0.00076950096597999998,"Road":"Road_1","Length":70.659504142000003,"ID":"Road_1_1371"}},{"type":"Feature","id":1896,"geometry":{"type":"LineString","coordinates":[[121.00841312736395,36.676122953411607],[121.00768205138559,36.675880867607987]]},"properties":{"FID":1896,"Source_id":1,"Shape_Leng":125.63629865,"Region":"ASIA","Segment":"Blasting Solutions","Method":"Road","Product_tr":"Initiating System","Segment_id":1372,"Shape_Le_1":0.00077011533062100001,"Road":"Road_1","Length":70.655840914099997,"ID":"Road_1_1372"}},{"type":"Feature","id":1897,"geometry":{"type":"LineString","coordinates":[[121.00768205138559,36.675880867607987],[121.00694622698688,36.675648257061482]]},"properties":{"FID":1897,"Source_id":1,"Shape_Leng":125.63629865,"Region":"ASIA","Segment":"Blasting Solutions","Method":"Road","Product_tr":"Initiating System","Segment_id":1373,"Shape_Le_1":0.00077171575859999995,"Road":"Road_1","Length":70.657907637999998,"ID":"Road_1_1373"}},{"type":"Feature","id":1898,"geometry":{"type":"LineString","coordinates":[[121.00694622698688,36.675648257061482],[121.00620294990631,36.675431604984624]]},"properties":{"FID":1898,"Source_id":1,"Shape_Leng":125.63629865,"Region":"ASIA","Segment":"Blasting Solutions","Method":"Road","Product_tr":"Initiating System","Segment_id":1374,"Shape_Le_1":0.00077420859005399999,"Road":"Road_1","Length":70.656588589799995,"ID":"Road_1_1374"}},{"type":"Feature","id":1899,"geometry":{"type":"LineString","coordinates":[[121.00620294990631,36.675431604984624],[121.00545942641145,36.675215505990877]]},"properties":{"FID":1899,"Source_id":1,"Shape_Leng":125.63629865,"Region":"ASIA","Segment":"Blasting Solutions","Method":"Road","Product_tr":"Initiating System","Segment_id":1375,"Shape_Le_1":0.00077429061889499999,"Road":"Road_1","Length":70.656621175699996,"ID":"Road_1_1375"}},{"type":"Feature","id":1900,"geometry":{"type":"LineString","coordinates":[[121.00545942641145,36.675215505990877],[121.00471581028648,36.674999632726895]]},"properties":{"FID":1900,"Source_id":1,"Shape_Leng":125.63629865,"Region":"ASIA","Segment":"Blasting Solutions","Method":"Road","Product_tr":"Initiating System","Segment_id":1376,"Shape_Le_1":0.000774316606699,"Road":"Road_1","Length":70.656087368499996,"ID":"Road_1_1376"}},{"type":"Feature","id":1901,"geometry":{"type":"LineString","coordinates":[[121.00471581028648,36.674999632726895],[121.00397113116287,36.674786233497912]]},"properties":{"FID":1901,"Source_id":1,"Shape_Leng":125.63629865,"Region":"ASIA","Segment":"Blasting Solutions","Method":"Road","Product_tr":"Initiating System","Segment_id":1377,"Shape_Le_1":0.00077465232722600001,"Road":"Road_1","Length":70.653165964500005,"ID":"Road_1_1377"}},{"type":"Feature","id":1902,"geometry":{"type":"LineString","coordinates":[[121.00397113116287,36.674786233497912],[121.00322098236256,36.674585611836562]]},"properties":{"FID":1902,"Source_id":1,"Shape_Leng":125.63629865,"Region":"ASIA","Segment":"Blasting Solutions","Method":"Road","Product_tr":"Initiating System","Segment_id":1378,"Shape_Le_1":0.00077651289339300002,"Road":"Road_1","Length":70.654642860799996,"ID":"Road_1_1378"}},{"type":"Feature","id":1903,"geometry":{"type":"LineString","coordinates":[[121.00322098236256,36.674585611836562],[121.00247402885338,36.674377914309332]]},"properties":{"FID":1903,"Source_id":1,"Shape_Leng":125.63629865,"Region":"ASIA","Segment":"Blasting Solutions","Method":"Road","Product_tr":"Initiating System","Segment_id":1379,"Shape_Le_1":0.00077529207895599996,"Road":"Road_1","Length":70.636095397800005,"ID":"Road_1_1379"}},{"type":"Feature","id":1904,"geometry":{"type":"LineString","coordinates":[[121.00247402885338,36.674377914309332],[121.00172999724168,36.674165555595948]]},"properties":{"FID":1904,"Source_id":1,"Shape_Leng":125.63629865,"Region":"ASIA","Segment":"Blasting Solutions","Method":"Road","Product_tr":"Initiating System","Segment_id":1380,"Shape_Le_1":0.00077374366709099997,"Road":"Road_1","Length":70.560491244000005,"ID":"Road_1_1380"}},{"type":"Feature","id":1905,"geometry":{"type":"LineString","coordinates":[[121.00172999724168,36.674165555595948],[121.00097025267507,36.673990059193954]]},"properties":{"FID":1905,"Source_id":1,"Shape_Leng":125.63629865,"Region":"ASIA","Segment":"Blasting Solutions","Method":"Road","Product_tr":"Initiating System","Segment_id":1381,"Shape_Le_1":0.00077975046880600005,"Road":"Road_1","Length":70.6508819899,"ID":"Road_1_1381"}},{"type":"Feature","id":1906,"geometry":{"type":"LineString","coordinates":[[121.00097025267507,36.673990059193954],[121.0002174670625,36.673796049348255]]},"properties":{"FID":1906,"Source_id":1,"Shape_Leng":125.63629865,"Region":"ASIA","Segment":"Blasting Solutions","Method":"Road","Product_tr":"Initiating System","Segment_id":1382,"Shape_Le_1":0.00077738407414200004,"Road":"Road_1","Length":70.652001995600003,"ID":"Road_1_1382"}},{"type":"Feature","id":1907,"geometry":{"type":"LineString","coordinates":[[121.0002174670625,36.673796049348255],[120.99946315440116,36.673606554099251]]},"properties":{"FID":1907,"Source_id":1,"Shape_Leng":125.63629865,"Region":"ASIA","Segment":"Blasting Solutions","Method":"Road","Product_tr":"Initiating System","Segment_id":1383,"Shape_Le_1":0.00077775062870900002,"Road":"Road_1","Length":70.631412193000003,"ID":"Road_1_1383"}},{"type":"Feature","id":1908,"geometry":{"type":"LineString","coordinates":[[120.99946315440116,36.673606554099251],[120.99870738573736,36.673420274825901]]},"properties":{"FID":1908,"Source_id":1,"Shape_Leng":125.63629865,"Region":"ASIA","Segment":"Blasting Solutions","Method":"Road","Product_tr":"Initiating System","Segment_id":1384,"Shape_Le_1":0.000778386948023,"Road":"Road_1","Length":70.650587001199995,"ID":"Road_1_1384"}},{"type":"Feature","id":1909,"geometry":{"type":"LineString","coordinates":[[120.99870738573736,36.673420274825901],[120.997947993705,36.673244316172315]]},"properties":{"FID":1909,"Source_id":1,"Shape_Leng":125.63629865,"Region":"ASIA","Segment":"Blasting Solutions","Method":"Road","Product_tr":"Initiating System","Segment_id":1385,"Shape_Le_1":0.00077951119721900001,"Road":"Road_1","Length":70.6353824041,"ID":"Road_1_1385"}},{"type":"Feature","id":1910,"geometry":{"type":"LineString","coordinates":[[120.997947993705,36.673244316172315],[120.99718387573535,36.673081731336879]]},"properties":{"FID":1910,"Source_id":1,"Shape_Leng":125.63629865,"Region":"ASIA","Segment":"Blasting Solutions","Method":"Road","Product_tr":"Initiating System","Segment_id":1386,"Shape_Le_1":0.00078122346371500004,"Road":"Road_1","Length":70.648106851899996,"ID":"Road_1_1386"}},{"type":"Feature","id":1911,"geometry":{"type":"LineString","coordinates":[[120.99718387573535,36.673081731336879],[120.99642104739348,36.67291533607397]]},"properties":{"FID":1911,"Source_id":1,"Shape_Leng":125.63629865,"Region":"ASIA","Segment":"Blasting Solutions","Method":"Road","Product_tr":"Initiating System","Segment_id":1387,"Shape_Le_1":0.00078076530575299995,"Road":"Road_1","Length":70.646135825000002,"ID":"Road_1_1387"}},{"type":"Feature","id":1912,"geometry":{"type":"LineString","coordinates":[[120.99642104739348,36.67291533607397],[120.99565347692646,36.67276374095394]]},"properties":{"FID":1912,"Source_id":1,"Shape_Leng":125.63629865,"Region":"ASIA","Segment":"Blasting Solutions","Method":"Road","Product_tr":"Initiating System","Segment_id":1388,"Shape_Le_1":0.00078239727904499999,"Road":"Road_1","Length":70.646524175300002,"ID":"Road_1_1388"}},{"type":"Feature","id":1913,"geometry":{"type":"LineString","coordinates":[[120.99565347692646,36.67276374095394],[120.99488510606284,36.672614772753604]]},"properties":{"FID":1913,"Source_id":1,"Shape_Leng":125.63629865,"Region":"ASIA","Segment":"Blasting Solutions","Method":"Road","Product_tr":"Initiating System","Segment_id":1389,"Shape_Le_1":0.00078267829200700004,"Road":"Road_1","Length":70.647365430999997,"ID":"Road_1_1389"}},{"type":"Feature","id":1914,"geometry":{"type":"LineString","coordinates":[[120.99488510606284,36.672614772753604],[120.99411699150596,36.672464998760745]]},"properties":{"FID":1914,"Source_id":1,"Shape_Leng":125.63629865,"Region":"ASIA","Segment":"Blasting Solutions","Method":"Road","Product_tr":"Initiating System","Segment_id":1390,"Shape_Le_1":0.00078258048878300003,"Road":"Road_1","Length":70.6462029578,"ID":"Road_1_1390"}},{"type":"Feature","id":1915,"geometry":{"type":"LineString","coordinates":[[120.99411699150596,36.672464998760745],[120.99335052720517,36.672309955640003]]},"properties":{"FID":1915,"Source_id":1,"Shape_Leng":125.63629865,"Region":"ASIA","Segment":"Blasting Solutions","Method":"Road","Product_tr":"Initiating System","Segment_id":1391,"Shape_Le_1":0.00078198842298600002,"Road":"Road_1","Length":70.643094269700001,"ID":"Road_1_1391"}},{"type":"Feature","id":1916,"geometry":{"type":"LineString","coordinates":[[120.99335052720517,36.672309955640003],[120.9925795995689,36.672169930298082]]},"properties":{"FID":1916,"Source_id":1,"Shape_Leng":125.63629865,"Region":"ASIA","Segment":"Blasting Solutions","Method":"Road","Product_tr":"Initiating System","Segment_id":1392,"Shape_Le_1":0.00078354101152500004,"Road":"Road_1","Length":70.645086495599998,"ID":"Road_1_1392"}},{"type":"Feature","id":1917,"geometry":{"type":"LineString","coordinates":[[120.9925795995689,36.672169930298082],[120.99180758824969,36.672033856577286]]},"properties":{"FID":1917,"Source_id":1,"Shape_Leng":125.63629865,"Region":"ASIA","Segment":"Blasting Solutions","Method":"Road","Product_tr":"Initiating System","Segment_id":1393,"Shape_Le_1":0.00078391168793799995,"Road":"Road_1","Length":70.644680110300001,"ID":"Road_1_1393"}},{"type":"Feature","id":1918,"geometry":{"type":"LineString","coordinates":[[120.99180758824969,36.672033856577286],[120.99103612911415,36.671895789958796]]},"properties":{"FID":1918,"Source_id":1,"Shape_Leng":125.63629865,"Region":"ASIA","Segment":"Blasting Solutions","Method":"Road","Product_tr":"Initiating System","Segment_id":1394,"Shape_Le_1":0.00078371652333100001,"Road":"Road_1","Length":70.644214491599996,"ID":"Road_1_1394"}},{"type":"Feature","id":1919,"geometry":{"type":"LineString","coordinates":[[120.99103612911415,36.671895789958796],[120.99026506208304,36.6717563410823]]},"properties":{"FID":1919,"Source_id":1,"Shape_Leng":125.63629865,"Region":"ASIA","Segment":"Blasting Solutions","Method":"Road","Product_tr":"Initiating System","Segment_id":1395,"Shape_Le_1":0.00078357536690499999,"Road":"Road_1","Length":70.643561258700004,"ID":"Road_1_1395"}},{"type":"Feature","id":1920,"geometry":{"type":"LineString","coordinates":[[120.99026506208304,36.6717563410823],[120.98949267124988,36.671621770128638]]},"properties":{"FID":1920,"Source_id":1,"Shape_Leng":125.63629865,"Region":"ASIA","Segment":"Blasting Solutions","Method":"Road","Product_tr":"Initiating System","Segment_id":1396,"Shape_Le_1":0.00078402610971999996,"Road":"Road_1","Length":70.6427410509,"ID":"Road_1_1396"}},{"type":"Feature","id":1921,"geometry":{"type":"LineString","coordinates":[[120.98949267124988,36.671621770128638],[120.98871606709292,36.671504642425361]]},"properties":{"FID":1921,"Source_id":1,"Shape_Leng":125.63629865,"Region":"ASIA","Segment":"Blasting Solutions","Method":"Road","Product_tr":"Initiating System","Segment_id":1397,"Shape_Le_1":0.00078538711185799999,"Road":"Road_1","Length":70.629306129400007,"ID":"Road_1_1397"}},{"type":"Feature","id":1922,"geometry":{"type":"LineString","coordinates":[[120.98871606709292,36.671504642425361],[120.98793926238716,36.671387813296974]]},"properties":{"FID":1922,"Source_id":1,"Shape_Leng":125.63629865,"Region":"ASIA","Segment":"Blasting Solutions","Method":"Road","Product_tr":"Initiating System","Segment_id":1398,"Shape_Le_1":0.00078554095764599998,"Road":"Road_1","Length":70.640942506100004,"ID":"Road_1_1398"}},{"type":"Feature","id":1923,"geometry":{"type":"LineString","coordinates":[[120.98793926238716,36.671387813296974],[120.98716214291858,36.671272346641558]]},"properties":{"FID":1923,"Source_id":1,"Shape_Leng":125.63629865,"Region":"ASIA","Segment":"Blasting Solutions","Method":"Road","Product_tr":"Initiating System","Segment_id":1399,"Shape_Le_1":0.00078565082381400002,"Road":"Road_1","Length":70.641123376300001,"ID":"Road_1_1399"}},{"type":"Feature","id":1924,"geometry":{"type":"LineString","coordinates":[[120.98716214291858,36.671272346641558],[120.9863835125891,36.671163937865515]]},"properties":{"FID":1924,"Source_id":1,"Shape_Leng":125.63629865,"Region":"ASIA","Segment":"Blasting Solutions","Method":"Road","Product_tr":"Initiating System","Segment_id":1400,"Shape_Le_1":0.00078614098780400001,"Road":"Road_1","Length":70.636446046100005,"ID":"Road_1_1400"}},{"type":"Feature","id":1925,"geometry":{"type":"LineString","coordinates":[[120.9863835125891,36.671163937865515],[120.98560351708875,36.671061984423091]]},"properties":{"FID":1925,"Source_id":1,"Shape_Leng":125.63629865,"Region":"ASIA","Segment":"Blasting Solutions","Method":"Road","Product_tr":"Initiating System","Segment_id":1401,"Shape_Le_1":0.000786630462792,"Road":"Road_1","Length":70.6385270631,"ID":"Road_1_1401"}},{"type":"Feature","id":1926,"geometry":{"type":"LineString","coordinates":[[120.98560351708875,36.671061984423091],[120.98482335611311,36.670961239669509]]},"properties":{"FID":1926,"Source_id":1,"Shape_Leng":125.63629865,"Region":"ASIA","Segment":"Blasting Solutions","Method":"Road","Product_tr":"Initiating System","Segment_id":1402,"Shape_Le_1":0.00078663883280799996,"Road":"Road_1","Length":70.631864233499996,"ID":"Road_1_1402"}},{"type":"Feature","id":1927,"geometry":{"type":"LineString","coordinates":[[120.98482335611311,36.670961239669509],[120.98404069682078,36.670873527891047]]},"properties":{"FID":1927,"Source_id":1,"Shape_Leng":125.63629865,"Region":"ASIA","Segment":"Blasting Solutions","Method":"Road","Product_tr":"Initiating System","Segment_id":1403,"Shape_Le_1":0.00078755883840299996,"Road":"Road_1","Length":70.638704927500001,"ID":"Road_1_1403"}},{"type":"Feature","id":1928,"geometry":{"type":"LineString","coordinates":[[120.98404069682078,36.670873527891047],[120.98325868504037,36.670782203535907]]},"properties":{"FID":1928,"Source_id":1,"Shape_Leng":125.63629865,"Region":"ASIA","Segment":"Blasting Solutions","Method":"Road","Product_tr":"Initiating System","Segment_id":1404,"Shape_Le_1":0.00078732621101500005,"Road":"Road_1","Length":70.637855108500005,"ID":"Road_1_1404"}},{"type":"Feature","id":1929,"geometry":{"type":"LineString","coordinates":[[120.98325868504037,36.670782203535907],[120.98247679916506,36.670690212783143]]},"properties":{"FID":1929,"Source_id":1,"Shape_Leng":125.63629865,"Region":"ASIA","Segment":"Blasting Solutions","Method":"Road","Product_tr":"Initiating System","Segment_id":1405,"Shape_Le_1":0.000787278743907,"Road":"Road_1","Length":70.637447763200001,"ID":"Road_1_1405"}},{"type":"Feature","id":1930,"geometry":{"type":"LineString","coordinates":[[120.98247679916506,36.670690212783143],[120.98169358858831,36.67060595530063]]},"properties":{"FID":1930,"Source_id":1,"Shape_Leng":125.63629865,"Region":"ASIA","Segment":"Blasting Solutions","Method":"Road","Product_tr":"Initiating System","Segment_id":1406,"Shape_Le_1":0.00078772973212900004,"Road":"Road_1","Length":70.635995328000007,"ID":"Road_1_1406"}},{"type":"Feature","id":1931,"geometry":{"type":"LineString","coordinates":[[120.98169358858831,36.67060595530063],[120.98091023501934,36.670522706857469]]},"properties":{"FID":1931,"Source_id":1,"Shape_Leng":125.63629865,"Region":"ASIA","Segment":"Blasting Solutions","Method":"Road","Product_tr":"Initiating System","Segment_id":1407,"Shape_Le_1":0.00078776463319800004,"Road":"Road_1","Length":70.634008386000005,"ID":"Road_1_1407"}},{"type":"Feature","id":1932,"geometry":{"type":"LineString","coordinates":[[120.98091023501934,36.670522706857469],[120.98012565027864,36.670447232154118]]},"properties":{"FID":1932,"Source_id":1,"Shape_Leng":125.63629865,"Region":"ASIA","Segment":"Blasting Solutions","Method":"Road","Product_tr":"Initiating System","Segment_id":1408,"Shape_Le_1":0.00078820660120599998,"Road":"Road_1","Length":70.635720241000001,"ID":"Road_1_1408"}},{"type":"Feature","id":1933,"geometry":{"type":"LineString","coordinates":[[120.98012565027864,36.670447232154118],[120.97934104305477,36.67037196069748]]},"properties":{"FID":1933,"Source_id":1,"Shape_Leng":125.63629865,"Region":"ASIA","Segment":"Blasting Solutions","Method":"Road","Product_tr":"Initiating System","Segment_id":1409,"Shape_Le_1":0.00078820954569399997,"Road":"Road_1","Length":70.635113086100006,"ID":"Road_1_1409"}},{"type":"Feature","id":1934,"geometry":{"type":"LineString","coordinates":[[120.97934104305477,36.67037196069748],[120.97855644392484,36.670296679348326]]},"properties":{"FID":1934,"Source_id":1,"Shape_Leng":125.63629865,"Region":"ASIA","Segment":"Blasting Solutions","Method":"Road","Product_tr":"Initiating System","Segment_id":1410,"Shape_Le_1":0.00078820243352600004,"Road":"Road_1","Length":70.6345922637,"ID":"Road_1_1410"}},{"type":"Feature","id":1935,"geometry":{"type":"LineString","coordinates":[[120.97855644392484,36.670296679348326],[120.97777174676878,36.670222127349348]]},"properties":{"FID":1935,"Source_id":1,"Shape_Leng":125.63629865,"Region":"ASIA","Segment":"Blasting Solutions","Method":"Road","Product_tr":"Initiating System","Segment_id":1411,"Shape_Le_1":0.00078823069420500002,"Road":"Road_1","Length":70.633835605599998,"ID":"Road_1_1411"}},{"type":"Feature","id":1936,"geometry":{"type":"LineString","coordinates":[[120.97777174676878,36.670222127349348],[120.97698687244622,36.670148835300552]]},"properties":{"FID":1936,"Source_id":1,"Shape_Leng":125.63629865,"Region":"ASIA","Segment":"Blasting Solutions","Method":"Road","Product_tr":"Initiating System","Segment_id":1412,"Shape_Le_1":0.00078828892332300003,"Road":"Road_1","Length":70.633394569800004,"ID":"Road_1_1412"}},{"type":"Feature","id":1937,"geometry":{"type":"LineString","coordinates":[[120.97698687244622,36.670148835300552],[120.97620150169803,36.670079133345382]]},"properties":{"FID":1937,"Source_id":1,"Shape_Leng":125.63629865,"Region":"ASIA","Segment":"Blasting Solutions","Method":"Road","Product_tr":"Initiating System","Segment_id":1413,"Shape_Le_1":0.00078845771900999998,"Road":"Road_1","Length":70.6328043038,"ID":"Road_1_1413"}},{"type":"Feature","id":1938,"geometry":{"type":"LineString","coordinates":[[120.97620150169803,36.670079133345382],[120.97541613994292,36.670009422396959]]},"properties":{"FID":1938,"Source_id":1,"Shape_Leng":125.63629865,"Region":"ASIA","Segment":"Blasting Solutions","Method":"Road","Product_tr":"Initiating System","Segment_id":1414,"Shape_Le_1":0.00078844955622699999,"Road":"Road_1","Length":70.632177431499997,"ID":"Road_1_1414"}},{"type":"Feature","id":1939,"geometry":{"type":"LineString","coordinates":[[120.97541613994292,36.670009422396959],[120.97463098413266,36.669938271633953]]},"properties":{"FID":1939,"Source_id":1,"Shape_Leng":125.63629865,"Region":"ASIA","Segment":"Blasting Solutions","Method":"Road","Product_tr":"Initiating System","Segment_id":1415,"Shape_Le_1":0.00078837305729299997,"Road":"Road_1","Length":70.6316240341,"ID":"Road_1_1415"}},{"type":"Feature","id":1940,"geometry":{"type":"LineString","coordinates":[[120.97463098413266,36.669938271633953],[120.97384441638678,36.669878294947409]]},"properties":{"FID":1940,"Source_id":1,"Shape_Leng":125.63629865,"Region":"ASIA","Segment":"Blasting Solutions","Method":"Road","Product_tr":"Initiating System","Segment_id":1416,"Shape_Le_1":0.00078885107706200004,"Road":"Road_1","Length":70.629493154499997,"ID":"Road_1_1416"}},{"type":"Feature","id":1941,"geometry":{"type":"LineString","coordinates":[[120.97384441638678,36.669878294947409],[120.97305721821613,36.669824140471746]]},"properties":{"FID":1941,"Source_id":1,"Shape_Leng":125.63629865,"Region":"ASIA","Segment":"Blasting Solutions","Method":"Road","Product_tr":"Initiating System","Segment_id":1417,"Shape_Le_1":0.00078905872222400004,"Road":"Road_1","Length":70.627744038800003,"ID":"Road_1_1417"}},{"type":"Feature","id":1942,"geometry":{"type":"LineString","coordinates":[[120.97305721821613,36.669824140471746],[120.97227245810757,36.66975036908434]]},"properties":{"FID":1942,"Source_id":1,"Shape_Leng":125.63629865,"Region":"ASIA","Segment":"Blasting Solutions","Method":"Road","Product_tr":"Initiating System","Segment_id":1418,"Shape_Le_1":0.00078821992209299999,"Road":"Road_1","Length":70.629757077199997,"ID":"Road_1_1418"}},{"type":"Feature","id":1943,"geometry":{"type":"LineString","coordinates":[[120.97227245810757,36.66975036908434],[120.97148824838405,36.669672930261584]]},"properties":{"FID":1943,"Source_id":1,"Shape_Leng":125.63629865,"Region":"ASIA","Segment":"Blasting Solutions","Method":"Road","Product_tr":"Initiating System","Segment_id":1419,"Shape_Le_1":0.00078802389667600005,"Road":"Road_1","Length":70.629316815999999,"ID":"Road_1_1419"}},{"type":"Feature","id":1944,"geometry":{"type":"LineString","coordinates":[[120.97148824838405,36.669672930261584],[120.97070404675446,36.669595482445629]]},"properties":{"FID":1944,"Source_id":1,"Shape_Leng":125.63629865,"Region":"ASIA","Segment":"Blasting Solutions","Method":"Road","Product_tr":"Initiating System","Segment_id":1420,"Shape_Le_1":0.00078801672573600005,"Road":"Road_1","Length":70.628789777099996,"ID":"Road_1_1420"}},{"type":"Feature","id":1945,"geometry":{"type":"LineString","coordinates":[[120.97070404675446,36.669595482445629],[120.96991985411807,36.669518025636421]]},"properties":{"FID":1945,"Source_id":1,"Shape_Leng":125.63629865,"Region":"ASIA","Segment":"Blasting Solutions","Method":"Road","Product_tr":"Initiating System","Segment_id":1421,"Shape_Le_1":0.00078800866001499999,"Road":"Road_1","Length":70.628182971100003,"ID":"Road_1_1421"}},{"type":"Feature","id":1946,"geometry":{"type":"LineString","coordinates":[[120.96991985411807,36.669518025636421],[120.96913567047488,36.669440559834015]]},"properties":{"FID":1946,"Source_id":1,"Shape_Leng":125.63629865,"Region":"ASIA","Segment":"Blasting Solutions","Method":"Road","Product_tr":"Initiating System","Segment_id":1422,"Shape_Le_1":0.00078800059441000003,"Road":"Road_1","Length":70.627576183800002,"ID":"Road_1_1422"}},{"type":"Feature","id":1947,"geometry":{"type":"LineString","coordinates":[[120.96913567047488,36.669440559834015],[120.96835173504462,36.669361522016686]]},"properties":{"FID":1947,"Source_id":1,"Shape_Leng":125.63629865,"Region":"ASIA","Segment":"Blasting Solutions","Method":"Road","Product_tr":"Initiating System","Segment_id":1423,"Shape_Le_1":0.00078790972540700003,"Road":"Road_1","Length":70.627074543800006,"ID":"Road_1_1423"}},{"type":"Feature","id":1948,"geometry":{"type":"LineString","coordinates":[[120.96835173504462,36.669361522016686],[120.96756709814315,36.66928737471261]]},"properties":{"FID":1948,"Source_id":1,"Shape_Leng":125.63629865,"Region":"ASIA","Segment":"Blasting Solutions","Method":"Road","Product_tr":"Initiating System","Segment_id":1424,"Shape_Le_1":0.00078813253317700004,"Road":"Road_1","Length":70.6240824076,"ID":"Road_1_1424"}},{"type":"Feature","id":1949,"geometry":{"type":"LineString","coordinates":[[120.96756709814315,36.66928737471261],[120.96678168152948,36.669218651219808]]},"properties":{"FID":1949,"Source_id":1,"Shape_Leng":125.63629865,"Region":"ASIA","Segment":"Blasting Solutions","Method":"Road","Product_tr":"Initiating System","Segment_id":1425,"Shape_Le_1":0.00078841751343199996,"Road":"Road_1","Length":70.625849758599998,"ID":"Road_1_1425"}},{"type":"Feature","id":1950,"geometry":{"type":"LineString","coordinates":[[120.96678168152948,36.669218651219808],[120.9659977434012,36.66914050912726]]},"properties":{"FID":1950,"Source_id":1,"Shape_Leng":125.63629865,"Region":"ASIA","Segment":"Blasting Solutions","Method":"Road","Product_tr":"Initiating System","Segment_id":1426,"Shape_Le_1":0.00078782306109800003,"Road":"Road_1","Length":70.615237899099995,"ID":"Road_1_1426"}},{"type":"Feature","id":1951,"geometry":{"type":"LineString","coordinates":[[120.9659977434012,36.66914050912726],[120.96521433947021,36.669058434299359]]},"properties":{"FID":1951,"Source_id":1,"Shape_Leng":125.63629865,"Region":"ASIA","Segment":"Blasting Solutions","Method":"Road","Product_tr":"Initiating System","Segment_id":1427,"Shape_Le_1":0.00078769156176399999,"Road":"Road_1","Length":70.622873128899997,"ID":"Road_1_1427"}},{"type":"Feature","id":1952,"geometry":{"type":"LineString","coordinates":[[120.96521433947021,36.669058434299359],[120.96443075117827,36.668977452147772]]},"properties":{"FID":1952,"Source_id":1,"Shape_Leng":125.63629865,"Region":"ASIA","Segment":"Blasting Solutions","Method":"Road","Product_tr":"Initiating System","Segment_id":1428,"Shape_Le_1":0.00078776184227100001,"Road":"Road_1","Length":70.623757987700003,"ID":"Road_1_1428"}},{"type":"Feature","id":1953,"geometry":{"type":"LineString","coordinates":[[120.96443075117827,36.668977452147772],[120.96364740390459,36.668894992410003]]},"properties":{"FID":1953,"Source_id":1,"Shape_Leng":125.63629865,"Region":"ASIA","Segment":"Blasting Solutions","Method":"Road","Product_tr":"Initiating System","Segment_id":1429,"Shape_Le_1":0.00078767541508999997,"Road":"Road_1","Length":70.6235188892,"ID":"Road_1_1429"}},{"type":"Feature","id":1954,"geometry":{"type":"LineString","coordinates":[[120.96364740390459,36.668894992410003],[120.96286369240556,36.668814870909614]]},"properties":{"FID":1954,"Source_id":1,"Shape_Leng":125.63629865,"Region":"ASIA","Segment":"Blasting Solutions","Method":"Road","Product_tr":"Initiating System","Segment_id":1430,"Shape_Le_1":0.00078779640042899997,"Road":"Road_1","Length":70.622741532600003,"ID":"Road_1_1430"}},{"type":"Feature","id":1955,"geometry":{"type":"LineString","coordinates":[[120.96286369240556,36.668814870909614],[120.96207929022717,36.668739514017432]]},"properties":{"FID":1955,"Source_id":1,"Shape_Leng":125.63629865,"Region":"ASIA","Segment":"Blasting Solutions","Method":"Road","Product_tr":"Initiating System","Segment_id":1431,"Shape_Le_1":0.00078801360310099997,"Road":"Road_1","Length":70.619504279899999,"ID":"Road_1_1431"}},{"type":"Feature","id":1956,"geometry":{"type":"LineString","coordinates":[[120.96207929022717,36.668739514017432],[120.9612950157524,36.668663371117759]]},"properties":{"FID":1956,"Source_id":1,"Shape_Leng":125.63629865,"Region":"ASIA","Segment":"Blasting Solutions","Method":"Road","Product_tr":"Initiating System","Segment_id":1432,"Shape_Le_1":0.00078796205044600004,"Road":"Road_1","Length":70.618620110799995,"ID":"Road_1_1432"}},{"type":"Feature","id":1957,"geometry":{"type":"LineString","coordinates":[[120.9612950157524,36.668663371117759],[120.96051207677101,36.668580530966778]]},"properties":{"FID":1957,"Source_id":1,"Shape_Leng":125.63629865,"Region":"ASIA","Segment":"Blasting Solutions","Method":"Road","Product_tr":"Initiating System","Segment_id":1433,"Shape_Le_1":0.000787309303382,"Road":"Road_1","Length":70.593094112700001,"ID":"Road_1_1433"}},{"type":"Feature","id":1958,"geometry":{"type":"LineString","coordinates":[[120.96051207677101,36.668580530966778],[120.95973183845365,36.668481089330839]]},"properties":{"FID":1958,"Source_id":1,"Shape_Leng":125.63629865,"Region":"ASIA","Segment":"Blasting Solutions","Method":"Road","Product_tr":"Initiating System","Segment_id":1434,"Shape_Le_1":0.00078654972559700001,"Road":"Road_1","Length":70.618159091400003,"ID":"Road_1_1434"}},{"type":"Feature","id":1959,"geometry":{"type":"LineString","coordinates":[[120.95973183845365,36.668481089330839],[120.95894655763755,36.668415157333698]]},"properties":{"FID":1959,"Source_id":1,"Shape_Leng":125.63629865,"Region":"ASIA","Segment":"Blasting Solutions","Method":"Road","Product_tr":"Initiating System","Segment_id":1435,"Shape_Le_1":0.000788043773141,"Road":"Road_1","Length":70.581723839000006,"ID":"Road_1_1435"}},{"type":"Feature","id":1960,"geometry":{"type":"LineString","coordinates":[[120.95894655763755,36.668415157333698],[120.95816073632898,36.668351073443318]]},"properties":{"FID":1960,"Source_id":1,"Shape_Leng":125.63629865,"Region":"ASIA","Segment":"Blasting Solutions","Method":"Road","Product_tr":"Initiating System","Segment_id":1436,"Shape_Le_1":0.00078843000577499996,"Road":"Road_1","Length":70.608890303400003,"ID":"Road_1_1436"}},{"type":"Feature","id":1961,"geometry":{"type":"LineString","coordinates":[[120.95816073632898,36.668351073443318],[120.95737680449599,36.668272682238523]]},"properties":{"FID":1961,"Source_id":1,"Shape_Leng":125.63629865,"Region":"ASIA","Segment":"Blasting Solutions","Method":"Road","Product_tr":"Initiating System","Segment_id":1437,"Shape_Le_1":0.00078784154482699998,"Road":"Road_1","Length":70.618860084199994,"ID":"Road_1_1437"}},{"type":"Feature","id":1962,"geometry":{"type":"LineString","coordinates":[[120.95737680449599,36.668272682238523],[120.95659118553488,36.668206684590871]]},"properties":{"FID":1962,"Source_id":1,"Shape_Leng":125.63629865,"Region":"ASIA","Segment":"Blasting Solutions","Method":"Road","Product_tr":"Initiating System","Segment_id":1438,"Shape_Le_1":0.00078838622613700005,"Road":"Road_1","Length":70.612733702300005,"ID":"Road_1_1438"}},{"type":"Feature","id":1963,"geometry":{"type":"LineString","coordinates":[[120.95659118553488,36.668206684590871],[120.95580481294178,36.668146369759199]]},"properties":{"FID":1963,"Source_id":1,"Shape_Leng":125.63629865,"Region":"ASIA","Segment":"Blasting Solutions","Method":"Road","Product_tr":"Initiating System","Segment_id":1439,"Shape_Le_1":0.00078868227702599998,"Road":"Road_1","Length":70.617239818800002,"ID":"Road_1_1439"}},{"type":"Feature","id":1964,"geometry":{"type":"LineString","coordinates":[[120.95580481294178,36.668146369759199],[120.95501739173926,36.668095869229035]]},"properties":{"FID":1964,"Source_id":1,"Shape_Leng":125.63629865,"Region":"ASIA","Segment":"Blasting Solutions","Method":"Road","Product_tr":"Initiating System","Segment_id":1440,"Shape_Le_1":0.00078903894309500003,"Road":"Road_1","Length":70.615843836099998,"ID":"Road_1_1440"}},{"type":"Feature","id":1965,"geometry":{"type":"LineString","coordinates":[[120.95501739173926,36.668095869229035],[120.95422941115851,36.668051481390819]]},"properties":{"FID":1965,"Source_id":1,"Shape_Leng":125.63629865,"Region":"ASIA","Segment":"Blasting Solutions","Method":"Road","Product_tr":"Initiating System","Segment_id":1441,"Shape_Le_1":0.00078922979912399995,"Road":"Road_1","Length":70.615178725600003,"ID":"Road_1_1441"}},{"type":"Feature","id":1966,"geometry":{"type":"LineString","coordinates":[[120.95422941115851,36.668051481390819],[120.95344177142067,36.668003235461015]]},"properties":{"FID":1966,"Source_id":1,"Shape_Leng":125.63629865,"Region":"ASIA","Segment":"Blasting Solutions","Method":"Road","Product_tr":"Initiating System","Segment_id":1442,"Shape_Le_1":0.00078911597776400004,"Road":"Road_1","Length":70.615994001900006,"ID":"Road_1_1442"}},{"type":"Feature","id":1967,"geometry":{"type":"LineString","coordinates":[[120.95344177142067,36.668003235461015],[120.95265468656464,36.667949590900946]]},"properties":{"FID":1967,"Source_id":1,"Shape_Leng":125.63629865,"Region":"ASIA","Segment":"Blasting Solutions","Method":"Road","Product_tr":"Initiating System","Segment_id":1443,"Shape_Le_1":0.00078891083743,"Road":"Road_1","Length":70.6145585668,"ID":"Road_1_1443"}},{"type":"Feature","id":1968,"geometry":{"type":"LineString","coordinates":[[120.95265468656464,36.667949590900946],[120.95186665831966,36.667906507079692]]},"properties":{"FID":1968,"Source_id":1,"Shape_Leng":125.63629865,"Region":"ASIA","Segment":"Blasting Solutions","Method":"Road","Product_tr":"Initiating System","Segment_id":1444,"Shape_Le_1":0.00078920512577199998,"Road":"Road_1","Length":70.609615787199999,"ID":"Road_1_1444"}},{"type":"Feature","id":1969,"geometry":{"type":"LineString","coordinates":[[120.95186665831966,36.667906507079692],[120.95107772895415,36.667875257437231]]},"properties":{"FID":1969,"Source_id":1,"Shape_Leng":125.63629865,"Region":"ASIA","Segment":"Blasting Solutions","Method":"Road","Product_tr":"Initiating System","Segment_id":1445,"Shape_Le_1":0.00078954802508900005,"Road":"Road_1","Length":70.613358506799997,"ID":"Road_1_1445"}},{"type":"Feature","id":1970,"geometry":{"type":"LineString","coordinates":[[120.95107772895415,36.667875257437231],[120.95028937965117,36.667836097358077]]},"properties":{"FID":1970,"Source_id":1,"Shape_Leng":125.63629865,"Region":"ASIA","Segment":"Blasting Solutions","Method":"Road","Product_tr":"Initiating System","Segment_id":1446,"Shape_Le_1":0.00078932131309600003,"Road":"Road_1","Length":70.610182756699999,"ID":"Road_1_1446"}},{"type":"Feature","id":1971,"geometry":{"type":"LineString","coordinates":[[120.95028937965117,36.667836097358077],[120.94950033247437,36.667809693262768]]},"properties":{"FID":1971,"Source_id":1,"Shape_Leng":125.63629865,"Region":"ASIA","Segment":"Blasting Solutions","Method":"Road","Product_tr":"Initiating System","Segment_id":1447,"Shape_Le_1":0.00078948883681600004,"Road":"Road_1","Length":70.5995793142,"ID":"Road_1_1447"}},{"type":"Feature","id":1972,"geometry":{"type":"LineString","coordinates":[[120.94950033247437,36.667809693262768],[120.94871093815937,36.667788248928616]]},"properties":{"FID":1972,"Source_id":1,"Shape_Leng":125.63629865,"Region":"ASIA","Segment":"Blasting Solutions","Method":"Road","Product_tr":"Initiating System","Segment_id":1448,"Shape_Le_1":0.00078968553490100005,"Road":"Road_1","Length":70.609916180400006,"ID":"Road_1_1448"}},{"type":"Feature","id":1973,"geometry":{"type":"LineString","coordinates":[[120.94871093815937,36.667788248928616],[120.94792163467571,36.667765243371321]]},"properties":{"FID":1973,"Source_id":1,"Shape_Leng":125.63629865,"Region":"ASIA","Segment":"Blasting Solutions","Method":"Road","Product_tr":"Initiating System","Segment_id":1449,"Shape_Le_1":0.00078963868001700002,"Road":"Road_1","Length":70.607872910200001,"ID":"Road_1_1449"}},{"type":"Feature","id":1974,"geometry":{"type":"LineString","coordinates":[[120.94792163467571,36.667765243371321],[120.94713195077895,36.667751743648125]]},"properties":{"FID":1974,"Source_id":1,"Shape_Leng":125.63629865,"Region":"ASIA","Segment":"Blasting Solutions","Method":"Road","Product_tr":"Initiating System","Segment_id":1450,"Shape_Le_1":0.00078979927786799998,"Road":"Road_1","Length":70.611622254599993,"ID":"Road_1_1450"}},{"type":"Feature","id":1975,"geometry":{"type":"LineString","coordinates":[[120.94713195077895,36.667751743648125],[120.94634223360731,36.667760000323824]]},"properties":{"FID":1975,"Source_id":1,"Shape_Leng":125.63629865,"Region":"ASIA","Segment":"Blasting Solutions","Method":"Road","Product_tr":"Initiating System","Segment_id":1451,"Shape_Le_1":0.00078976033319000003,"Road":"Road_1","Length":70.604651506799996,"ID":"Road_1_1451"}},{"type":"Feature","id":1976,"geometry":{"type":"LineString","coordinates":[[120.94634223360731,36.667760000323824],[120.94555238333589,36.667760003021783]]},"properties":{"FID":1976,"Source_id":1,"Shape_Leng":125.63629865,"Region":"ASIA","Segment":"Blasting Solutions","Method":"Road","Product_tr":"Initiating System","Segment_id":1452,"Shape_Le_1":0.00078985027142200004,"Road":"Road_1","Length":70.610601024000005,"ID":"Road_1_1452"}},{"type":"Feature","id":1977,"geometry":{"type":"LineString","coordinates":[[120.94555238333589,36.667760003021783],[120.94476261220484,36.667765859406927]]},"properties":{"FID":1977,"Source_id":1,"Shape_Leng":125.63629865,"Region":"ASIA","Segment":"Blasting Solutions","Method":"Road","Product_tr":"Initiating System","Segment_id":1453,"Shape_Le_1":0.00078979284416399998,"Road":"Road_1","Length":70.606514397599994,"ID":"Road_1_1453"}},{"type":"Feature","id":1978,"geometry":{"type":"LineString","coordinates":[[120.94476261220484,36.667765859406927],[120.94397282578529,36.66776999988565]]},"properties":{"FID":1978,"Source_id":1,"Shape_Leng":125.63629865,"Region":"ASIA","Segment":"Blasting Solutions","Method":"Road","Product_tr":"Initiating System","Segment_id":1454,"Shape_Le_1":0.00078979727276200001,"Road":"Road_1","Length":70.606380633599997,"ID":"Road_1_1454"}},{"type":"Feature","id":1979,"geometry":{"type":"LineString","coordinates":[[120.94397282578529,36.66776999988565],[120.9431832390153,36.667785675968219]]},"properties":{"FID":1979,"Source_id":1,"Shape_Leng":125.63629865,"Region":"ASIA","Segment":"Blasting Solutions","Method":"Road","Product_tr":"Initiating System","Segment_id":1455,"Shape_Le_1":0.000789742367433,"Road":"Road_1","Length":70.608461065499995,"ID":"Road_1_1455"}},{"type":"Feature","id":1980,"geometry":{"type":"LineString","coordinates":[[120.9431832390153,36.667785675968219],[120.94239366033923,36.667801660518251]]},"properties":{"FID":1980,"Source_id":1,"Shape_Leng":125.63629865,"Region":"ASIA","Segment":"Blasting Solutions","Method":"Road","Product_tr":"Initiating System","Segment_id":1456,"Shape_Le_1":0.00078974045833600005,"Road":"Road_1","Length":70.608574915999995,"ID":"Road_1_1456"}},{"type":"Feature","id":1981,"geometry":{"type":"LineString","coordinates":[[120.94239366033923,36.667801660518251],[120.94160412483052,36.667818824079518]]},"properties":{"FID":1981,"Source_id":1,"Shape_Leng":125.63629865,"Region":"ASIA","Segment":"Blasting Solutions","Method":"Road","Product_tr":"Initiating System","Segment_id":1457,"Shape_Le_1":0.00078972204436699995,"Road":"Road_1","Length":70.608110153799998,"ID":"Road_1_1457"}},{"type":"Feature","id":1982,"geometry":{"type":"LineString","coordinates":[[120.94160412483052,36.667818824079518],[120.94081494545344,36.66784430277238]]},"properties":{"FID":1982,"Source_id":1,"Shape_Leng":125.63629865,"Region":"ASIA","Segment":"Blasting Solutions","Method":"Road","Product_tr":"Initiating System","Segment_id":1458,"Shape_Le_1":0.000789590560352,"Road":"Road_1","Length":70.607192765099995,"ID":"Road_1_1458"}},{"type":"Feature","id":1983,"geometry":{"type":"LineString","coordinates":[[120.94081494545344,36.66784430277238],[120.94002632095805,36.667877927524387]]},"properties":{"FID":1983,"Source_id":1,"Shape_Leng":125.63629865,"Region":"ASIA","Segment":"Blasting Solutions","Method":"Road","Product_tr":"Initiating System","Segment_id":1459,"Shape_Le_1":0.00078934100278000002,"Road":"Road_1","Length":70.599603619899995,"ID":"Road_1_1459"}},{"type":"Feature","id":1984,"geometry":{"type":"LineString","coordinates":[[120.94002632095805,36.667877927524387],[120.93923849326188,36.667922945787382]]},"properties":{"FID":1984,"Source_id":1,"Shape_Leng":125.63629865,"Region":"ASIA","Segment":"Blasting Solutions","Method":"Road","Product_tr":"Initiating System","Segment_id":1460,"Shape_Le_1":0.00078911287079800002,"Road":"Road_1","Length":70.606617490100007,"ID":"Road_1_1460"}},{"type":"Feature","id":1985,"geometry":{"type":"LineString","coordinates":[[120.93923849326188,36.667922945787382],[120.93845041915154,36.667964951321494]]},"properties":{"FID":1985,"Source_id":1,"Shape_Leng":125.63629865,"Region":"ASIA","Segment":"Blasting Solutions","Method":"Road","Product_tr":"Initiating System","Segment_id":1461,"Shape_Le_1":0.00078919279538899997,"Road":"Road_1","Length":70.605691277600002,"ID":"Road_1_1461"}},{"type":"Feature","id":1986,"geometry":{"type":"LineString","coordinates":[[120.93845041915154,36.667964951321494],[120.93766219665315,36.668005114144762]]},"properties":{"FID":1986,"Source_id":1,"Shape_Leng":125.63629865,"Region":"ASIA","Segment":"Blasting Solutions","Method":"Road","Product_tr":"Initiating System","Segment_id":1462,"Shape_Le_1":0.000789245056579,"Road":"Road_1","Length":70.605687411800005,"ID":"Road_1_1462"}},{"type":"Feature","id":1987,"geometry":{"type":"LineString","coordinates":[[120.93766219665315,36.668005114144762],[120.93687477455126,36.668053923949458]]},"properties":{"FID":1987,"Source_id":1,"Shape_Leng":125.63629865,"Region":"ASIA","Segment":"Blasting Solutions","Method":"Road","Product_tr":"Initiating System","Segment_id":1463,"Shape_Le_1":0.00078893343419199997,"Road":"Road_1","Length":70.6013650955,"ID":"Road_1_1463"}},{"type":"Feature","id":1988,"geometry":{"type":"LineString","coordinates":[[120.93687477455126,36.668053923949458],[120.93608782549279,36.668107822118372]]},"properties":{"FID":1988,"Source_id":1,"Shape_Leng":125.63629865,"Region":"ASIA","Segment":"Blasting Solutions","Method":"Road","Product_tr":"Initiating System","Segment_id":1464,"Shape_Le_1":0.00078879264273399999,"Road":"Road_1","Length":70.604745681899999,"ID":"Road_1_1464"}},{"type":"Feature","id":1989,"geometry":{"type":"LineString","coordinates":[[120.93608782549279,36.668107822118372],[120.93530248262357,36.668174817114163]]},"properties":{"FID":1989,"Source_id":1,"Shape_Leng":125.63629865,"Region":"ASIA","Segment":"Blasting Solutions","Method":"Road","Product_tr":"Initiating System","Segment_id":1465,"Shape_Le_1":0.00078819524973099998,"Road":"Road_1","Length":70.599843032899997,"ID":"Road_1_1465"}},{"type":"Feature","id":1990,"geometry":{"type":"LineString","coordinates":[[120.93530248262357,36.668174817114163],[120.93451764337465,36.668245863555796]]},"properties":{"FID":1990,"Source_id":1,"Shape_Leng":125.63629865,"Region":"ASIA","Segment":"Blasting Solutions","Method":"Road","Product_tr":"Initiating System","Segment_id":1466,"Shape_Le_1":0.00078804837638199996,"Road":"Road_1","Length":70.603799423699996,"ID":"Road_1_1466"}},{"type":"Feature","id":1991,"geometry":{"type":"LineString","coordinates":[[120.93451764337465,36.668245863555796],[120.93373319263276,36.668319616956808]]},"properties":{"FID":1991,"Source_id":1,"Shape_Leng":125.63629865,"Region":"ASIA","Segment":"Blasting Solutions","Method":"Road","Product_tr":"Initiating System","Segment_id":1467,"Shape_Le_1":0.000787910230046,"Road":"Road_1","Length":70.603411928499995,"ID":"Road_1_1467"}},{"type":"Feature","id":1992,"geometry":{"type":"LineString","coordinates":[[120.93373319263276,36.668319616956808],[120.93294815463366,36.668389012243154]]},"properties":{"FID":1992,"Source_id":1,"Shape_Leng":125.63629865,"Region":"ASIA","Segment":"Blasting Solutions","Method":"Road","Product_tr":"Initiating System","Segment_id":1468,"Shape_Le_1":0.00078809921062600004,"Road":"Road_1","Length":70.601105080099998,"ID":"Road_1_1468"}},{"type":"Feature","id":1993,"geometry":{"type":"LineString","coordinates":[[120.93294815463366,36.668389012243154],[120.93216366791899,36.66846230429195]]},"properties":{"FID":1993,"Source_id":1,"Shape_Leng":125.63629865,"Region":"ASIA","Segment":"Blasting Solutions","Method":"Road","Product_tr":"Initiating System","Segment_id":1469,"Shape_Le_1":0.00078790299524999997,"Road":"Road_1","Length":70.600561019500006,"ID":"Road_1_1469"}},{"type":"Feature","id":1994,"geometry":{"type":"LineString","coordinates":[[120.93216366791899,36.66846230429195],[120.93138030355817,36.668543126364227]]},"properties":{"FID":1994,"Source_id":1,"Shape_Leng":125.63629865,"Region":"ASIA","Segment":"Blasting Solutions","Method":"Road","Product_tr":"Initiating System","Segment_id":1470,"Shape_Le_1":0.00078752265310899996,"Road":"Road_1","Length":70.602106280499996,"ID":"Road_1_1470"}},{"type":"Feature","id":1995,"geometry":{"type":"LineString","coordinates":[[120.93138030355817,36.668543126364227],[120.93059855078252,36.66863282024849]]},"properties":{"FID":1995,"Source_id":1,"Shape_Leng":125.63629865,"Region":"ASIA","Segment":"Blasting Solutions","Method":"Road","Product_tr":"Initiating System","Segment_id":1471,"Shape_Le_1":0.000786881436503,"Road":"Road_1","Length":70.591205754100002,"ID":"Road_1_1471"}},{"type":"Feature","id":1996,"geometry":{"type":"LineString","coordinates":[[120.93059855078252,36.66863282024849],[120.92981980264187,36.668738667755349]]},"properties":{"FID":1996,"Source_id":1,"Shape_Leng":125.63629865,"Region":"ASIA","Segment":"Blasting Solutions","Method":"Road","Product_tr":"Initiating System","Segment_id":1472,"Shape_Le_1":0.00078590862144999995,"Road":"Road_1","Length":70.601227258500003,"ID":"Road_1_1472"}},{"type":"Feature","id":1997,"geometry":{"type":"LineString","coordinates":[[120.92981980264187,36.668738667755349],[120.92903682678821,36.66882177950157]]},"properties":{"FID":1997,"Source_id":1,"Shape_Leng":125.63629865,"Region":"ASIA","Segment":"Blasting Solutions","Method":"Road","Product_tr":"Initiating System","Segment_id":1473,"Shape_Le_1":0.00078737459305300002,"Road":"Road_1","Length":70.600151215300002,"ID":"Road_1_1473"}},{"type":"Feature","id":1998,"geometry":{"type":"LineString","coordinates":[[120.92903682678821,36.66882177950157],[120.92825800310447,36.668926060389424]]},"properties":{"FID":1998,"Source_id":1,"Shape_Leng":125.63629865,"Region":"ASIA","Segment":"Blasting Solutions","Method":"Road","Product_tr":"Initiating System","Segment_id":1474,"Shape_Le_1":0.00078577403489299999,"Road":"Road_1","Length":70.579006458600006,"ID":"Road_1_1474"}},{"type":"Feature","id":1999,"geometry":{"type":"LineString","coordinates":[[120.92825800310447,36.668926060389424],[120.92748399529023,36.66905216062878]]},"properties":{"FID":1999,"Source_id":1,"Shape_Leng":125.63629865,"Region":"ASIA","Segment":"Blasting Solutions","Method":"Road","Product_tr":"Initiating System","Segment_id":1475,"Shape_Le_1":0.00078421257760599998,"Road":"Road_1","Length":70.594059361000006,"ID":"Road_1_1475"}},{"type":"Feature","id":2000,"geometry":{"type":"LineString","coordinates":[[120.92748399529023,36.66905216062878],[120.92670702690782,36.669164900539784]]},"properties":{"FID":2000,"Source_id":1,"Shape_Leng":125.63629865,"Region":"ASIA","Segment":"Blasting Solutions","Method":"Road","Product_tr":"Initiating System","Segment_id":1476,"Shape_Le_1":0.00078510518709200001,"Road":"Road_1","Length":70.5755358726,"ID":"Road_1_1476"}},{"type":"Feature","id":2001,"geometry":{"type":"LineString","coordinates":[[120.92670702690782,36.669164900539784],[120.92592810969461,36.66926983253677]]},"properties":{"FID":2001,"Source_id":1,"Shape_Leng":125.63629865,"Region":"ASIA","Segment":"Blasting Solutions","Method":"Road","Product_tr":"Initiating System","Segment_id":1477,"Shape_Le_1":0.000785953401308,"Road":"Road_1","Length":70.598830935699993,"ID":"Road_1_1477"}},{"type":"Feature","id":2002,"geometry":{"type":"LineString","coordinates":[[120.92592810969461,36.66926983253677],[120.92514930129926,36.669375286140621]]},"properties":{"FID":2002,"Source_id":1,"Shape_Leng":125.63629865,"Region":"ASIA","Segment":"Blasting Solutions","Method":"Road","Product_tr":"Initiating System","Segment_id":1478,"Shape_Le_1":0.00078591537663900003,"Road":"Road_1","Length":70.598714508300006,"ID":"Road_1_1478"}},{"type":"Feature","id":2003,"geometry":{"type":"LineString","coordinates":[[120.92514930129926,36.669375286140621],[120.924369638548,36.669476546205715]]},"properties":{"FID":2003,"Source_id":1,"Shape_Leng":125.63629865,"Region":"ASIA","Segment":"Blasting Solutions","Method":"Road","Product_tr":"Initiating System","Segment_id":1479,"Shape_Le_1":0.00078621091729800001,"Road":"Road_1","Length":70.598378821799997,"ID":"Road_1_1479"}},{"type":"Feature","id":2004,"geometry":{"type":"LineString","coordinates":[[120.924369638548,36.669476546205715],[120.92359006303104,36.66957821096571]]},"properties":{"FID":2004,"Source_id":1,"Shape_Leng":125.63629865,"Region":"ASIA","Segment":"Blasting Solutions","Method":"Road","Product_tr":"Initiating System","Segment_id":1480,"Shape_Le_1":0.00078617664049899995,"Road":"Road_1","Length":70.597752467700005,"ID":"Road_1_1480"}},{"type":"Feature","id":2005,"geometry":{"type":"LineString","coordinates":[[120.92359006303104,36.66957821096571],[120.92281157389505,36.669685131363792]]},"properties":{"FID":2005,"Source_id":1,"Shape_Leng":125.63629865,"Region":"ASIA","Segment":"Blasting Solutions","Method":"Road","Product_tr":"Initiating System","Segment_id":1481,"Shape_Le_1":0.00078579724254400005,"Road":"Road_1","Length":70.597468954600004,"ID":"Road_1_1481"}},{"type":"Feature","id":2006,"geometry":{"type":"LineString","coordinates":[[120.92281157389505,36.669685131363792],[120.92203344178995,36.669793712809678]]},"properties":{"FID":2006,"Source_id":1,"Shape_Leng":125.63629865,"Region":"ASIA","Segment":"Blasting Solutions","Method":"Road","Product_tr":"Initiating System","Segment_id":1482,"Shape_Le_1":0.00078567137110499997,"Road":"Road_1","Length":70.597138036700002,"ID":"Road_1_1482"}},{"type":"Feature","id":2007,"geometry":{"type":"LineString","coordinates":[[120.92203344178995,36.669793712809678],[120.92125531058423,36.669902282564351]]},"properties":{"FID":2007,"Source_id":1,"Shape_Leng":125.63629865,"Region":"ASIA","Segment":"Blasting Solutions","Method":"Road","Product_tr":"Initiating System","Segment_id":1483,"Shape_Le_1":0.00078566886469199997,"Road":"Road_1","Length":70.5967411373,"ID":"Road_1_1483"}},{"type":"Feature","id":2008,"geometry":{"type":"LineString","coordinates":[[120.92125531058423,36.669902282564351],[120.92047705796995,36.670010266860402]]},"properties":{"FID":2008,"Source_id":1,"Shape_Leng":125.63629865,"Region":"ASIA","Segment":"Blasting Solutions","Method":"Road","Product_tr":"Initiating System","Segment_id":1484,"Shape_Le_1":0.00078570843181799996,"Road":"Road_1","Length":70.596282209400002,"ID":"Road_1_1484"}},{"type":"Feature","id":2009,"geometry":{"type":"LineString","coordinates":[[120.92047705796995,36.670010266860402],[120.91969877657732,36.67011810007034]]},"properties":{"FID":2009,"Source_id":1,"Shape_Leng":125.63629865,"Region":"ASIA","Segment":"Blasting Solutions","Method":"Road","Product_tr":"Initiating System","Segment_id":1485,"Shape_Le_1":0.000785716187484,"Road":"Road_1","Length":70.595877911200006,"ID":"Road_1_1485"}},{"type":"Feature","id":2010,"geometry":{"type":"LineString","coordinates":[[120.91969877657732,36.67011810007034],[120.91891913001393,36.670219267505217]]},"properties":{"FID":2010,"Source_id":1,"Shape_Leng":125.63629865,"Region":"ASIA","Segment":"Blasting Solutions","Method":"Road","Product_tr":"Initiating System","Segment_id":1486,"Shape_Le_1":0.00078618293906799997,"Road":"Road_1","Length":70.594653635100002,"ID":"Road_1_1486"}},{"type":"Feature","id":2011,"geometry":{"type":"LineString","coordinates":[[120.91891913001393,36.670219267505217],[120.9181391605938,36.670318836844899]]},"properties":{"FID":2011,"Source_id":1,"Shape_Leng":125.63629865,"Region":"ASIA","Segment":"Blasting Solutions","Method":"Road","Product_tr":"Initiating System","Segment_id":1487,"Shape_Le_1":0.00078629914775000002,"Road":"Road_1","Length":70.595084319700007,"ID":"Road_1_1487"}},{"type":"Feature","id":2012,"geometry":{"type":"LineString","coordinates":[[120.9181391605938,36.670318836844899],[120.91735983149113,36.670421514241525]]},"properties":{"FID":2012,"Source_id":1,"Shape_Leng":125.63629865,"Region":"ASIA","Segment":"Blasting Solutions","Method":"Road","Product_tr":"Initiating System","Segment_id":1488,"Shape_Le_1":0.00078606392745499999,"Road":"Road_1","Length":70.593308439200001,"ID":"Road_1_1488"}},{"type":"Feature","id":2013,"geometry":{"type":"LineString","coordinates":[[120.91735983149113,36.670421514241525],[120.91658165531919,36.670529763837578]]},"properties":{"FID":2013,"Source_id":1,"Shape_Leng":125.63629865,"Region":"ASIA","Segment":"Blasting Solutions","Method":"Road","Product_tr":"Initiating System","Segment_id":1489,"Shape_Le_1":0.00078566922404500002,"Road":"Road_1","Length":70.594091119500007,"ID":"Road_1_1489"}},{"type":"Feature","id":2014,"geometry":{"type":"LineString","coordinates":[[120.91658165531919,36.670529763837578],[120.91580382808422,36.670639617824179]]},"properties":{"FID":2014,"Source_id":1,"Shape_Leng":125.63629865,"Region":"ASIA","Segment":"Blasting Solutions","Method":"Road","Product_tr":"Initiating System","Segment_id":1490,"Shape_Le_1":0.000785546374082,"Road":"Road_1","Length":70.593784254100001,"ID":"Road_1_1490"}},{"type":"Feature","id":2015,"geometry":{"type":"LineString","coordinates":[[120.91580382808422,36.670639617824179],[120.91502652065742,36.670750799210055]]},"properties":{"FID":2015,"Source_id":1,"Shape_Leng":125.63629865,"Region":"ASIA","Segment":"Blasting Solutions","Method":"Road","Product_tr":"Initiating System","Segment_id":1491,"Shape_Le_1":0.00078521852775300001,"Road":"Road_1","Length":70.573520286499999,"ID":"Road_1_1491"}},{"type":"Feature","id":2016,"geometry":{"type":"LineString","coordinates":[[120.91502652065742,36.670750799210055],[120.91424711511229,36.670851378488351]]},"properties":{"FID":2016,"Source_id":1,"Shape_Leng":125.63629865,"Region":"ASIA","Segment":"Blasting Solutions","Method":"Road","Product_tr":"Initiating System","Segment_id":1492,"Shape_Le_1":0.000785868433648,"Road":"Road_1","Length":70.562466001199994,"ID":"Road_1_1492"}},{"type":"Feature","id":2017,"geometry":{"type":"LineString","coordinates":[[120.91424711511229,36.670851378488351],[120.91346955407676,36.670962308963453]]},"properties":{"FID":2017,"Source_id":1,"Shape_Leng":125.63629865,"Region":"ASIA","Segment":"Blasting Solutions","Method":"Road","Product_tr":"Initiating System","Segment_id":1493,"Shape_Le_1":0.00078543410562999997,"Road":"Road_1","Length":70.590794082000002,"ID":"Road_1_1493"}},{"type":"Feature","id":2018,"geometry":{"type":"LineString","coordinates":[[120.91346955407676,36.670962308963453],[120.91269309021402,36.671078198300279]]},"properties":{"FID":2018,"Source_id":1,"Shape_Leng":125.63629865,"Region":"ASIA","Segment":"Blasting Solutions","Method":"Road","Product_tr":"Initiating System","Segment_id":1494,"Shape_Le_1":0.00078506462697199996,"Road":"Road_1","Length":70.592293247699999,"ID":"Road_1_1494"}},{"type":"Feature","id":2019,"geometry":{"type":"LineString","coordinates":[[120.91269309021402,36.671078198300279],[120.9119179870255,36.671199045599508]]},"properties":{"FID":2019,"Source_id":1,"Shape_Leng":125.63629865,"Region":"ASIA","Segment":"Blasting Solutions","Method":"Road","Product_tr":"Initiating System","Segment_id":1495,"Shape_Le_1":0.00078446734959399997,"Road":"Road_1","Length":70.575069097699995,"ID":"Road_1_1495"}},{"type":"Feature","id":2020,"geometry":{"type":"LineString","coordinates":[[120.9119179870255,36.671199045599508],[120.91114126415812,36.671311968072928]]},"properties":{"FID":2020,"Source_id":1,"Shape_Leng":125.63629865,"Region":"ASIA","Segment":"Blasting Solutions","Method":"Road","Product_tr":"Initiating System","Segment_id":1496,"Shape_Le_1":0.00078488846196300005,"Road":"Road_1","Length":70.555633394599994,"ID":"Road_1_1496"}},{"type":"Feature","id":2021,"geometry":{"type":"LineString","coordinates":[[120.91114126415812,36.671311968072928],[120.91036054110612,36.671407433806053]]},"properties":{"FID":2021,"Source_id":1,"Shape_Leng":125.63629865,"Region":"ASIA","Segment":"Blasting Solutions","Method":"Road","Product_tr":"Initiating System","Segment_id":1497,"Shape_Le_1":0.00078653810468999998,"Road":"Road_1","Length":70.590876535099994,"ID":"Road_1_1497"}},{"type":"Feature","id":2022,"geometry":{"type":"LineString","coordinates":[[120.91036054110612,36.671407433806053],[120.90957995295253,36.67150333750908]]},"properties":{"FID":2022,"Source_id":1,"Shape_Leng":125.63629865,"Region":"ASIA","Segment":"Blasting Solutions","Method":"Road","Product_tr":"Initiating System","Segment_id":1498,"Shape_Le_1":0.000786457491399,"Road":"Road_1","Length":70.586180332200001,"ID":"Road_1_1498"}},{"type":"Feature","id":2023,"geometry":{"type":"LineString","coordinates":[[120.90957995295253,36.67150333750908],[120.9088008621701,36.671606216353837]]},"properties":{"FID":2023,"Source_id":1,"Shape_Leng":125.63629865,"Region":"ASIA","Segment":"Blasting Solutions","Method":"Road","Product_tr":"Initiating System","Segment_id":1499,"Shape_Le_1":0.00078585399659600005,"Road":"Road_1","Length":70.574843038699996,"ID":"Road_1_1499"}},{"type":"Feature","id":2024,"geometry":{"type":"LineString","coordinates":[[120.9088008621701,36.671606216353837],[120.90802175340127,36.671709619503417]]},"properties":{"FID":2024,"Source_id":1,"Shape_Leng":125.63629865,"Region":"ASIA","Segment":"Blasting Solutions","Method":"Road","Product_tr":"Initiating System","Segment_id":1500,"Shape_Le_1":0.00078594063707299999,"Road":"Road_1","Length":70.585773201199999,"ID":"Road_1_1500"}},{"type":"Feature","id":2025,"geometry":{"type":"LineString","coordinates":[[120.90802175340127,36.671709619503417],[120.90724225342728,36.67181129505525]]},"properties":{"FID":2025,"Source_id":1,"Shape_Leng":125.63629865,"Region":"ASIA","Segment":"Blasting Solutions","Method":"Road","Product_tr":"Initiating System","Segment_id":1501,"Shape_Le_1":0.000786103127641,"Road":"Road_1","Length":70.5892906001,"ID":"Road_1_1501"}},{"type":"Feature","id":2026,"geometry":{"type":"LineString","coordinates":[[120.90724225342728,36.67181129505525],[120.90646284788215,36.671913422066837]]},"properties":{"FID":2026,"Source_id":1,"Shape_Leng":125.63629865,"Region":"ASIA","Segment":"Blasting Solutions","Method":"Road","Product_tr":"Initiating System","Segment_id":1502,"Shape_Le_1":0.00078606801886199997,"Road":"Road_1","Length":70.588893423000002,"ID":"Road_1_1502"}},{"type":"Feature","id":2027,"geometry":{"type":"LineString","coordinates":[[120.90646284788215,36.671913422066837],[120.90568414740551,36.672018951213659]]},"properties":{"FID":2027,"Source_id":1,"Shape_Leng":125.63629865,"Region":"ASIA","Segment":"Blasting Solutions","Method":"Road","Product_tr":"Initiating System","Segment_id":1503,"Shape_Le_1":0.00078581857521600003,"Road":"Road_1","Length":70.588243460000001,"ID":"Road_1_1503"}},{"type":"Feature","id":2028,"geometry":{"type":"LineString","coordinates":[[120.90568414740551,36.672018951213659],[120.90490571762484,36.672125764592408]]},"properties":{"FID":2028,"Source_id":1,"Shape_Leng":125.63629865,"Region":"ASIA","Segment":"Blasting Solutions","Method":"Road","Product_tr":"Initiating System","Segment_id":1504,"Shape_Le_1":0.00078572388363099997,"Road":"Road_1","Length":70.588077594599994,"ID":"Road_1_1504"}},{"type":"Feature","id":2029,"geometry":{"type":"LineString","coordinates":[[120.90490571762484,36.672125764592408],[120.90412740565534,36.67223311846368]]},"properties":{"FID":2029,"Source_id":1,"Shape_Leng":125.63629865,"Region":"ASIA","Segment":"Blasting Solutions","Method":"Road","Product_tr":"Initiating System","Segment_id":1505,"Shape_Le_1":0.00078568083567100004,"Road":"Road_1","Length":70.587698782499999,"ID":"Road_1_1505"}},{"type":"Feature","id":2030,"geometry":{"type":"LineString","coordinates":[[120.90412740565534,36.67223311846368],[120.90334877262785,36.672338930897013]]},"properties":{"FID":2030,"Source_id":1,"Shape_Leng":125.63629865,"Region":"ASIA","Segment":"Blasting Solutions","Method":"Road","Product_tr":"Initiating System","Segment_id":1506,"Shape_Le_1":0.00078578983357599995,"Road":"Road_1","Length":70.587236281599999,"ID":"Road_1_1506"}},{"type":"Feature","id":2031,"geometry":{"type":"LineString","coordinates":[[120.90334877262785,36.672338930897013],[120.90257030237763,36.672445325191632]]},"properties":{"FID":2031,"Source_id":1,"Shape_Leng":125.63629865,"Region":"ASIA","Segment":"Blasting Solutions","Method":"Road","Product_tr":"Initiating System","Segment_id":1507,"Shape_Le_1":0.00078570711872300004,"Road":"Road_1","Length":70.583565984000003,"ID":"Road_1_1507"}},{"type":"Feature","id":2032,"geometry":{"type":"LineString","coordinates":[[120.90257030237763,36.672445325191632],[120.90179337716268,36.672558929351169]]},"properties":{"FID":2032,"Source_id":1,"Shape_Leng":125.63629865,"Region":"ASIA","Segment":"Blasting Solutions","Method":"Road","Product_tr":"Initiating System","Segment_id":1508,"Shape_Le_1":0.00078518704439699998,"Road":"Road_1","Length":70.585804018299996,"ID":"Road_1_1508"}},{"type":"Feature","id":2033,"geometry":{"type":"LineString","coordinates":[[120.90179337716268,36.672558929351169],[120.90101445815083,36.672663320855634]]},"properties":{"FID":2033,"Source_id":1,"Shape_Leng":125.63629865,"Region":"ASIA","Segment":"Blasting Solutions","Method":"Road","Product_tr":"Initiating System","Segment_id":1509,"Shape_Le_1":0.000785883205843,"Road":"Road_1","Length":70.586106300400004,"ID":"Road_1_1509"}},{"type":"Feature","id":2034,"geometry":{"type":"LineString","coordinates":[[120.90101445815083,36.672663320855634],[120.90023457146833,36.672762871309487]]},"properties":{"FID":2034,"Source_id":1,"Shape_Leng":125.63629865,"Region":"ASIA","Segment":"Blasting Solutions","Method":"Road","Product_tr":"Initiating System","Segment_id":1510,"Shape_Le_1":0.00078621468467200001,"Road":"Road_1","Length":70.585274248100006,"ID":"Road_1_1510"}},{"type":"Feature","id":2035,"geometry":{"type":"LineString","coordinates":[[120.90023457146833,36.672762871309487],[120.89945480799304,36.672862261684088]]},"properties":{"FID":2035,"Source_id":1,"Shape_Leng":125.63629865,"Region":"ASIA","Segment":"Blasting Solutions","Method":"Road","Product_tr":"Initiating System","Segment_id":1511,"Shape_Le_1":0.00078607221294500003,"Road":"Road_1","Length":70.571529184499994,"ID":"Road_1_1511"}},{"type":"Feature","id":2036,"geometry":{"type":"LineString","coordinates":[[120.89945480799304,36.672862261684088],[120.89867280970248,36.672950362869017]]},"properties":{"FID":2036,"Source_id":1,"Shape_Leng":125.63629865,"Region":"ASIA","Segment":"Blasting Solutions","Method":"Road","Product_tr":"Initiating System","Segment_id":1512,"Shape_Le_1":0.00078694545251200003,"Road":"Road_1","Length":70.584370630400002,"ID":"Road_1_1512"}},{"type":"Feature","id":2037,"geometry":{"type":"LineString","coordinates":[[120.89867280970248,36.672950362869017],[120.89789122060336,36.673040789700735]]},"properties":{"FID":2037,"Source_id":1,"Shape_Leng":125.63629865,"Region":"ASIA","Segment":"Blasting Solutions","Method":"Road","Product_tr":"Initiating System","Segment_id":1513,"Shape_Le_1":0.00078680272734499995,"Road":"Road_1","Length":70.5842934434,"ID":"Road_1_1513"}},{"type":"Feature","id":2038,"geometry":{"type":"LineString","coordinates":[[120.89789122060336,36.673040789700735],[120.89710878614164,36.673126247778157]]},"properties":{"FID":2038,"Source_id":1,"Shape_Leng":125.63629865,"Region":"ASIA","Segment":"Blasting Solutions","Method":"Road","Product_tr":"Initiating System","Segment_id":1514,"Shape_Le_1":0.00078708752364100004,"Road":"Road_1","Length":70.582819412099994,"ID":"Road_1_1514"}},{"type":"Feature","id":2039,"geometry":{"type":"LineString","coordinates":[[120.89710878614164,36.673126247778157],[120.89632355658694,36.673191447727163]]},"properties":{"FID":2039,"Source_id":1,"Shape_Leng":125.63629865,"Region":"ASIA","Segment":"Blasting Solutions","Method":"Road","Product_tr":"Initiating System","Segment_id":1515,"Shape_Le_1":0.00078793177809900001,"Road":"Road_1","Length":70.564535104499996,"ID":"Road_1_1515"}},{"type":"Feature","id":2040,"geometry":{"type":"LineString","coordinates":[[120.89632355658694,36.673191447727163],[120.89553686383522,36.673245939448577]]},"properties":{"FID":2040,"Source_id":1,"Shape_Leng":125.63629865,"Region":"ASIA","Segment":"Blasting Solutions","Method":"Road","Product_tr":"Initiating System","Segment_id":1516,"Shape_Le_1":0.00078857772813300002,"Road":"Road_1","Length":70.582869558799999,"ID":"Road_1_1516"}},{"type":"Feature","id":2041,"geometry":{"type":"LineString","coordinates":[[120.89553686383522,36.673245939448577],[120.8947498895958,36.673297559634705]]},"properties":{"FID":2041,"Source_id":1,"Shape_Leng":125.63629865,"Region":"ASIA","Segment":"Blasting Solutions","Method":"Road","Product_tr":"Initiating System","Segment_id":1517,"Shape_Le_1":0.00078866538983500003,"Road":"Road_1","Length":70.581314830799997,"ID":"Road_1_1517"}},{"type":"Feature","id":2042,"geometry":{"type":"LineString","coordinates":[[120.8947498895958,36.673297559634705],[120.89396270851228,36.673347154547571]]},"properties":{"FID":2042,"Source_id":1,"Shape_Leng":125.63629865,"Region":"ASIA","Segment":"Blasting Solutions","Method":"Road","Product_tr":"Initiating System","Segment_id":1518,"Shape_Le_1":0.00078874185488000004,"Road":"Road_1","Length":70.581817667500005,"ID":"Road_1_1518"}},{"type":"Feature","id":2043,"geometry":{"type":"LineString","coordinates":[[120.89396270851228,36.673347154547571],[120.89317581431249,36.673399613801166]]},"properties":{"FID":2043,"Source_id":1,"Shape_Leng":125.63629865,"Region":"ASIA","Segment":"Blasting Solutions","Method":"Road","Product_tr":"Initiating System","Segment_id":1519,"Shape_Le_1":0.00078864089099699999,"Road":"Road_1","Length":70.581710205199997,"ID":"Road_1_1519"}},{"type":"Feature","id":2044,"geometry":{"type":"LineString","coordinates":[[120.89317581431249,36.673399613801166],[120.89238714395162,36.673427580018881]]},"properties":{"FID":2044,"Source_id":1,"Shape_Leng":125.63629865,"Region":"ASIA","Segment":"Blasting Solutions","Method":"Road","Product_tr":"Initiating System","Segment_id":1520,"Shape_Le_1":0.00078916604554100001,"Road":"Road_1","Length":70.568237501799999,"ID":"Road_1_1520"}},{"type":"Feature","id":2045,"geometry":{"type":"LineString","coordinates":[[120.89238714395162,36.673427580018881],[120.8915981183585,36.673451272658156]]},"properties":{"FID":2045,"Source_id":1,"Shape_Leng":125.63629865,"Region":"ASIA","Segment":"Blasting Solutions","Method":"Road","Product_tr":"Initiating System","Segment_id":1521,"Shape_Le_1":0.00078938123093799998,"Road":"Road_1","Length":70.5806809603,"ID":"Road_1_1521"}},{"type":"Feature","id":2046,"geometry":{"type":"LineString","coordinates":[[120.8915981183585,36.673451272658156],[120.89080898664542,36.673470000140469]]},"properties":{"FID":2046,"Source_id":1,"Shape_Leng":125.63629865,"Region":"ASIA","Segment":"Blasting Solutions","Method":"Road","Product_tr":"Initiating System","Segment_id":1522,"Shape_Le_1":0.00078935389983099998,"Road":"Road_1","Length":70.571766896900002,"ID":"Road_1_1522"}},{"type":"Feature","id":2047,"geometry":{"type":"LineString","coordinates":[[120.89080898664542,36.673470000140469],[120.89001959682696,36.673482748929757]]},"properties":{"FID":2047,"Source_id":1,"Shape_Leng":125.63629865,"Region":"ASIA","Segment":"Blasting Solutions","Method":"Road","Product_tr":"Initiating System","Segment_id":1523,"Shape_Le_1":0.00078949275938700004,"Road":"Road_1","Length":70.578399050800002,"ID":"Road_1_1523"}},{"type":"Feature","id":2048,"geometry":{"type":"LineString","coordinates":[[120.89001959682696,36.673482748929757],[120.88923017553225,36.673485470278308]]},"properties":{"FID":2048,"Source_id":1,"Shape_Leng":125.63629865,"Region":"ASIA","Segment":"Blasting Solutions","Method":"Road","Product_tr":"Initiating System","Segment_id":1524,"Shape_Le_1":0.00078942598531,"Road":"Road_1","Length":70.567670995,"ID":"Road_1_1524"}},{"type":"Feature","id":2049,"geometry":{"type":"LineString","coordinates":[[120.88923017553225,36.673485470278308],[120.88844083787444,36.673471183648246]]},"properties":{"FID":2049,"Source_id":1,"Shape_Leng":125.63629865,"Region":"ASIA","Segment":"Blasting Solutions","Method":"Road","Product_tr":"Initiating System","Segment_id":1525,"Shape_Le_1":0.00078946693776899999,"Road":"Road_1","Length":70.577362820600001,"ID":"Road_1_1525"}},{"type":"Feature","id":2050,"geometry":{"type":"LineString","coordinates":[[120.88844083787444,36.673471183648246],[120.8876514921227,36.673460000578643]]},"properties":{"FID":2050,"Source_id":1,"Shape_Leng":125.63629865,"Region":"ASIA","Segment":"Blasting Solutions","Method":"Road","Product_tr":"Initiating System","Segment_id":1526,"Shape_Le_1":0.00078942496593299998,"Road":"Road_1","Length":70.571201290299996,"ID":"Road_1_1526"}},{"type":"Feature","id":2051,"geometry":{"type":"LineString","coordinates":[[120.8876514921227,36.673460000578643],[120.88686232803411,36.673443651803154]]},"properties":{"FID":2051,"Source_id":1,"Shape_Leng":125.63629865,"Region":"ASIA","Segment":"Blasting Solutions","Method":"Road","Product_tr":"Initiating System","Segment_id":1527,"Shape_Le_1":0.00078933341572200004,"Road":"Road_1","Length":70.567387931599995,"ID":"Road_1_1527"}},{"type":"Feature","id":2052,"geometry":{"type":"LineString","coordinates":[[120.88686232803411,36.673443651803154],[120.88607305153016,36.673428031478522]]},"properties":{"FID":2052,"Source_id":1,"Shape_Leng":125.63629865,"Region":"ASIA","Segment":"Blasting Solutions","Method":"Road","Product_tr":"Initiating System","Segment_id":1528,"Shape_Le_1":0.00078943105730100004,"Road":"Road_1","Length":70.575416383900006,"ID":"Road_1_1528"}},{"type":"Feature","id":2053,"geometry":{"type":"LineString","coordinates":[[120.88607305153016,36.673428031478522],[120.88528466085847,36.673397108289976]]},"properties":{"FID":2053,"Source_id":1,"Shape_Leng":125.63629865,"Region":"ASIA","Segment":"Blasting Solutions","Method":"Road","Product_tr":"Initiating System","Segment_id":1529,"Shape_Le_1":0.00078899689149800002,"Road":"Road_1","Length":70.558458569600006,"ID":"Road_1_1529"}},{"type":"Feature","id":2054,"geometry":{"type":"LineString","coordinates":[[120.88528466085847,36.673397108289976],[120.88449795551628,36.673343791982461]]},"properties":{"FID":2054,"Source_id":1,"Shape_Leng":125.63629865,"Region":"ASIA","Segment":"Blasting Solutions","Method":"Road","Product_tr":"Initiating System","Segment_id":1530,"Shape_Le_1":0.00078850993911500002,"Road":"Road_1","Length":70.572798184700005,"ID":"Road_1_1530"}},{"type":"Feature","id":2055,"geometry":{"type":"LineString","coordinates":[[120.88449795551628,36.673343791982461],[120.88371061705141,36.67329670797676]]},"properties":{"FID":2055,"Source_id":1,"Shape_Leng":125.63629865,"Region":"ASIA","Segment":"Blasting Solutions","Method":"Road","Product_tr":"Initiating System","Segment_id":1531,"Shape_Le_1":0.00078874505504899996,"Road":"Road_1","Length":70.574669347500006,"ID":"Road_1_1531"}},{"type":"Feature","id":2056,"geometry":{"type":"LineString","coordinates":[[120.88371061705141,36.67329670797676],[120.8829240259231,36.673242191973657]]},"properties":{"FID":2056,"Source_id":1,"Shape_Leng":125.63629865,"Region":"ASIA","Segment":"Blasting Solutions","Method":"Road","Product_tr":"Initiating System","Segment_id":1532,"Shape_Le_1":0.00078847802614899997,"Road":"Road_1","Length":70.574003652399995,"ID":"Road_1_1532"}},{"type":"Feature","id":2057,"geometry":{"type":"LineString","coordinates":[[120.8829240259231,36.673242191973657],[120.88213863269186,36.673177537013771]]},"properties":{"FID":2057,"Source_id":1,"Shape_Leng":125.63629865,"Region":"ASIA","Segment":"Blasting Solutions","Method":"Road","Product_tr":"Initiating System","Segment_id":1533,"Shape_Le_1":0.00078804999303099996,"Road":"Road_1","Length":70.572868921999998,"ID":"Road_1_1533"}},{"type":"Feature","id":2058,"geometry":{"type":"LineString","coordinates":[[120.88213863269186,36.673177537013771],[120.88135442566625,36.673104206294113]]},"properties":{"FID":2058,"Source_id":1,"Shape_Leng":125.63629865,"Region":"ASIA","Segment":"Blasting Solutions","Method":"Road","Product_tr":"Initiating System","Segment_id":1534,"Shape_Le_1":0.00078762811876799995,"Road":"Road_1","Length":70.5719710921,"ID":"Road_1_1534"}},{"type":"Feature","id":2059,"geometry":{"type":"LineString","coordinates":[[120.88135442566625,36.673104206294113],[120.88057050552447,36.673028864690423]]},"properties":{"FID":2059,"Source_id":1,"Shape_Leng":125.63629865,"Region":"ASIA","Segment":"Blasting Solutions","Method":"Road","Product_tr":"Initiating System","Segment_id":1535,"Shape_Le_1":0.00078753231420700001,"Road":"Road_1","Length":70.572653064199997,"ID":"Road_1_1535"}},{"type":"Feature","id":2060,"geometry":{"type":"LineString","coordinates":[[120.88057050552447,36.673028864690423],[120.87978958192377,36.672935494377612]]},"properties":{"FID":2060,"Source_id":1,"Shape_Leng":125.63629865,"Region":"ASIA","Segment":"Blasting Solutions","Method":"Road","Product_tr":"Initiating System","Segment_id":1536,"Shape_Le_1":0.00078648565495200004,"Road":"Road_1","Length":70.572637758400006,"ID":"Road_1_1536"}},{"type":"Feature","id":2061,"geometry":{"type":"LineString","coordinates":[[120.87978958192377,36.672935494377612],[120.8790100576681,36.672834914199996]]},"properties":{"FID":2061,"Source_id":1,"Shape_Leng":125.63629865,"Region":"ASIA","Segment":"Blasting Solutions","Method":"Road","Product_tr":"Initiating System","Segment_id":1537,"Shape_Le_1":0.00078598628316099998,"Road":"Road_1","Length":70.571105238800001,"ID":"Road_1_1537"}},{"type":"Feature","id":2062,"geometry":{"type":"LineString","coordinates":[[120.8790100576681,36.672834914199996],[120.8782299911212,36.672737200161691]]},"properties":{"FID":2062,"Source_id":1,"Shape_Leng":125.63629865,"Region":"ASIA","Segment":"Blasting Solutions","Method":"Road","Product_tr":"Initiating System","Segment_id":1538,"Shape_Le_1":0.00078616273815700001,"Road":"Road_1","Length":70.569488686100001,"ID":"Road_1_1538"}},{"type":"Feature","id":2063,"geometry":{"type":"LineString","coordinates":[[120.8782299911212,36.672737200161691],[120.87745176458736,36.672630830148762]]},"properties":{"FID":2063,"Source_id":1,"Shape_Leng":125.63629865,"Region":"ASIA","Segment":"Blasting Solutions","Method":"Road","Product_tr":"Initiating System","Segment_id":1539,"Shape_Le_1":0.00078546235913799995,"Road":"Road_1","Length":70.561376939300004,"ID":"Road_1_1539"}},{"type":"Feature","id":2064,"geometry":{"type":"LineString","coordinates":[[120.87745176458736,36.672630830148762],[120.87667521259107,36.672516355445509]]},"properties":{"FID":2064,"Source_id":1,"Shape_Leng":125.63629865,"Region":"ASIA","Segment":"Blasting Solutions","Method":"Road","Product_tr":"Initiating System","Segment_id":1540,"Shape_Le_1":0.00078494424046299997,"Road":"Road_1","Length":70.570240899300003,"ID":"Road_1_1540"}},{"type":"Feature","id":2065,"geometry":{"type":"LineString","coordinates":[[120.87667521259107,36.672516355445509],[120.87590098893952,36.672392376706853]]},"properties":{"FID":2065,"Source_id":1,"Shape_Leng":125.63629865,"Region":"ASIA","Segment":"Blasting Solutions","Method":"Road","Product_tr":"Initiating System","Segment_id":1541,"Shape_Le_1":0.00078408736136599999,"Road":"Road_1","Length":70.563651829400001,"ID":"Road_1_1541"}},{"type":"Feature","id":2066,"geometry":{"type":"LineString","coordinates":[[120.87590098893952,36.672392376706853],[120.87512840115483,36.672261716005437]]},"properties":{"FID":2066,"Source_id":1,"Shape_Leng":125.63629865,"Region":"ASIA","Segment":"Blasting Solutions","Method":"Road","Product_tr":"Initiating System","Segment_id":1542,"Shape_Le_1":0.00078355861551899998,"Road":"Road_1","Length":70.568958498000001,"ID":"Road_1_1542"}},{"type":"Feature","id":2067,"geometry":{"type":"LineString","coordinates":[[120.87512840115483,36.672261716005437],[120.87435915974754,36.672118954026587]]},"properties":{"FID":2067,"Source_id":1,"Shape_Leng":125.63629865,"Region":"ASIA","Segment":"Blasting Solutions","Method":"Road","Product_tr":"Initiating System","Segment_id":1543,"Shape_Le_1":0.00078237671571000005,"Road":"Road_1","Length":70.565652269500006,"ID":"Road_1_1543"}},{"type":"Feature","id":2068,"geometry":{"type":"LineString","coordinates":[[120.87435915974754,36.672118954026587],[120.87359073042796,36.671973304324581]]},"properties":{"FID":2068,"Source_id":1,"Shape_Leng":125.63629865,"Region":"ASIA","Segment":"Blasting Solutions","Method":"Road","Product_tr":"Initiating System","Segment_id":1544,"Shape_Le_1":0.00078211089679199996,"Road":"Road_1","Length":70.567745175699997,"ID":"Road_1_1544"}},{"type":"Feature","id":2069,"geometry":{"type":"LineString","coordinates":[[120.87359073042796,36.671973304324581],[120.87282439203216,36.671820791896096]]},"properties":{"FID":2069,"Source_id":1,"Shape_Leng":125.63629865,"Region":"ASIA","Segment":"Blasting Solutions","Method":"Road","Product_tr":"Initiating System","Segment_id":1545,"Shape_Le_1":0.00078136712096799998,"Road":"Road_1","Length":70.564716881199999,"ID":"Road_1_1545"}},{"type":"Feature","id":2070,"geometry":{"type":"LineString","coordinates":[[120.87282439203216,36.671820791896096],[120.87206149893905,36.671657613508103]]},"properties":{"FID":2070,"Source_id":1,"Shape_Leng":125.63629865,"Region":"ASIA","Segment":"Blasting Solutions","Method":"Road","Product_tr":"Initiating System","Segment_id":1546,"Shape_Le_1":0.00078014938173599996,"Road":"Road_1","Length":70.560338637599997,"ID":"Road_1_1546"}},{"type":"Feature","id":2071,"geometry":{"type":"LineString","coordinates":[[120.87206149893905,36.671657613508103],[120.87129720740029,36.671499441645949]]},"properties":{"FID":2071,"Source_id":1,"Shape_Leng":125.63629865,"Region":"ASIA","Segment":"Blasting Solutions","Method":"Road","Product_tr":"Initiating System","Segment_id":1547,"Shape_Le_1":0.00078048695965699996,"Road":"Road_1","Length":70.5410148072,"ID":"Road_1_1547"}},{"type":"Feature","id":2072,"geometry":{"type":"LineString","coordinates":[[120.87129720740029,36.671499441645949],[120.87053718224524,36.671328287170752]]},"properties":{"FID":2072,"Source_id":1,"Shape_Leng":125.63629865,"Region":"ASIA","Segment":"Blasting Solutions","Method":"Road","Product_tr":"Initiating System","Segment_id":1548,"Shape_Le_1":0.00077905846422599999,"Road":"Road_1","Length":70.545993742799993,"ID":"Road_1_1548"}},{"type":"Feature","id":2073,"geometry":{"type":"LineString","coordinates":[[120.87053718224524,36.671328287170752],[120.86978111590588,36.671145535038477]]},"properties":{"FID":2073,"Source_id":1,"Shape_Leng":125.63629865,"Region":"ASIA","Segment":"Blasting Solutions","Method":"Road","Product_tr":"Initiating System","Segment_id":1549,"Shape_Le_1":0.00077783973373000005,"Road":"Road_1","Length":70.564447549199997,"ID":"Road_1_1549"}},{"type":"Feature","id":2074,"geometry":{"type":"LineString","coordinates":[[120.86978111590588,36.671145535038477],[120.86902443263148,36.670964519497034]]},"properties":{"FID":2074,"Source_id":1,"Shape_Leng":125.63629865,"Region":"ASIA","Segment":"Blasting Solutions","Method":"Road","Product_tr":"Initiating System","Segment_id":1550,"Shape_Le_1":0.00077803354940899998,"Road":"Road_1","Length":70.5623222344,"ID":"Road_1_1550"}},{"type":"Feature","id":2075,"geometry":{"type":"LineString","coordinates":[[120.86902443263148,36.670964519497034],[120.86827112900949,36.670775432540211]]},"properties":{"FID":2075,"Source_id":1,"Shape_Leng":125.63629865,"Region":"ASIA","Segment":"Blasting Solutions","Method":"Road","Product_tr":"Initiating System","Segment_id":1551,"Shape_Le_1":0.00077667253340500003,"Road":"Road_1","Length":70.534168791499994,"ID":"Road_1_1551"}},{"type":"Feature","id":2076,"geometry":{"type":"LineString","coordinates":[[120.86827112900949,36.670775432540211],[120.86752497050099,36.670568003010999]]},"properties":{"FID":2076,"Source_id":1,"Shape_Leng":125.63629865,"Region":"ASIA","Segment":"Blasting Solutions","Method":"Road","Product_tr":"Initiating System","Segment_id":1552,"Shape_Le_1":0.00077445434299400001,"Road":"Road_1","Length":70.562319942299993,"ID":"Road_1_1552"}},{"type":"Feature","id":2077,"geometry":{"type":"LineString","coordinates":[[120.86752497050099,36.670568003010999],[120.86677811142079,36.670362234529534]]},"properties":{"FID":2077,"Source_id":1,"Shape_Leng":125.63629865,"Region":"ASIA","Segment":"Blasting Solutions","Method":"Road","Product_tr":"Initiating System","Segment_id":1553,"Shape_Le_1":0.00077468648733199997,"Road":"Road_1","Length":70.561826441899996,"ID":"Road_1_1553"}},{"type":"Feature","id":2078,"geometry":{"type":"LineString","coordinates":[[120.86677811142079,36.670362234529534],[120.86603672021852,36.670144038316778]]},"properties":{"FID":2078,"Source_id":1,"Shape_Leng":125.63629865,"Region":"ASIA","Segment":"Blasting Solutions","Method":"Road","Product_tr":"Initiating System","Segment_id":1554,"Shape_Le_1":0.00077283277755400002,"Road":"Road_1","Length":70.560968426299993,"ID":"Road_1_1554"}},{"type":"Feature","id":2079,"geometry":{"type":"LineString","coordinates":[[120.86603672021852,36.670144038316778],[120.86529541804919,36.669925664937523]]},"properties":{"FID":2079,"Source_id":1,"Shape_Leng":125.63629865,"Region":"ASIA","Segment":"Blasting Solutions","Method":"Road","Product_tr":"Initiating System","Segment_id":1555,"Shape_Le_1":0.00077279741137099996,"Road":"Road_1","Length":70.5604179531,"ID":"Road_1_1555"}},{"type":"Feature","id":2080,"geometry":{"type":"LineString","coordinates":[[120.86529541804919,36.669925664937523],[120.86455493246422,36.669705525289828]]},"properties":{"FID":2080,"Source_id":1,"Shape_Leng":125.63629865,"Region":"ASIA","Segment":"Blasting Solutions","Method":"Road","Product_tr":"Initiating System","Segment_id":1556,"Shape_Le_1":0.00077251560892699995,"Road":"Road_1","Length":70.559661475699997,"ID":"Road_1_1556"}},{"type":"Feature","id":2081,"geometry":{"type":"LineString","coordinates":[[120.86455493246422,36.669705525289828],[120.86381447565759,36.669485342474616]]},"properties":{"FID":2081,"Source_id":1,"Shape_Leng":125.63629865,"Region":"ASIA","Segment":"Blasting Solutions","Method":"Road","Product_tr":"Initiating System","Segment_id":1557,"Shape_Le_1":0.00077250032659699995,"Road":"Road_1","Length":70.559083251299995,"ID":"Road_1_1557"}},{"type":"Feature","id":2082,"geometry":{"type":"LineString","coordinates":[[120.86381447565759,36.669485342474616],[120.8630748183482,36.669263445551621]]},"properties":{"FID":2082,"Source_id":1,"Shape_Leng":125.63629865,"Region":"ASIA","Segment":"Blasting Solutions","Method":"Road","Product_tr":"Initiating System","Segment_id":1558,"Shape_Le_1":0.00077222482463100005,"Road":"Road_1","Length":70.558374106900004,"ID":"Road_1_1558"}},{"type":"Feature","id":2083,"geometry":{"type":"LineString","coordinates":[[120.8630748183482,36.669263445551621],[120.86233199272738,36.669048765688046]]},"properties":{"FID":2083,"Source_id":1,"Shape_Leng":125.63629865,"Region":"ASIA","Segment":"Blasting Solutions","Method":"Road","Product_tr":"Initiating System","Segment_id":1559,"Shape_Le_1":0.00077322528849599998,"Road":"Road_1","Length":70.549586251999997,"ID":"Road_1_1559"}},{"type":"Feature","id":2084,"geometry":{"type":"LineString","coordinates":[[120.86233199272738,36.669048765688046],[120.861590347017,36.668831263751883]]},"properties":{"FID":2084,"Source_id":1,"Shape_Leng":125.63629865,"Region":"ASIA","Segment":"Blasting Solutions","Method":"Road","Product_tr":"Initiating System","Segment_id":1560,"Shape_Le_1":0.00077288126640199996,"Road":"Road_1","Length":70.557002181499996,"ID":"Road_1_1560"}},{"type":"Feature","id":2085,"geometry":{"type":"LineString","coordinates":[[120.861590347017,36.668831263751883],[120.8608487228903,36.668613737534031]]},"properties":{"FID":2085,"Source_id":1,"Shape_Leng":125.63629865,"Region":"ASIA","Segment":"Blasting Solutions","Method":"Road","Product_tr":"Initiating System","Segment_id":1561,"Shape_Le_1":0.00077286738885900001,"Road":"Road_1","Length":70.556285962600001,"ID":"Road_1_1561"}},{"type":"Feature","id":2086,"geometry":{"type":"LineString","coordinates":[[120.8608487228903,36.668613737534031],[120.86010741802295,36.668395526932102]]},"properties":{"FID":2086,"Source_id":1,"Shape_Leng":125.63629865,"Region":"ASIA","Segment":"Blasting Solutions","Method":"Road","Product_tr":"Initiating System","Segment_id":1562,"Shape_Le_1":0.00077275401852499996,"Road":"Road_1","Length":70.555672996799998,"ID":"Road_1_1562"}},{"type":"Feature","id":2087,"geometry":{"type":"LineString","coordinates":[[120.86010741802295,36.668395526932102],[120.85936612664545,36.668177311833517]]},"properties":{"FID":2087,"Source_id":1,"Shape_Leng":125.63629865,"Region":"ASIA","Segment":"Blasting Solutions","Method":"Road","Product_tr":"Initiating System","Segment_id":1563,"Shape_Le_1":0.00077274234748600003,"Road":"Road_1","Length":70.554886990200004,"ID":"Road_1_1563"}},{"type":"Feature","id":2088,"geometry":{"type":"LineString","coordinates":[[120.85936612664545,36.668177311833517],[120.85862484785855,36.667959090439751]]},"properties":{"FID":2088,"Source_id":1,"Shape_Leng":125.63629865,"Region":"ASIA","Segment":"Blasting Solutions","Method":"Road","Product_tr":"Initiating System","Segment_id":1564,"Shape_Le_1":0.00077273204709699995,"Road":"Road_1","Length":70.554245003800006,"ID":"Road_1_1564"}},{"type":"Feature","id":2089,"geometry":{"type":"LineString","coordinates":[[120.85862484785855,36.667959090439751],[120.85788836155871,36.667730883873219]]},"properties":{"FID":2089,"Source_id":1,"Shape_Leng":125.63629865,"Region":"ASIA","Segment":"Blasting Solutions","Method":"Road","Product_tr":"Initiating System","Segment_id":1565,"Shape_Le_1":0.00077103197525499995,"Road":"Road_1","Length":70.542338131099996,"ID":"Road_1_1565"}},{"type":"Feature","id":2090,"geometry":{"type":"LineString","coordinates":[[120.85788836155871,36.667730883873219],[120.85714617895303,36.667514712034404]]},"properties":{"FID":2090,"Source_id":1,"Shape_Leng":125.63629865,"Region":"ASIA","Segment":"Blasting Solutions","Method":"Road","Product_tr":"Initiating System","Segment_id":1566,"Shape_Le_1":0.00077302346928599999,"Road":"Road_1","Length":70.552842193999993,"ID":"Road_1_1566"}},{"type":"Feature","id":2091,"geometry":{"type":"LineString","coordinates":[[120.85714617895303,36.667514712034404],[120.85640741646921,36.667291132479818]]},"properties":{"FID":2091,"Source_id":1,"Shape_Leng":125.63629865,"Region":"ASIA","Segment":"Blasting Solutions","Method":"Road","Product_tr":"Initiating System","Segment_id":1567,"Shape_Le_1":0.000771853499525,"Road":"Road_1","Length":70.5504409885,"ID":"Road_1_1567"}},{"type":"Feature","id":2092,"geometry":{"type":"LineString","coordinates":[[120.85640741646921,36.667291132479818],[120.85567397077716,36.667056451693952]]},"properties":{"FID":2092,"Source_id":1,"Shape_Leng":125.63629865,"Region":"ASIA","Segment":"Blasting Solutions","Method":"Road","Product_tr":"Initiating System","Segment_id":1568,"Shape_Le_1":0.00077007639519699998,"Road":"Road_1","Length":70.551267459000002,"ID":"Road_1_1568"}},{"type":"Feature","id":2093,"geometry":{"type":"LineString","coordinates":[[120.85567397077716,36.667056451693952],[120.85493878129978,36.666825831347069]]},"properties":{"FID":2093,"Source_id":1,"Shape_Leng":125.63629865,"Region":"ASIA","Segment":"Blasting Solutions","Method":"Road","Product_tr":"Initiating System","Segment_id":1569,"Shape_Le_1":0.00077051236982300002,"Road":"Road_1","Length":70.531612329799998,"ID":"Road_1_1569"}},{"type":"Feature","id":2094,"geometry":{"type":"LineString","coordinates":[[120.85493878129978,36.666825831347069],[120.85419219381481,36.666619849726317]]},"properties":{"FID":2094,"Source_id":1,"Shape_Leng":125.63629865,"Region":"ASIA","Segment":"Blasting Solutions","Method":"Road","Product_tr":"Initiating System","Segment_id":1570,"Shape_Le_1":0.00077448131081300005,"Road":"Road_1","Length":70.549566987800006,"ID":"Road_1_1570"}},{"type":"Feature","id":2095,"geometry":{"type":"LineString","coordinates":[[120.85419219381481,36.666619849726317],[120.85346004134794,36.666383754306878]]},"properties":{"FID":2095,"Source_id":1,"Shape_Leng":125.63629865,"Region":"ASIA","Segment":"Blasting Solutions","Method":"Road","Product_tr":"Initiating System","Segment_id":1571,"Shape_Le_1":0.00076927776636199997,"Road":"Road_1","Length":70.502547936100001,"ID":"Road_1_1571"}},{"type":"Feature","id":2096,"geometry":{"type":"LineString","coordinates":[[120.85346004134794,36.666383754306878],[120.85272992854345,36.666142500376168]]},"properties":{"FID":2096,"Source_id":1,"Shape_Leng":125.63629865,"Region":"ASIA","Segment":"Blasting Solutions","Method":"Road","Product_tr":"Initiating System","Segment_id":1572,"Shape_Le_1":0.00076893963765899999,"Road":"Road_1","Length":70.548723699799993,"ID":"Road_1_1572"}},{"type":"Feature","id":2097,"geometry":{"type":"LineString","coordinates":[[120.85272992854345,36.666142500376168],[120.85200422511491,36.665892885448329]]},"properties":{"FID":2097,"Source_id":1,"Shape_Leng":125.63629865,"Region":"ASIA","Segment":"Blasting Solutions","Method":"Road","Product_tr":"Initiating System","Segment_id":1573,"Shape_Le_1":0.000767432784287,"Road":"Road_1","Length":70.543506782700007,"ID":"Road_1_1573"}},{"type":"Feature","id":2098,"geometry":{"type":"LineString","coordinates":[[120.85200422511491,36.665892885448329],[120.85128126731672,36.665638069741192]]},"properties":{"FID":2098,"Source_id":1,"Shape_Leng":125.63629865,"Region":"ASIA","Segment":"Blasting Solutions","Method":"Road","Product_tr":"Initiating System","Segment_id":1574,"Shape_Le_1":0.00076655007831600002,"Road":"Road_1","Length":70.547367459599997,"ID":"Road_1_1574"}},{"type":"Feature","id":2099,"geometry":{"type":"LineString","coordinates":[[120.85128126731672,36.665638069741192],[120.85056480082494,36.665371663571477]]},"properties":{"FID":2099,"Source_id":1,"Shape_Leng":125.63629865,"Region":"ASIA","Segment":"Blasting Solutions","Method":"Road","Product_tr":"Initiating System","Segment_id":1575,"Shape_Le_1":0.00076439288399800004,"Road":"Road_1","Length":70.545558132099998,"ID":"Road_1_1575"}},{"type":"Feature","id":2100,"geometry":{"type":"LineString","coordinates":[[120.85056480082494,36.665371663571477],[120.84984884245023,36.665104369770916]]},"properties":{"FID":2100,"Source_id":1,"Shape_Leng":125.63629865,"Region":"ASIA","Segment":"Blasting Solutions","Method":"Road","Product_tr":"Initiating System","Segment_id":1576,"Shape_Le_1":0.00076422664840999997,"Road":"Road_1","Length":70.545875972900006,"ID":"Road_1_1576"}},{"type":"Feature","id":2101,"geometry":{"type":"LineString","coordinates":[[120.84984884245023,36.665104369770916],[120.84913550020326,36.664832602742479]]},"properties":{"FID":2101,"Source_id":1,"Shape_Leng":125.63629865,"Region":"ASIA","Segment":"Blasting Solutions","Method":"Road","Product_tr":"Initiating System","Segment_id":1577,"Shape_Le_1":0.00076335737309199999,"Road":"Road_1","Length":70.544724667099999,"ID":"Road_1_1577"}},{"type":"Feature","id":2102,"geometry":{"type":"LineString","coordinates":[[120.84913550020326,36.664832602742479],[120.84842268945556,36.664559941787957]]},"properties":{"FID":2102,"Source_id":1,"Shape_Leng":125.63629865,"Region":"ASIA","Segment":"Blasting Solutions","Method":"Road","Product_tr":"Initiating System","Segment_id":1578,"Shape_Le_1":0.000763179636886,"Road":"Road_1","Length":70.544465925300003,"ID":"Road_1_1578"}},{"type":"Feature","id":2103,"geometry":{"type":"LineString","coordinates":[[120.84842268945556,36.664559941787957],[120.84771196243719,36.66428386430897]]},"properties":{"FID":2103,"Source_id":1,"Shape_Leng":125.63629865,"Region":"ASIA","Segment":"Blasting Solutions","Method":"Road","Product_tr":"Initiating System","Segment_id":1579,"Shape_Le_1":0.00076246420837200002,"Road":"Road_1","Length":70.540268428000005,"ID":"Road_1_1579"}},{"type":"Feature","id":2104,"geometry":{"type":"LineString","coordinates":[[120.84771196243719,36.66428386430897],[120.84700694071785,36.663998398807109]]},"properties":{"FID":2104,"Source_id":1,"Shape_Leng":125.63629865,"Region":"ASIA","Segment":"Blasting Solutions","Method":"Road","Product_tr":"Initiating System","Segment_id":1580,"Shape_Le_1":0.00076062223047699998,"Road":"Road_1","Length":70.5430362436,"ID":"Road_1_1580"}},{"type":"Feature","id":2105,"geometry":{"type":"LineString","coordinates":[[120.84700694071785,36.663998398807109],[120.84630193248825,36.663712930607289]]},"properties":{"FID":2105,"Source_id":1,"Shape_Leng":125.63629865,"Region":"ASIA","Segment":"Blasting Solutions","Method":"Road","Product_tr":"Initiating System","Segment_id":1581,"Shape_Le_1":0.000760610739416,"Road":"Road_1","Length":70.542300415699998,"ID":"Road_1_1581"}},{"type":"Feature","id":2106,"geometry":{"type":"LineString","coordinates":[[120.84630193248825,36.663712930607289],[120.845596104077,36.663428798800055]]},"properties":{"FID":2106,"Source_id":1,"Shape_Leng":125.63629865,"Region":"ASIA","Segment":"Blasting Solutions","Method":"Road","Product_tr":"Initiating System","Segment_id":1582,"Shape_Le_1":0.000760870968035,"Road":"Road_1","Length":70.541619481599994,"ID":"Road_1_1582"}},{"type":"Feature","id":2107,"geometry":{"type":"LineString","coordinates":[[120.845596104077,36.663428798800055],[120.84489524711807,36.663136843790369]]},"properties":{"FID":2107,"Source_id":1,"Shape_Leng":125.63629865,"Region":"ASIA","Segment":"Blasting Solutions","Method":"Road","Product_tr":"Initiating System","Segment_id":1583,"Shape_Le_1":0.00075923527615600001,"Road":"Road_1","Length":70.539023228800005,"ID":"Road_1_1583"}},{"type":"Feature","id":2108,"geometry":{"type":"LineString","coordinates":[[120.84489524711807,36.663136843790369],[120.84420088596221,36.662834997137452]]},"properties":{"FID":2108,"Source_id":1,"Shape_Leng":125.63629865,"Region":"ASIA","Segment":"Blasting Solutions","Method":"Road","Product_tr":"Initiating System","Segment_id":1584,"Shape_Le_1":0.00075713196779200005,"Road":"Road_1","Length":70.538471403499997,"ID":"Road_1_1584"}},{"type":"Feature","id":2109,"geometry":{"type":"LineString","coordinates":[[120.84420088596221,36.662834997137452],[120.84351030915354,36.662527585479722]]},"properties":{"FID":2109,"Source_id":1,"Shape_Leng":125.63629865,"Region":"ASIA","Segment":"Blasting Solutions","Method":"Road","Product_tr":"Initiating System","Segment_id":1585,"Shape_Le_1":0.00075590889396399995,"Road":"Road_1","Length":70.537702891099997,"ID":"Road_1_1585"}},{"type":"Feature","id":2110,"geometry":{"type":"LineString","coordinates":[[120.84351030915354,36.662527585479722],[120.84281819000751,36.662222438314927]]},"properties":{"FID":2110,"Source_id":1,"Shape_Leng":125.63629865,"Region":"ASIA","Segment":"Blasting Solutions","Method":"Road","Product_tr":"Initiating System","Segment_id":1586,"Shape_Le_1":0.00075640181417999997,"Road":"Road_1","Length":70.537658943300002,"ID":"Road_1_1586"}},{"type":"Feature","id":2111,"geometry":{"type":"LineString","coordinates":[[120.84281819000751,36.662222438314927],[120.84213047034496,36.661911016580177]]},"properties":{"FID":2111,"Source_id":1,"Shape_Leng":125.63629865,"Region":"ASIA","Segment":"Blasting Solutions","Method":"Road","Product_tr":"Initiating System","Segment_id":1587,"Shape_Le_1":0.00075494491927200001,"Road":"Road_1","Length":70.531629812999995,"ID":"Road_1_1587"}},{"type":"Feature","id":2112,"geometry":{"type":"LineString","coordinates":[[120.84213047034496,36.661911016580177],[120.84144880851579,36.661590971246369]]},"properties":{"FID":2112,"Source_id":1,"Shape_Leng":125.63629865,"Region":"ASIA","Segment":"Blasting Solutions","Method":"Road","Product_tr":"Initiating System","Segment_id":1588,"Shape_Le_1":0.00075305502125,"Road":"Road_1","Length":70.537182319099998,"ID":"Road_1_1588"}},{"type":"Feature","id":2113,"geometry":{"type":"LineString","coordinates":[[120.84144880851579,36.661590971246369],[120.84076716107563,36.661270924113921]]},"properties":{"FID":2113,"Source_id":1,"Shape_Leng":125.63629865,"Region":"ASIA","Segment":"Blasting Solutions","Method":"Road","Product_tr":"Initiating System","Segment_id":1589,"Shape_Le_1":0.00075304276084800005,"Road":"Road_1","Length":70.536388360999993,"ID":"Road_1_1589"}},{"type":"Feature","id":2114,"geometry":{"type":"LineString","coordinates":[[120.84076716107563,36.661270924113921],[120.84009176842039,36.660942420656227]]},"properties":{"FID":2114,"Source_id":1,"Shape_Leng":125.63629865,"Region":"ASIA","Segment":"Blasting Solutions","Method":"Road","Product_tr":"Initiating System","Segment_id":1590,"Shape_Le_1":0.00075104577787799996,"Road":"Road_1","Length":70.534417038300006,"ID":"Road_1_1590"}},{"type":"Feature","id":2115,"geometry":{"type":"LineString","coordinates":[[120.84009176842039,36.660942420656227],[120.83941582358148,36.660614656441282]]},"properties":{"FID":2115,"Source_id":1,"Shape_Leng":125.63629865,"Region":"ASIA","Segment":"Blasting Solutions","Method":"Road","Product_tr":"Initiating System","Segment_id":1591,"Shape_Le_1":0.00075121954570999999,"Road":"Road_1","Length":70.534565904999994,"ID":"Road_1_1591"}},{"type":"Feature","id":2116,"geometry":{"type":"LineString","coordinates":[[120.83941582358148,36.660614656441282],[120.83873801534719,36.660289409428742]]},"properties":{"FID":2116,"Source_id":1,"Shape_Leng":125.63629865,"Region":"ASIA","Segment":"Blasting Solutions","Method":"Road","Product_tr":"Initiating System","Segment_id":1592,"Shape_Le_1":0.00075180424422399998,"Road":"Road_1","Length":70.534228488300002,"ID":"Road_1_1592"}},{"type":"Feature","id":2117,"geometry":{"type":"LineString","coordinates":[[120.83873801534719,36.660289409428742],[120.83806000926211,36.659964448400615]]},"properties":{"FID":2117,"Source_id":1,"Shape_Leng":125.63629865,"Region":"ASIA","Segment":"Blasting Solutions","Method":"Road","Product_tr":"Initiating System","Segment_id":1593,"Shape_Le_1":0.00075185897694300002,"Road":"Road_1","Length":70.533413902700005,"ID":"Road_1_1593"}},{"type":"Feature","id":2118,"geometry":{"type":"LineString","coordinates":[[120.83806000926211,36.659964448400615],[120.83738192133865,36.65963961507623]]},"properties":{"FID":2118,"Source_id":1,"Shape_Leng":125.63629865,"Region":"ASIA","Segment":"Blasting Solutions","Method":"Road","Product_tr":"Initiating System","Segment_id":1594,"Shape_Le_1":0.000751877596803,"Road":"Road_1","Length":70.532676573299995,"ID":"Road_1_1594"}},{"type":"Feature","id":2119,"geometry":{"type":"LineString","coordinates":[[120.83738192133865,36.65963961507623],[120.83670038361583,36.659319548158692]]},"properties":{"FID":2119,"Source_id":1,"Shape_Leng":125.63629865,"Region":"ASIA","Segment":"Blasting Solutions","Method":"Road","Product_tr":"Initiating System","Segment_id":1595,"Shape_Le_1":0.00075295185723799995,"Road":"Road_1","Length":70.530341952699999,"ID":"Road_1_1595"}},{"type":"Feature","id":2120,"geometry":{"type":"LineString","coordinates":[[120.83670038361583,36.659319548158692],[120.83601847177511,36.659000066699775]]},"properties":{"FID":2120,"Source_id":1,"Shape_Leng":125.63629865,"Region":"ASIA","Segment":"Blasting Solutions","Method":"Road","Product_tr":"Initiating System","Segment_id":1596,"Shape_Le_1":0.00075304193848600004,"Road":"Road_1","Length":70.526776939599998,"ID":"Road_1_1596"}},{"type":"Feature","id":2121,"geometry":{"type":"LineString","coordinates":[[120.83601847177511,36.659000066699775],[120.83534094143135,36.658674530105543]]},"properties":{"FID":2121,"Source_id":1,"Shape_Leng":125.63629865,"Region":"ASIA","Segment":"Blasting Solutions","Method":"Road","Product_tr":"Initiating System","Segment_id":1597,"Shape_Le_1":0.00075167908104899997,"Road":"Road_1","Length":70.530419672099995,"ID":"Road_1_1597"}},{"type":"Feature","id":2122,"geometry":{"type":"LineString","coordinates":[[120.83534094143135,36.658674530105543],[120.83466379150082,36.658348496186193]]},"properties":{"FID":2122,"Source_id":1,"Shape_Leng":125.63629865,"Region":"ASIA","Segment":"Blasting Solutions","Method":"Road","Product_tr":"Initiating System","Segment_id":1598,"Shape_Le_1":0.00075155182455699998,"Road":"Road_1","Length":70.529722943899998,"ID":"Road_1_1598"}},{"type":"Feature","id":2123,"geometry":{"type":"LineString","coordinates":[[120.83466379150082,36.658348496186193],[120.83398834668492,36.658020211263818]]},"properties":{"FID":2123,"Source_id":1,"Shape_Leng":125.63629865,"Region":"ASIA","Segment":"Blasting Solutions","Method":"Road","Product_tr":"Initiating System","Segment_id":1599,"Shape_Le_1":0.00075099713020799997,"Road":"Road_1","Length":70.5278245911,"ID":"Road_1_1599"}},{"type":"Feature","id":2124,"geometry":{"type":"LineString","coordinates":[[120.83398834668492,36.658020211263818],[120.83331635436627,36.657687355087432]]},"properties":{"FID":2124,"Source_id":1,"Shape_Leng":125.63629865,"Region":"ASIA","Segment":"Blasting Solutions","Method":"Road","Product_tr":"Initiating System","Segment_id":1600,"Shape_Le_1":0.00074991126839999995,"Road":"Road_1","Length":70.528255339099999,"ID":"Road_1_1600"}},{"type":"Feature","id":2125,"geometry":{"type":"LineString","coordinates":[[120.83331635436627,36.657687355087432],[120.8326387979422,36.657361988465027]]},"properties":{"FID":2125,"Source_id":1,"Shape_Leng":125.63629865,"Region":"ASIA","Segment":"Blasting Solutions","Method":"Road","Product_tr":"Initiating System","Segment_id":1601,"Shape_Le_1":0.00075162899544099998,"Road":"Road_1","Length":70.523642876500006,"ID":"Road_1_1601"}},{"type":"Feature","id":2126,"geometry":{"type":"LineString","coordinates":[[120.8326387979422,36.657361988465027],[120.8319597396503,36.657038773020986]]},"properties":{"FID":2126,"Source_id":1,"Shape_Leng":125.63629865,"Region":"ASIA","Segment":"Blasting Solutions","Method":"Road","Product_tr":"Initiating System","Segment_id":1602,"Shape_Le_1":0.000752056106322,"Road":"Road_1","Length":70.517521976099999,"ID":"Road_1_1602"}},{"type":"Feature","id":2127,"geometry":{"type":"LineString","coordinates":[[120.8319597396503,36.657038773020986],[120.83128540819507,36.656709099545367]]},"properties":{"FID":2127,"Source_id":1,"Shape_Leng":125.63629865,"Region":"ASIA","Segment":"Blasting Solutions","Method":"Road","Product_tr":"Initiating System","Segment_id":1603,"Shape_Le_1":0.00075060476419899996,"Road":"Road_1","Length":70.523289154400004,"ID":"Road_1_1603"}},{"type":"Feature","id":2128,"geometry":{"type":"LineString","coordinates":[[120.83128540819507,36.656709099545367],[120.83060881944152,36.656382809319268]]},"properties":{"FID":2128,"Source_id":1,"Shape_Leng":125.63629865,"Region":"ASIA","Segment":"Blasting Solutions","Method":"Road","Product_tr":"Initiating System","Segment_id":1604,"Shape_Le_1":0.00075115754211500004,"Road":"Road_1","Length":70.502575466500005,"ID":"Road_1_1604"}},{"type":"Feature","id":2129,"geometry":{"type":"LineString","coordinates":[[120.83060881944152,36.656382809319268],[120.82991880740713,36.656074912926954]]},"properties":{"FID":2129,"Source_id":1,"Shape_Leng":125.63629865,"Region":"ASIA","Segment":"Blasting Solutions","Method":"Road","Product_tr":"Initiating System","Segment_id":1605,"Shape_Le_1":0.00075559036257300005,"Road":"Road_1","Length":70.524045139099997,"ID":"Road_1_1605"}},{"type":"Feature","id":2130,"geometry":{"type":"LineString","coordinates":[[120.82991880740713,36.656074912926954],[120.8292318305846,36.655762651225416]]},"properties":{"FID":2130,"Source_id":1,"Shape_Leng":125.63629865,"Region":"ASIA","Segment":"Blasting Solutions","Method":"Road","Product_tr":"Initiating System","Segment_id":1606,"Shape_Le_1":0.00075461548150600004,"Road":"Road_1","Length":70.523735085799999,"ID":"Road_1_1606"}},{"type":"Feature","id":2131,"geometry":{"type":"LineString","coordinates":[[120.8292318305846,36.655762651225416],[120.82855834449208,36.655432186346388]]},"properties":{"FID":2131,"Source_id":1,"Shape_Leng":125.63629865,"Region":"ASIA","Segment":"Blasting Solutions","Method":"Road","Product_tr":"Initiating System","Segment_id":1607,"Shape_Le_1":0.00075019367705499997,"Road":"Road_1","Length":70.505166852800002,"ID":"Road_1_1607"}},{"type":"Feature","id":2132,"geometry":{"type":"LineString","coordinates":[[120.82855834449208,36.655432186346388],[120.82787891028352,36.655109454737612]]},"properties":{"FID":2132,"Source_id":1,"Shape_Leng":125.63629865,"Region":"ASIA","Segment":"Blasting Solutions","Method":"Road","Product_tr":"Initiating System","Segment_id":1608,"Shape_Le_1":0.00075218783230699999,"Road":"Road_1","Length":70.520479036300003,"ID":"Road_1_1608"}},{"type":"Feature","id":2133,"geometry":{"type":"LineString","coordinates":[[120.82787891028352,36.655109454737612],[120.82720790272265,36.654775458220854]]},"properties":{"FID":2133,"Source_id":1,"Shape_Leng":125.63629865,"Region":"ASIA","Segment":"Blasting Solutions","Method":"Road","Product_tr":"Initiating System","Segment_id":1609,"Shape_Le_1":0.00074953640335100003,"Road":"Road_1","Length":70.521605016600006,"ID":"Road_1_1609"}},{"type":"Feature","id":2134,"geometry":{"type":"LineString","coordinates":[[120.82720790272265,36.654775458220854],[120.82653685828939,36.654441527354663]]},"properties":{"FID":2134,"Source_id":1,"Shape_Leng":125.63629865,"Region":"ASIA","Segment":"Blasting Solutions","Method":"Road","Product_tr":"Initiating System","Segment_id":1610,"Shape_Le_1":0.00074954016223700002,"Road":"Road_1","Length":70.520800684700006,"ID":"Road_1_1610"}},{"type":"Feature","id":2135,"geometry":{"type":"LineString","coordinates":[[120.82653685828939,36.654441527354663],[120.82586582824547,36.654107594689776]]},"properties":{"FID":2135,"Source_id":1,"Shape_Leng":125.63629865,"Region":"ASIA","Segment":"Blasting Solutions","Method":"Road","Product_tr":"Initiating System","Segment_id":1611,"Shape_Le_1":0.00074952808120800002,"Road":"Road_1","Length":70.520030272699998,"ID":"Road_1_1611"}},{"type":"Feature","id":2136,"geometry":{"type":"LineString","coordinates":[[120.82586582824547,36.654107594689776],[120.82519250133294,36.653776825839884]]},"properties":{"FID":2136,"Source_id":1,"Shape_Leng":125.63629865,"Region":"ASIA","Segment":"Blasting Solutions","Method":"Road","Product_tr":"Initiating System","Segment_id":1612,"Shape_Le_1":0.00075018475271099996,"Road":"Road_1","Length":70.511660459200002,"ID":"Road_1_1612"}},{"type":"Feature","id":2137,"geometry":{"type":"LineString","coordinates":[[120.82519250133294,36.653776825839884],[120.82450716847109,36.653462350007487]]},"properties":{"FID":2137,"Source_id":1,"Shape_Leng":125.63629865,"Region":"ASIA","Segment":"Blasting Solutions","Method":"Road","Product_tr":"Initiating System","Segment_id":1613,"Shape_Le_1":0.00075403990656500001,"Road":"Road_1","Length":70.518599192400004,"ID":"Road_1_1613"}},{"type":"Feature","id":2138,"geometry":{"type":"LineString","coordinates":[[120.82450716847109,36.653462350007487],[120.82382026719165,36.653150121580893]]},"properties":{"FID":2138,"Source_id":1,"Shape_Leng":125.63629865,"Region":"ASIA","Segment":"Blasting Solutions","Method":"Road","Product_tr":"Initiating System","Segment_id":1614,"Shape_Le_1":0.00075453294034500003,"Road":"Road_1","Length":70.517837664599995,"ID":"Road_1_1614"}},{"type":"Feature","id":2139,"geometry":{"type":"LineString","coordinates":[[120.82382026719165,36.653150121580893],[120.82313453682946,36.65283624649561]]},"properties":{"FID":2139,"Source_id":1,"Shape_Leng":125.63629865,"Region":"ASIA","Segment":"Blasting Solutions","Method":"Road","Product_tr":"Initiating System","Segment_id":1615,"Shape_Le_1":0.00075415097877999996,"Road":"Road_1","Length":70.516963426499998,"ID":"Road_1_1615"}},{"type":"Feature","id":2140,"geometry":{"type":"LineString","coordinates":[[120.82313453682946,36.65283624649561],[120.82244402207402,36.652529301586071]]},"properties":{"FID":2140,"Source_id":1,"Shape_Leng":125.63629865,"Region":"ASIA","Segment":"Blasting Solutions","Method":"Road","Product_tr":"Initiating System","Segment_id":1616,"Shape_Le_1":0.00075566249408300003,"Road":"Road_1","Length":70.514772761800003,"ID":"Road_1_1616"}},{"type":"Feature","id":2141,"geometry":{"type":"LineString","coordinates":[[120.82244402207402,36.652529301586071],[120.82175177522436,36.652224889167371]]},"properties":{"FID":2141,"Source_id":1,"Shape_Leng":125.63629865,"Region":"ASIA","Segment":"Blasting Solutions","Method":"Road","Product_tr":"Initiating System","Segment_id":1617,"Shape_Le_1":0.00075622260051700003,"Road":"Road_1","Length":70.515571728599994,"ID":"Road_1_1617"}},{"type":"Feature","id":2142,"geometry":{"type":"LineString","coordinates":[[120.82175177522436,36.652224889167371],[120.82105573773219,36.651926296261593]]},"properties":{"FID":2142,"Source_id":1,"Shape_Leng":125.63629865,"Region":"ASIA","Segment":"Blasting Solutions","Method":"Road","Product_tr":"Initiating System","Segment_id":1618,"Shape_Le_1":0.00075738095690100005,"Road":"Road_1","Length":70.507699300499993,"ID":"Road_1_1618"}},{"type":"Feature","id":2143,"geometry":{"type":"LineString","coordinates":[[120.82105573773219,36.651926296261593],[120.82034937782157,36.651643751757774]]},"properties":{"FID":2143,"Source_id":1,"Shape_Leng":125.63629865,"Region":"ASIA","Segment":"Blasting Solutions","Method":"Road","Product_tr":"Initiating System","Segment_id":1619,"Shape_Le_1":0.00076077310676299999,"Road":"Road_1","Length":70.514214483999993,"ID":"Road_1_1619"}},{"type":"Feature","id":2144,"geometry":{"type":"LineString","coordinates":[[120.82034937782157,36.651643751757774],[120.81965419738333,36.651344204671375]]},"properties":{"FID":2144,"Source_id":1,"Shape_Leng":125.63629865,"Region":"ASIA","Segment":"Blasting Solutions","Method":"Road","Product_tr":"Initiating System","Segment_id":1620,"Shape_Le_1":0.00075697047411700004,"Road":"Road_1","Length":70.490346203399994,"ID":"Road_1_1620"}},{"type":"Feature","id":2145,"geometry":{"type":"LineString","coordinates":[[120.81965419738333,36.651344204671375],[120.81894885370673,36.651060237440049]]},"properties":{"FID":2145,"Source_id":1,"Shape_Leng":125.63629865,"Region":"ASIA","Segment":"Blasting Solutions","Method":"Road","Product_tr":"Initiating System","Segment_id":1621,"Shape_Le_1":0.00076035984282900001,"Road":"Road_1","Length":70.503684767099998,"ID":"Road_1_1621"}},{"type":"Feature","id":2146,"geometry":{"type":"LineString","coordinates":[[120.81894885370673,36.651060237440049],[120.81823666798789,36.650787420003496]]},"properties":{"FID":2146,"Source_id":1,"Shape_Leng":125.63629865,"Region":"ASIA","Segment":"Blasting Solutions","Method":"Road","Product_tr":"Initiating System","Segment_id":1622,"Shape_Le_1":0.00076265185491600001,"Road":"Road_1","Length":70.511660986199999,"ID":"Road_1_1622"}},{"type":"Feature","id":2147,"geometry":{"type":"LineString","coordinates":[[120.81823666798789,36.650787420003496],[120.81752720901352,36.650510040306187]]},"properties":{"FID":2147,"Source_id":1,"Shape_Leng":125.63629865,"Region":"ASIA","Segment":"Blasting Solutions","Method":"Road","Product_tr":"Initiating System","Segment_id":1623,"Shape_Le_1":0.00076175555973899997,"Road":"Road_1","Length":70.511278835300004,"ID":"Road_1_1623"}},{"type":"Feature","id":2148,"geometry":{"type":"LineString","coordinates":[[120.81752720901352,36.650510040306187],[120.81681497922796,36.650237492666179]]},"properties":{"FID":2148,"Source_id":1,"Shape_Leng":125.63629865,"Region":"ASIA","Segment":"Blasting Solutions","Method":"Road","Product_tr":"Initiating System","Segment_id":1624,"Shape_Le_1":0.00076259654045700005,"Road":"Road_1","Length":70.502778553599995,"ID":"Road_1_1624"}},{"type":"Feature","id":2149,"geometry":{"type":"LineString","coordinates":[[120.81681497922796,36.650237492666179],[120.81610816515979,36.649956013859025]]},"properties":{"FID":2149,"Source_id":1,"Shape_Leng":125.63629865,"Region":"ASIA","Segment":"Blasting Solutions","Method":"Road","Product_tr":"Initiating System","Segment_id":1625,"Shape_Le_1":0.00076079987239399997,"Road":"Road_1","Length":70.499344714900005,"ID":"Road_1_1625"}},{"type":"Feature","id":2150,"geometry":{"type":"LineString","coordinates":[[120.81610816515979,36.649956013859025],[120.8153939118996,36.649687970923196]]},"properties":{"FID":2150,"Source_id":1,"Shape_Leng":125.63629865,"Region":"ASIA","Segment":"Blasting Solutions","Method":"Road","Product_tr":"Initiating System","Segment_id":1626,"Shape_Le_1":0.00076289234832499996,"Road":"Road_1","Length":70.454169226499999,"ID":"Road_1_1626"}},{"type":"Feature","id":2151,"geometry":{"type":"LineString","coordinates":[[120.8153939118996,36.649687970923196],[120.81466981286167,36.649436604116033]]},"properties":{"FID":2151,"Source_id":1,"Shape_Leng":125.63629865,"Region":"ASIA","Segment":"Blasting Solutions","Method":"Road","Product_tr":"Initiating System","Segment_id":1627,"Shape_Le_1":0.00076648854426299997,"Road":"Road_1","Length":70.500948501099998,"ID":"Road_1_1627"}},{"type":"Feature","id":2152,"geometry":{"type":"LineString","coordinates":[[120.81466981286167,36.649436604116033],[120.81394306442098,36.64919010623845]]},"properties":{"FID":2152,"Source_id":1,"Shape_Leng":125.63629865,"Region":"ASIA","Segment":"Blasting Solutions","Method":"Road","Product_tr":"Initiating System","Segment_id":1628,"Shape_Le_1":0.000767414164379,"Road":"Road_1","Length":70.507402837699999,"ID":"Road_1_1628"}},{"type":"Feature","id":2153,"geometry":{"type":"LineString","coordinates":[[120.81394306442098,36.64919010623845],[120.81321677643314,36.64894274321307]]},"properties":{"FID":2153,"Source_id":1,"Shape_Leng":125.63629865,"Region":"ASIA","Segment":"Blasting Solutions","Method":"Road","Product_tr":"Initiating System","Segment_id":1629,"Shape_Le_1":0.00076725661131999995,"Road":"Road_1","Length":70.506969233299998,"ID":"Road_1_1629"}},{"type":"Feature","id":2154,"geometry":{"type":"LineString","coordinates":[[120.81321677643314,36.64894274321307],[120.81248885437719,36.648698547599963]]},"properties":{"FID":2154,"Source_id":1,"Shape_Leng":125.63629865,"Region":"ASIA","Segment":"Blasting Solutions","Method":"Road","Product_tr":"Initiating System","Segment_id":1630,"Shape_Le_1":0.00076779034702900001,"Road":"Road_1","Length":70.505931177600004,"ID":"Road_1_1630"}},{"type":"Feature","id":2155,"geometry":{"type":"LineString","coordinates":[[120.81248885437719,36.648698547599963],[120.8117625322152,36.648451291593858]]},"properties":{"FID":2155,"Source_id":1,"Shape_Leng":125.63629865,"Region":"ASIA","Segment":"Blasting Solutions","Method":"Road","Product_tr":"Initiating System","Segment_id":1631,"Shape_Le_1":0.00076725446597599996,"Road":"Road_1","Length":70.505540648299998,"ID":"Road_1_1631"}},{"type":"Feature","id":2156,"geometry":{"type":"LineString","coordinates":[[120.8117625322152,36.648451291593858],[120.81103414880704,36.648208134697711]]},"properties":{"FID":2156,"Source_id":1,"Shape_Leng":125.63629865,"Region":"ASIA","Segment":"Blasting Solutions","Method":"Road","Product_tr":"Initiating System","Segment_id":1632,"Shape_Le_1":0.00076789821293300005,"Road":"Road_1","Length":70.500200780399993,"ID":"Road_1_1632"}},{"type":"Feature","id":2157,"geometry":{"type":"LineString","coordinates":[[120.81103414880704,36.648208134697711],[120.8103006878265,36.647975018732154]]},"properties":{"FID":2157,"Source_id":1,"Shape_Leng":125.63629865,"Region":"ASIA","Segment":"Blasting Solutions","Method":"Road","Product_tr":"Initiating System","Segment_id":1633,"Shape_Le_1":0.00076961552958199997,"Road":"Road_1","Length":70.503648059,"ID":"Road_1_1633"}},{"type":"Feature","id":2158,"geometry":{"type":"LineString","coordinates":[[120.8103006878265,36.647975018732154],[120.809562928986,36.647750890591169]]},"properties":{"FID":2158,"Source_id":1,"Shape_Leng":125.63629865,"Region":"ASIA","Segment":"Blasting Solutions","Method":"Road","Product_tr":"Initiating System","Segment_id":1634,"Shape_Le_1":0.00077105222282200004,"Road":"Road_1","Length":70.503482333400001,"ID":"Road_1_1634"}},{"type":"Feature","id":2159,"geometry":{"type":"LineString","coordinates":[[120.809562928986,36.647750890591169],[120.8088242528371,36.647528779629511]]},"properties":{"FID":2159,"Source_id":1,"Shape_Leng":125.63629865,"Region":"ASIA","Segment":"Blasting Solutions","Method":"Road","Product_tr":"Initiating System","Segment_id":1635,"Shape_Le_1":0.00077134670041499999,"Road":"Road_1","Length":70.501848409600001,"ID":"Road_1_1635"}},{"type":"Feature","id":2160,"geometry":{"type":"LineString","coordinates":[[120.8088242528371,36.647528779629511],[120.80808394801591,36.647310214694699]]},"properties":{"FID":2160,"Source_id":1,"Shape_Leng":125.63629865,"Region":"ASIA","Segment":"Blasting Solutions","Method":"Road","Product_tr":"Initiating System","Segment_id":1636,"Shape_Le_1":0.00077189497926200001,"Road":"Road_1","Length":70.502148363399996,"ID":"Road_1_1636"}},{"type":"Feature","id":2161,"geometry":{"type":"LineString","coordinates":[[120.80808394801591,36.647310214694699],[120.80734146413727,36.647096577145362]]},"properties":{"FID":2161,"Source_id":1,"Shape_Leng":125.63629865,"Region":"ASIA","Segment":"Blasting Solutions","Method":"Road","Product_tr":"Initiating System","Segment_id":1637,"Shape_Le_1":0.00077260812351800001,"Road":"Road_1","Length":70.499561254900001,"ID":"Road_1_1637"}},{"type":"Feature","id":2162,"geometry":{"type":"LineString","coordinates":[[120.80734146413727,36.647096577145362],[120.80659792985068,36.646885795842877]]},"properties":{"FID":2162,"Source_id":1,"Shape_Leng":125.63629865,"Region":"ASIA","Segment":"Blasting Solutions","Method":"Road","Product_tr":"Initiating System","Segment_id":1638,"Shape_Le_1":0.00077283374202000003,"Road":"Road_1","Length":70.482377054400004,"ID":"Road_1_1638"}},{"type":"Feature","id":2163,"geometry":{"type":"LineString","coordinates":[[120.80659792985068,36.646885795842877],[120.80584619194826,36.646694313991475]]},"properties":{"FID":2163,"Source_id":1,"Shape_Leng":125.63629865,"Region":"ASIA","Segment":"Blasting Solutions","Method":"Road","Product_tr":"Initiating System","Segment_id":1639,"Shape_Le_1":0.00077574169241500005,"Road":"Road_1","Length":70.5001543682,"ID":"Road_1_1639"}},{"type":"Feature","id":2164,"geometry":{"type":"LineString","coordinates":[[120.80584619194826,36.646694313991475],[120.80509697934224,36.646496558469437]]},"properties":{"FID":2164,"Source_id":1,"Shape_Leng":125.63629865,"Region":"ASIA","Segment":"Blasting Solutions","Method":"Road","Product_tr":"Initiating System","Segment_id":1640,"Shape_Le_1":0.00077487210268699998,"Road":"Road_1","Length":70.498633612299997,"ID":"Road_1_1640"}},{"type":"Feature","id":2165,"geometry":{"type":"LineString","coordinates":[[120.80509697934224,36.646496558469437],[120.80434482055705,36.646306206166514]]},"properties":{"FID":2165,"Source_id":1,"Shape_Leng":125.63629865,"Region":"ASIA","Segment":"Blasting Solutions","Method":"Road","Product_tr":"Initiating System","Segment_id":1641,"Shape_Le_1":0.00077587166294800002,"Road":"Road_1","Length":70.498703725499993,"ID":"Road_1_1641"}},{"type":"Feature","id":2166,"geometry":{"type":"LineString","coordinates":[[120.80434482055705,36.646306206166514],[120.80359185328143,36.646117963673134]]},"properties":{"FID":2166,"Source_id":1,"Shape_Leng":125.63629865,"Region":"ASIA","Segment":"Blasting Solutions","Method":"Road","Product_tr":"Initiating System","Segment_id":1642,"Shape_Le_1":0.00077614106608500004,"Road":"Road_1","Length":70.498110116600003,"ID":"Road_1_1642"}},{"type":"Feature","id":2167,"geometry":{"type":"LineString","coordinates":[[120.80359185328143,36.646117963673134],[120.80284153540856,36.645923003244036]]},"properties":{"FID":2167,"Source_id":1,"Shape_Leng":125.63629865,"Region":"ASIA","Segment":"Blasting Solutions","Method":"Road","Product_tr":"Initiating System","Segment_id":1643,"Shape_Le_1":0.00077523317734999998,"Road":"Road_1","Length":70.497231374199998,"ID":"Road_1_1643"}},{"type":"Feature","id":2168,"geometry":{"type":"LineString","coordinates":[[120.80284153540856,36.645923003244036],[120.80208996298143,36.64573267432354]]},"properties":{"FID":2168,"Source_id":1,"Shape_Leng":125.63629865,"Region":"ASIA","Segment":"Blasting Solutions","Method":"Road","Product_tr":"Initiating System","Segment_id":1644,"Shape_Le_1":0.00077529749851599995,"Road":"Road_1","Length":70.448377920900001,"ID":"Road_1_1644"}},{"type":"Feature","id":2169,"geometry":{"type":"LineString","coordinates":[[120.80208996298143,36.64573267432354],[120.80133542459021,36.645548640657296]]},"properties":{"FID":2169,"Source_id":1,"Shape_Leng":125.63629865,"Region":"ASIA","Segment":"Blasting Solutions","Method":"Road","Product_tr":"Initiating System","Segment_id":1645,"Shape_Le_1":0.000776657308043,"Road":"Road_1","Length":70.496062183999996,"ID":"Road_1_1645"}},{"type":"Feature","id":2170,"geometry":{"type":"LineString","coordinates":[[120.80133542459021,36.645548640657296],[120.80057574657349,36.645379389147536]]},"properties":{"FID":2170,"Source_id":1,"Shape_Leng":125.63629865,"Region":"ASIA","Segment":"Blasting Solutions","Method":"Road","Product_tr":"Initiating System","Segment_id":1646,"Shape_Le_1":0.00077830377272899997,"Road":"Road_1","Length":70.481472085299998,"ID":"Road_1_1646"}},{"type":"Feature","id":2171,"geometry":{"type":"LineString","coordinates":[[120.80057574657349,36.645379389147536],[120.79981608114724,36.645209774311695]]},"properties":{"FID":2171,"Source_id":1,"Shape_Leng":125.63629865,"Region":"ASIA","Segment":"Blasting Solutions","Method":"Road","Product_tr":"Initiating System","Segment_id":1647,"Shape_Le_1":0.00077837057522000001,"Road":"Road_1","Length":70.4912852187,"ID":"Road_1_1647"}},{"type":"Feature","id":2172,"geometry":{"type":"LineString","coordinates":[[120.79981608114724,36.645209774311695],[120.79904805922058,36.645066640013454]]},"properties":{"FID":2172,"Source_id":1,"Shape_Leng":125.63629865,"Region":"ASIA","Segment":"Blasting Solutions","Method":"Road","Product_tr":"Initiating System","Segment_id":1648,"Shape_Le_1":0.00078124586857400001,"Road":"Road_1","Length":70.492119622199994,"ID":"Road_1_1648"}},{"type":"Feature","id":2173,"geometry":{"type":"LineString","coordinates":[[120.79904805922058,36.645066640013454],[120.79827947611705,36.6449254644387]]},"properties":{"FID":2173,"Source_id":1,"Shape_Leng":125.63629865,"Region":"ASIA","Segment":"Blasting Solutions","Method":"Road","Product_tr":"Initiating System","Segment_id":1649,"Shape_Le_1":0.00078144131574200005,"Road":"Road_1","Length":70.492510237199994,"ID":"Road_1_1649"}},{"type":"Feature","id":2174,"geometry":{"type":"LineString","coordinates":[[120.79827947611705,36.6449254644387],[120.7975116394507,36.644782160168631]]},"properties":{"FID":2174,"Source_id":1,"Shape_Leng":125.63629865,"Region":"ASIA","Segment":"Blasting Solutions","Method":"Road","Product_tr":"Initiating System","Segment_id":1650,"Shape_Le_1":0.00078109491100500003,"Road":"Road_1","Length":70.480478336299996,"ID":"Road_1_1650"}},{"type":"Feature","id":2175,"geometry":{"type":"LineString","coordinates":[[120.7975116394507,36.644782160168631],[120.7967468182112,36.644628457937017]]},"properties":{"FID":2175,"Source_id":1,"Shape_Leng":125.63629865,"Region":"ASIA","Segment":"Blasting Solutions","Method":"Road","Product_tr":"Initiating System","Segment_id":1651,"Shape_Le_1":0.00078011275107699998,"Road":"Road_1","Length":70.488218534699996,"ID":"Road_1_1651"}},{"type":"Feature","id":2176,"geometry":{"type":"LineString","coordinates":[[120.7967468182112,36.644628457937017],[120.79597929450892,36.644483640107978]]},"properties":{"FID":2176,"Source_id":1,"Shape_Leng":125.63629865,"Region":"ASIA","Segment":"Blasting Solutions","Method":"Road","Product_tr":"Initiating System","Segment_id":1652,"Shape_Le_1":0.00078106647423100003,"Road":"Road_1","Length":70.491572786600003,"ID":"Road_1_1652"}},{"type":"Feature","id":2177,"geometry":{"type":"LineString","coordinates":[[120.79597929450892,36.644483640107978],[120.79521047758158,36.644343422311124]]},"properties":{"FID":2177,"Source_id":1,"Shape_Leng":125.63629865,"Region":"ASIA","Segment":"Blasting Solutions","Method":"Road","Product_tr":"Initiating System","Segment_id":1653,"Shape_Le_1":0.00078149887929000001,"Road":"Road_1","Length":70.489863377399999,"ID":"Road_1_1653"}},{"type":"Feature","id":2178,"geometry":{"type":"LineString","coordinates":[[120.79521047758158,36.644343422311124],[120.79444179555253,36.64420272517566]]},"properties":{"FID":2178,"Source_id":1,"Shape_Leng":125.63629865,"Region":"ASIA","Segment":"Blasting Solutions","Method":"Road","Product_tr":"Initiating System","Segment_id":1654,"Shape_Le_1":0.00078145233105299998,"Road":"Road_1","Length":70.489982360300004,"ID":"Road_1_1654"}},{"type":"Feature","id":2179,"geometry":{"type":"LineString","coordinates":[[120.79444179555253,36.64420272517566],[120.79367274480137,36.644063380620594]]},"properties":{"FID":2179,"Source_id":1,"Shape_Leng":125.63629865,"Region":"ASIA","Segment":"Blasting Solutions","Method":"Road","Product_tr":"Initiating System","Segment_id":1655,"Shape_Le_1":0.00078157274957999998,"Road":"Road_1","Length":70.489179022599998,"ID":"Road_1_1655"}},{"type":"Feature","id":2180,"geometry":{"type":"LineString","coordinates":[[120.79367274480137,36.644063380620594],[120.79290502684557,36.643919364087424]]},"properties":{"FID":2180,"Source_id":1,"Shape_Leng":125.63629865,"Region":"ASIA","Segment":"Blasting Solutions","Method":"Road","Product_tr":"Initiating System","Segment_id":1656,"Shape_Le_1":0.00078110922506300002,"Road":"Road_1","Length":70.4887602015,"ID":"Road_1_1656"}},{"type":"Feature","id":2181,"geometry":{"type":"LineString","coordinates":[[120.79290502684557,36.643919364087424],[120.79213685383274,36.643776951045481]]},"properties":{"FID":2181,"Source_id":1,"Shape_Leng":125.63629865,"Region":"ASIA","Segment":"Blasting Solutions","Method":"Road","Product_tr":"Initiating System","Segment_id":1657,"Shape_Le_1":0.00078126260127799995,"Road":"Road_1","Length":70.488410212199994,"ID":"Road_1_1657"}},{"type":"Feature","id":2182,"geometry":{"type":"LineString","coordinates":[[120.79213685383274,36.643776951045481],[120.79136798924139,36.643637084883608]]},"properties":{"FID":2182,"Source_id":1,"Shape_Leng":125.63629865,"Region":"ASIA","Segment":"Blasting Solutions","Method":"Road","Product_tr":"Initiating System","Segment_id":1658,"Shape_Le_1":0.00078148275929099998,"Road":"Road_1","Length":70.486029816499993,"ID":"Road_1_1658"}},{"type":"Feature","id":2183,"geometry":{"type":"LineString","coordinates":[[120.79136798924139,36.643637084883608],[120.79059767674141,36.643502495044174]]},"properties":{"FID":2183,"Source_id":1,"Shape_Leng":125.63629865,"Region":"ASIA","Segment":"Blasting Solutions","Method":"Road","Product_tr":"Initiating System","Segment_id":1659,"Shape_Le_1":0.00078198195152099997,"Road":"Road_1","Length":70.486069761500005,"ID":"Road_1_1659"}},{"type":"Feature","id":2184,"geometry":{"type":"LineString","coordinates":[[120.79059767674141,36.643502495044174],[120.7898286430775,36.643363220636161]]},"properties":{"FID":2184,"Source_id":1,"Shape_Leng":125.63629865,"Region":"ASIA","Segment":"Blasting Solutions","Method":"Road","Product_tr":"Initiating System","Segment_id":1660,"Shape_Le_1":0.00078154343254899998,"Road":"Road_1","Length":70.486587864100002,"ID":"Road_1_1660"}},{"type":"Feature","id":2185,"geometry":{"type":"LineString","coordinates":[[120.7898286430775,36.643363220636161],[120.78906052762136,36.643221178114914]]},"properties":{"FID":2185,"Source_id":1,"Shape_Leng":125.63629865,"Region":"ASIA","Segment":"Blasting Solutions","Method":"Road","Product_tr":"Initiating System","Segment_id":1661,"Shape_Le_1":0.00078113854840399996,"Road":"Road_1","Length":70.474667212499995,"ID":"Road_1_1661"}},{"type":"Feature","id":2186,"geometry":{"type":"LineString","coordinates":[[120.78906052762136,36.643221178114914],[120.78829158658755,36.643081636608315]]},"properties":{"FID":2186,"Source_id":1,"Shape_Leng":125.63629865,"Region":"ASIA","Segment":"Blasting Solutions","Method":"Road","Product_tr":"Initiating System","Segment_id":1662,"Shape_Le_1":0.00078149993316900003,"Road":"Road_1","Length":70.485255672600005,"ID":"Road_1_1662"}},{"type":"Feature","id":2187,"geometry":{"type":"LineString","coordinates":[[120.78829158658755,36.643081636608315],[120.78752265634557,36.642942086108462]]},"properties":{"FID":2187,"Source_id":1,"Shape_Leng":125.63629865,"Region":"ASIA","Segment":"Blasting Solutions","Method":"Road","Product_tr":"Initiating System","Segment_id":1663,"Shape_Le_1":0.00078149092063400005,"Road":"Road_1","Length":70.484654361599993,"ID":"Road_1_1663"}},{"type":"Feature","id":2188,"geometry":{"type":"LineString","coordinates":[[120.78752265634557,36.642942086108462],[120.78675360919181,36.64280299066553]]},"properties":{"FID":2188,"Source_id":1,"Shape_Leng":125.63629865,"Region":"ASIA","Segment":"Blasting Solutions","Method":"Road","Product_tr":"Initiating System","Segment_id":1664,"Shape_Le_1":0.00078152483451400002,"Road":"Road_1","Length":70.483898644099995,"ID":"Road_1_1664"}},{"type":"Feature","id":2189,"geometry":{"type":"LineString","coordinates":[[120.78675360919181,36.64280299066553],[120.78598368160169,36.642667121090824]]},"properties":{"FID":2189,"Source_id":1,"Shape_Leng":125.63629865,"Region":"ASIA","Segment":"Blasting Solutions","Method":"Road","Product_tr":"Initiating System","Segment_id":1665,"Shape_Le_1":0.00078182417163200004,"Road":"Road_1","Length":70.483399065499995,"ID":"Road_1_1665"}},{"type":"Feature","id":2190,"geometry":{"type":"LineString","coordinates":[[120.78598368160169,36.642667121090824],[120.78521570733903,36.64252432673635]]},"properties":{"FID":2190,"Source_id":1,"Shape_Leng":125.63629865,"Region":"ASIA","Segment":"Blasting Solutions","Method":"Road","Product_tr":"Initiating System","Segment_id":1666,"Shape_Le_1":0.00078113679709400005,"Road":"Road_1","Length":70.481673613699996,"ID":"Road_1_1666"}},{"type":"Feature","id":2191,"geometry":{"type":"LineString","coordinates":[[120.78521570733903,36.64252432673635],[120.78444822950223,36.642379798488946]]},"properties":{"FID":2191,"Source_id":1,"Shape_Leng":125.63629865,"Region":"ASIA","Segment":"Blasting Solutions","Method":"Road","Product_tr":"Initiating System","Segment_id":1667,"Shape_Le_1":0.00078096776135800001,"Road":"Road_1","Length":70.482076039500001,"ID":"Road_1_1667"}},{"type":"Feature","id":2192,"geometry":{"type":"LineString","coordinates":[[120.78444822950223,36.642379798488946],[120.78367711390774,36.642248660247503]]},"properties":{"FID":2192,"Source_id":1,"Shape_Leng":125.63629865,"Region":"ASIA","Segment":"Blasting Solutions","Method":"Road","Product_tr":"Initiating System","Segment_id":1668,"Shape_Le_1":0.00078218699710000004,"Road":"Road_1","Length":70.477265941100001,"ID":"Road_1_1668"}},{"type":"Feature","id":2193,"geometry":{"type":"LineString","coordinates":[[120.78367711390774,36.642248660247503],[120.78290577258338,36.642118389851873]]},"properties":{"FID":2193,"Source_id":1,"Shape_Leng":125.63629865,"Region":"ASIA","Segment":"Blasting Solutions","Method":"Road","Product_tr":"Initiating System","Segment_id":1669,"Shape_Le_1":0.000782264542628,"Road":"Road_1","Length":70.477314193799998,"ID":"Road_1_1669"}},{"type":"Feature","id":2194,"geometry":{"type":"LineString","coordinates":[[120.78290577258338,36.642118389851873],[120.78213878487713,36.641972268905135]]},"properties":{"FID":2194,"Source_id":1,"Shape_Leng":125.63629865,"Region":"ASIA","Segment":"Blasting Solutions","Method":"Road","Product_tr":"Initiating System","Segment_id":1670,"Shape_Le_1":0.00078078260265100001,"Road":"Road_1","Length":70.480199574599993,"ID":"Road_1_1670"}},{"type":"Feature","id":2195,"geometry":{"type":"LineString","coordinates":[[120.78213878487713,36.641972268905135],[120.78137349329211,36.641820713355287]]},"properties":{"FID":2195,"Source_id":1,"Shape_Leng":125.63629865,"Region":"ASIA","Segment":"Blasting Solutions","Method":"Road","Product_tr":"Initiating System","Segment_id":1671,"Shape_Le_1":0.00078015401992199995,"Road":"Road_1","Length":70.474209603800006,"ID":"Road_1_1671"}},{"type":"Feature","id":2196,"geometry":{"type":"LineString","coordinates":[[120.78137349329211,36.641820713355287],[120.78061032770449,36.641662245616203]]},"properties":{"FID":2196,"Source_id":1,"Shape_Leng":125.63629865,"Region":"ASIA","Segment":"Blasting Solutions","Method":"Road","Product_tr":"Initiating System","Segment_id":1672,"Shape_Le_1":0.00077944450632999997,"Road":"Road_1","Length":70.477196079400002,"ID":"Road_1_1672"}},{"type":"Feature","id":2197,"geometry":{"type":"LineString","coordinates":[[120.78061032770449,36.641662245616203],[120.77984766753593,36.641502217553352]]},"properties":{"FID":2197,"Source_id":1,"Shape_Leng":125.63629865,"Region":"ASIA","Segment":"Blasting Solutions","Method":"Road","Product_tr":"Initiating System","Segment_id":1673,"Shape_Le_1":0.000779268576044,"Road":"Road_1","Length":70.476994399700004,"ID":"Road_1_1673"}},{"type":"Feature","id":2198,"geometry":{"type":"LineString","coordinates":[[120.77984766753593,36.641502217553352],[120.77908699576835,36.641336174824687]]},"properties":{"FID":2198,"Source_id":1,"Shape_Leng":125.63629865,"Region":"ASIA","Segment":"Blasting Solutions","Method":"Road","Product_tr":"Initiating System","Segment_id":1674,"Shape_Le_1":0.00077858315274300001,"Road":"Road_1","Length":70.476618608699994,"ID":"Road_1_1674"}},{"type":"Feature","id":2199,"geometry":{"type":"LineString","coordinates":[[120.77908699576835,36.641336174824687],[120.77832679434619,36.641168730952245]]},"properties":{"FID":2199,"Source_id":1,"Shape_Leng":125.63629865,"Region":"ASIA","Segment":"Blasting Solutions","Method":"Road","Product_tr":"Initiating System","Segment_id":1675,"Shape_Le_1":0.00077842382587100004,"Road":"Road_1","Length":70.476996325399995,"ID":"Road_1_1675"}},{"type":"Feature","id":2200,"geometry":{"type":"LineString","coordinates":[[120.77832679434619,36.641168730952245],[120.77756660461512,36.641001279885188]]},"properties":{"FID":2200,"Source_id":1,"Shape_Leng":125.63629865,"Region":"ASIA","Segment":"Blasting Solutions","Method":"Road","Product_tr":"Initiating System","Segment_id":1676,"Shape_Le_1":0.00077841395611800003,"Road":"Road_1","Length":70.476340102899997,"ID":"Road_1_1676"}},{"type":"Feature","id":2201,"geometry":{"type":"LineString","coordinates":[[120.77756660461512,36.641001279885188],[120.7768123243294,36.640817429680681]]},"properties":{"FID":2201,"Source_id":1,"Shape_Leng":125.63629865,"Region":"ASIA","Segment":"Blasting Solutions","Method":"Road","Product_tr":"Initiating System","Segment_id":1677,"Shape_Le_1":0.00077636308974700005,"Road":"Road_1","Length":70.472018488700002,"ID":"Road_1_1677"}},{"type":"Feature","id":2202,"geometry":{"type":"LineString","coordinates":[[120.7768123243294,36.640817429680681],[120.77606101990023,36.64062578145473]]},"properties":{"FID":2202,"Source_id":1,"Shape_Leng":125.63629865,"Region":"ASIA","Segment":"Blasting Solutions","Method":"Road","Product_tr":"Initiating System","Segment_id":1678,"Shape_Le_1":0.00077536274594800002,"Road":"Road_1","Length":70.473783847899995,"ID":"Road_1_1678"}},{"type":"Feature","id":2203,"geometry":{"type":"LineString","coordinates":[[120.77606101990023,36.64062578145473],[120.77530436540417,36.64044839018112]]},"properties":{"FID":2203,"Source_id":1,"Shape_Leng":125.63629865,"Region":"ASIA","Segment":"Blasting Solutions","Method":"Road","Product_tr":"Initiating System","Segment_id":1679,"Shape_Le_1":0.00077717030975100001,"Road":"Road_1","Length":70.4720212549,"ID":"Road_1_1679"}},{"type":"Feature","id":2204,"geometry":{"type":"LineString","coordinates":[[120.77530436540417,36.64044839018112],[120.77455415634927,36.640254562897837]]},"properties":{"FID":2204,"Source_id":1,"Shape_Leng":125.63629865,"Region":"ASIA","Segment":"Blasting Solutions","Method":"Road","Product_tr":"Initiating System","Segment_id":1680,"Shape_Le_1":0.00077484362409300004,"Road":"Road_1","Length":70.454151569900006,"ID":"Road_1_1680"}},{"type":"Feature","id":2205,"geometry":{"type":"LineString","coordinates":[[120.77455415634927,36.640254562897837],[120.77380840613307,36.640049343002829]]},"properties":{"FID":2205,"Source_id":1,"Shape_Leng":125.63629865,"Region":"ASIA","Segment":"Blasting Solutions","Method":"Road","Product_tr":"Initiating System","Segment_id":1681,"Shape_Le_1":0.00077347177729099998,"Road":"Road_1","Length":70.473036683700002,"ID":"Road_1_1681"}},{"type":"Feature","id":2206,"geometry":{"type":"LineString","coordinates":[[120.77380840613307,36.640049343002829],[120.77306266850746,36.639844116812583]]},"properties":{"FID":2206,"Source_id":1,"Shape_Leng":125.63629865,"Region":"ASIA","Segment":"Blasting Solutions","Method":"Road","Product_tr":"Initiating System","Segment_id":1682,"Shape_Le_1":0.000773461308282,"Road":"Road_1","Length":70.472364034400002,"ID":"Road_1_1682"}},{"type":"Feature","id":2207,"geometry":{"type":"LineString","coordinates":[[120.77306266850746,36.639844116812583],[120.77231737154955,36.639637893274198]]},"properties":{"FID":2207,"Source_id":1,"Shape_Leng":125.63629865,"Region":"ASIA","Segment":"Blasting Solutions","Method":"Road","Product_tr":"Initiating System","Segment_id":1683,"Shape_Le_1":0.00077330181899600003,"Road":"Road_1","Length":70.471101836700001,"ID":"Road_1_1683"}},{"type":"Feature","id":2208,"geometry":{"type":"LineString","coordinates":[[120.77231737154955,36.639637893274198],[120.7715744802781,36.639426111925559]]},"properties":{"FID":2208,"Source_id":1,"Shape_Leng":125.63629865,"Region":"ASIA","Segment":"Blasting Solutions","Method":"Road","Product_tr":"Initiating System","Segment_id":1684,"Shape_Le_1":0.00077248869300300003,"Road":"Road_1","Length":70.471103093699995,"ID":"Road_1_1684"}},{"type":"Feature","id":2209,"geometry":{"type":"LineString","coordinates":[[120.7715744802781,36.639426111925559],[120.77083160249651,36.639214326080321]]},"properties":{"FID":2209,"Source_id":1,"Shape_Leng":125.63629865,"Region":"ASIA","Segment":"Blasting Solutions","Method":"Road","Product_tr":"Initiating System","Segment_id":1685,"Shape_Le_1":0.00077247695281100004,"Road":"Road_1","Length":70.470303332100002,"ID":"Road_1_1685"}},{"type":"Feature","id":2210,"geometry":{"type":"LineString","coordinates":[[120.77083160249651,36.639214326080321],[120.77008853585733,36.639002998889339]]},"properties":{"FID":2210,"Source_id":1,"Shape_Leng":125.63629865,"Region":"ASIA","Segment":"Blasting Solutions","Method":"Road","Product_tr":"Initiating System","Segment_id":1686,"Shape_Le_1":0.00077253298435899995,"Road":"Road_1","Length":70.469443046199999,"ID":"Road_1_1686"}},{"type":"Feature","id":2211,"geometry":{"type":"LineString","coordinates":[[120.77008853585733,36.639002998889339],[120.76934883358183,36.638784630006739]]},"properties":{"FID":2211,"Source_id":1,"Shape_Leng":125.63629865,"Region":"ASIA","Segment":"Blasting Solutions","Method":"Road","Product_tr":"Initiating System","Segment_id":1687,"Shape_Le_1":0.00077126158030900005,"Road":"Road_1","Length":70.450905454899996,"ID":"Road_1_1687"}},{"type":"Feature","id":2212,"geometry":{"type":"LineString","coordinates":[[120.76934883358183,36.638784630006739],[120.76862132161671,36.638540980282073]]},"properties":{"FID":2212,"Source_id":1,"Shape_Leng":125.63629865,"Region":"ASIA","Segment":"Blasting Solutions","Method":"Road","Product_tr":"Initiating System","Segment_id":1688,"Shape_Le_1":0.000767228028508,"Road":"Road_1","Length":70.456677998700002,"ID":"Road_1_1688"}},{"type":"Feature","id":2213,"geometry":{"type":"LineString","coordinates":[[120.76862132161671,36.638540980282073],[120.76788728866745,36.638310118017557]]},"properties":{"FID":2213,"Source_id":1,"Shape_Leng":125.63629865,"Region":"ASIA","Segment":"Blasting Solutions","Method":"Road","Product_tr":"Initiating System","Segment_id":1689,"Shape_Le_1":0.00076948148500600002,"Road":"Road_1","Length":70.467535327099995,"ID":"Road_1_1689"}},{"type":"Feature","id":2214,"geometry":{"type":"LineString","coordinates":[[120.76788728866745,36.638310118017557],[120.76715634488949,36.638073164644879]]},"properties":{"FID":2214,"Source_id":1,"Shape_Leng":125.63629865,"Region":"ASIA","Segment":"Blasting Solutions","Method":"Road","Product_tr":"Initiating System","Segment_id":1690,"Shape_Le_1":0.00076839163671399999,"Road":"Road_1","Length":70.459878336900005,"ID":"Road_1_1690"}},{"type":"Feature","id":2215,"geometry":{"type":"LineString","coordinates":[[120.76715634488949,36.638073164644879],[120.76643113339014,36.637824894203561]]},"properties":{"FID":2215,"Source_id":1,"Shape_Leng":125.63629865,"Region":"ASIA","Segment":"Blasting Solutions","Method":"Road","Product_tr":"Initiating System","Segment_id":1691,"Shape_Le_1":0.000766531102312,"Road":"Road_1","Length":70.466187334599994,"ID":"Road_1_1691"}},{"type":"Feature","id":2216,"geometry":{"type":"LineString","coordinates":[[120.76643113339014,36.637824894203561],[120.76570781316514,36.637573093023889]]},"properties":{"FID":2216,"Source_id":1,"Shape_Leng":125.63629865,"Region":"ASIA","Segment":"Blasting Solutions","Method":"Road","Product_tr":"Initiating System","Segment_id":1692,"Shape_Le_1":0.00076589554247799996,"Road":"Road_1","Length":70.465183416800002,"ID":"Road_1_1692"}},{"type":"Feature","id":2217,"geometry":{"type":"LineString","coordinates":[[120.76570781316514,36.637573093023889],[120.76498353336342,36.637323142648938]]},"properties":{"FID":2217,"Source_id":1,"Shape_Leng":125.63629865,"Region":"ASIA","Segment":"Blasting Solutions","Method":"Road","Product_tr":"Initiating System","Segment_id":1693,"Shape_Le_1":0.00076619607223700004,"Road":"Road_1","Length":70.463064444599993,"ID":"Road_1_1693"}},{"type":"Feature","id":2218,"geometry":{"type":"LineString","coordinates":[[120.76498353336342,36.637323142648938],[120.76425987589266,36.637072130174715]]},"properties":{"FID":2218,"Source_id":1,"Shape_Leng":125.63629865,"Region":"ASIA","Segment":"Blasting Solutions","Method":"Road","Product_tr":"Initiating System","Segment_id":1694,"Shape_Le_1":0.00076595521879500004,"Road":"Road_1","Length":70.458609140199997,"ID":"Road_1_1694"}},{"type":"Feature","id":2219,"geometry":{"type":"LineString","coordinates":[[120.76425987589266,36.637072130174715],[120.76354280595581,36.636809050597265]]},"properties":{"FID":2219,"Source_id":1,"Shape_Leng":125.63629865,"Region":"ASIA","Segment":"Blasting Solutions","Method":"Road","Product_tr":"Initiating System","Segment_id":1695,"Shape_Le_1":0.00076380636185600004,"Road":"Road_1","Length":70.462241189400004,"ID":"Road_1_1695"}},{"type":"Feature","id":2220,"geometry":{"type":"LineString","coordinates":[[120.76354280595581,36.636809050597265],[120.76282790698235,36.636542156995006]]},"properties":{"FID":2220,"Source_id":1,"Shape_Leng":125.63629865,"Region":"ASIA","Segment":"Blasting Solutions","Method":"Road","Product_tr":"Initiating System","Segment_id":1696,"Shape_Le_1":0.00076309418630699996,"Road":"Road_1","Length":70.462631461499996,"ID":"Road_1_1696"}},{"type":"Feature","id":2221,"geometry":{"type":"LineString","coordinates":[[120.76282790698235,36.636542156995006],[120.76211694074425,36.636268749603175]]},"properties":{"FID":2221,"Source_id":1,"Shape_Leng":125.63629865,"Region":"ASIA","Segment":"Blasting Solutions","Method":"Road","Product_tr":"Initiating System","Segment_id":1697,"Shape_Le_1":0.00076172474925599999,"Road":"Road_1","Length":70.452106914200002,"ID":"Road_1_1697"}},{"type":"Feature","id":2222,"geometry":{"type":"LineString","coordinates":[[120.76211694074425,36.636268749603175],[120.76141385886251,36.635982253478289]]},"properties":{"FID":2222,"Source_id":1,"Shape_Leng":125.63629865,"Region":"ASIA","Segment":"Blasting Solutions","Method":"Road","Product_tr":"Initiating System","Segment_id":1698,"Shape_Le_1":0.00075921285684799999,"Road":"Road_1","Length":70.459925578500005,"ID":"Road_1_1698"}},{"type":"Feature","id":2223,"geometry":{"type":"LineString","coordinates":[[120.76141385886251,36.635982253478289],[120.76071281304598,36.63569288491874]]},"properties":{"FID":2223,"Source_id":1,"Shape_Leng":125.63629865,"Region":"ASIA","Segment":"Blasting Solutions","Method":"Road","Product_tr":"Initiating System","Segment_id":1699,"Shape_Le_1":0.00075841901355799997,"Road":"Road_1","Length":70.442412081599997,"ID":"Road_1_1699"}},{"type":"Feature","id":2224,"geometry":{"type":"LineString","coordinates":[[120.76071281304598,36.63569288491874],[120.76000783629263,36.635409441092861]]},"properties":{"FID":2224,"Source_id":1,"Shape_Leng":125.63629865,"Region":"ASIA","Segment":"Blasting Solutions","Method":"Road","Product_tr":"Initiating System","Segment_id":1700,"Shape_Le_1":0.00075982407516400001,"Road":"Road_1","Length":70.459760286399998,"ID":"Road_1_1700"}},{"type":"Feature","id":2225,"geometry":{"type":"LineString","coordinates":[[120.76000783629263,36.635409441092861],[120.759309105331,36.635116196455328]]},"properties":{"FID":2225,"Source_id":1,"Shape_Leng":125.63629865,"Region":"ASIA","Segment":"Blasting Solutions","Method":"Road","Product_tr":"Initiating System","Segment_id":1701,"Shape_Le_1":0.00075777132050700003,"Road":"Road_1","Length":70.4562499444,"ID":"Road_1_1701"}},{"type":"Feature","id":2226,"geometry":{"type":"LineString","coordinates":[[120.759309105331,36.635116196455328],[120.75861204261173,36.634820349179847]]},"properties":{"FID":2226,"Source_id":1,"Shape_Leng":125.63629865,"Region":"ASIA","Segment":"Blasting Solutions","Method":"Road","Product_tr":"Initiating System","Segment_id":1702,"Shape_Le_1":0.000757246356877,"Road":"Road_1","Length":70.458272785000005,"ID":"Road_1_1702"}},{"type":"Feature","id":2227,"geometry":{"type":"LineString","coordinates":[[120.75861204261173,36.634820349179847],[120.75791618858125,36.634522691569032]]},"properties":{"FID":2227,"Source_id":1,"Shape_Leng":125.63629865,"Region":"ASIA","Segment":"Blasting Solutions","Method":"Road","Product_tr":"Initiating System","Segment_id":1703,"Shape_Le_1":0.000756844029516,"Road":"Road_1","Length":70.456812596999995,"ID":"Road_1_1703"}},{"type":"Feature","id":2228,"geometry":{"type":"LineString","coordinates":[[120.75791618858125,36.634522691569032],[120.75722499303902,36.634218111876407]]},"properties":{"FID":2228,"Source_id":1,"Shape_Leng":125.63629865,"Region":"ASIA","Segment":"Blasting Solutions","Method":"Road","Product_tr":"Initiating System","Segment_id":1704,"Shape_Le_1":0.00075532778762599998,"Road":"Road_1","Length":70.454550733900007,"ID":"Road_1_1704"}},{"type":"Feature","id":2229,"geometry":{"type":"LineString","coordinates":[[120.75722499303902,36.634218111876407],[120.75653819787954,36.633907109225788]]},"properties":{"FID":2229,"Source_id":1,"Shape_Leng":125.63629865,"Region":"ASIA","Segment":"Blasting Solutions","Method":"Road","Product_tr":"Initiating System","Segment_id":1705,"Shape_Le_1":0.00075392986396599995,"Road":"Road_1","Length":70.456094297299998,"ID":"Road_1_1705"}},{"type":"Feature","id":2230,"geometry":{"type":"LineString","coordinates":[[120.75653819787954,36.633907109225788],[120.75584588358072,36.633604216661297]]},"properties":{"FID":2230,"Source_id":1,"Shape_Leng":125.63629865,"Region":"ASIA","Segment":"Blasting Solutions","Method":"Road","Product_tr":"Initiating System","Segment_id":1706,"Shape_Le_1":0.00075567386746599997,"Road":"Road_1","Length":70.453275922399996,"ID":"Road_1_1706"}},{"type":"Feature","id":2231,"geometry":{"type":"LineString","coordinates":[[120.75584588358072,36.633604216661297],[120.75515960373275,36.633292683410673]]},"properties":{"FID":2231,"Source_id":1,"Shape_Leng":125.63629865,"Region":"ASIA","Segment":"Blasting Solutions","Method":"Road","Product_tr":"Initiating System","Segment_id":1707,"Shape_Le_1":0.00075367963749400002,"Road":"Road_1","Length":70.445218298399993,"ID":"Road_1_1707"}},{"type":"Feature","id":2232,"geometry":{"type":"LineString","coordinates":[[120.75515960373275,36.633292683410673],[120.75447755969174,36.632975255103986]]},"properties":{"FID":2232,"Source_id":1,"Shape_Leng":125.63629865,"Region":"ASIA","Segment":"Blasting Solutions","Method":"Road","Product_tr":"Initiating System","Segment_id":1708,"Shape_Le_1":0.00075229303051999995,"Road":"Road_1","Length":70.440445492400002,"ID":"Road_1_1708"}},{"type":"Feature","id":2233,"geometry":{"type":"LineString","coordinates":[[120.75447755969174,36.632975255103986],[120.75379252810274,36.632661809894671]]},"properties":{"FID":2233,"Source_id":1,"Shape_Leng":125.63629865,"Region":"ASIA","Segment":"Blasting Solutions","Method":"Road","Product_tr":"Initiating System","Segment_id":1709,"Shape_Le_1":0.00075333669575500001,"Road":"Road_1","Length":70.452908753900005,"ID":"Road_1_1709"}},{"type":"Feature","id":2234,"geometry":{"type":"LineString","coordinates":[[120.75379252810274,36.632661809894671],[120.75311310558538,36.632340635012326]]},"properties":{"FID":2234,"Source_id":1,"Shape_Leng":125.63629865,"Region":"ASIA","Segment":"Blasting Solutions","Method":"Road","Product_tr":"Initiating System","Segment_id":1710,"Shape_Le_1":0.000751510653372,"Road":"Road_1","Length":70.447358209399994,"ID":"Road_1_1710"}},{"type":"Feature","id":2235,"geometry":{"type":"LineString","coordinates":[[120.75311310558538,36.632340635012326],[120.75245153371134,36.631996041783964]]},"properties":{"FID":2235,"Source_id":1,"Shape_Leng":125.63629865,"Region":"ASIA","Segment":"Blasting Solutions","Method":"Road","Product_tr":"Initiating System","Segment_id":1711,"Shape_Le_1":0.00074593688577799999,"Road":"Road_1","Length":70.451234766300004,"ID":"Road_1_1711"}},{"type":"Feature","id":2236,"geometry":{"type":"LineString","coordinates":[[120.75245153371134,36.631996041783964],[120.75178838622514,36.631653874926428]]},"properties":{"FID":2236,"Source_id":1,"Shape_Leng":125.63629865,"Region":"ASIA","Segment":"Blasting Solutions","Method":"Road","Product_tr":"Initiating System","Segment_id":1712,"Shape_Le_1":0.00074621896708699999,"Road":"Road_1","Length":70.424312903900002,"ID":"Road_1_1712"}},{"type":"Feature","id":2237,"geometry":{"type":"LineString","coordinates":[[120.75178838622514,36.631653874926428],[120.75112133927848,36.631316234356802]]},"properties":{"FID":2237,"Source_id":1,"Shape_Leng":125.63629865,"Region":"ASIA","Segment":"Blasting Solutions","Method":"Road","Product_tr":"Initiating System","Segment_id":1713,"Shape_Le_1":0.00074763144884700005,"Road":"Road_1","Length":70.450096015699998,"ID":"Road_1_1713"}},{"type":"Feature","id":2238,"geometry":{"type":"LineString","coordinates":[[120.75112133927848,36.631316234356802],[120.75046317133831,36.630967566300171]]},"properties":{"FID":2238,"Source_id":1,"Shape_Leng":125.63629865,"Region":"ASIA","Segment":"Blasting Solutions","Method":"Road","Product_tr":"Initiating System","Segment_id":1714,"Shape_Le_1":0.00074481840148300001,"Road":"Road_1","Length":70.4437381539,"ID":"Road_1_1714"}},{"type":"Feature","id":2239,"geometry":{"type":"LineString","coordinates":[[120.75046317133831,36.630967566300171],[120.74980662937253,36.630616869373057]]},"properties":{"FID":2239,"Source_id":1,"Shape_Leng":125.63629865,"Region":"ASIA","Segment":"Blasting Solutions","Method":"Road","Product_tr":"Initiating System","Segment_id":1715,"Shape_Le_1":0.00074433573575399998,"Road":"Road_1","Length":70.4466051685,"ID":"Road_1_1715"}},{"type":"Feature","id":2240,"geometry":{"type":"LineString","coordinates":[[120.74980662937253,36.630616869373057],[120.74914879418156,36.630267766044597]]},"properties":{"FID":2240,"Source_id":1,"Shape_Leng":125.63629865,"Region":"ASIA","Segment":"Blasting Solutions","Method":"Road","Product_tr":"Initiating System","Segment_id":1716,"Shape_Le_1":0.00074472832120999995,"Road":"Road_1","Length":70.445863437,"ID":"Road_1_1716"}},{"type":"Feature","id":2241,"geometry":{"type":"LineString","coordinates":[[120.74914879418156,36.630267766044597],[120.74850378871895,36.629903459676996]]},"properties":{"FID":2241,"Source_id":1,"Shape_Leng":125.63629865,"Region":"ASIA","Segment":"Blasting Solutions","Method":"Road","Product_tr":"Initiating System","Segment_id":1717,"Shape_Le_1":0.00074077741345099997,"Road":"Road_1","Length":70.445005628000004,"ID":"Road_1_1717"}},{"type":"Feature","id":2242,"geometry":{"type":"LineString","coordinates":[[120.74850378871895,36.629903459676996],[120.74784808761922,36.629551872421018]]},"properties":{"FID":2242,"Source_id":1,"Shape_Leng":125.63629865,"Region":"ASIA","Segment":"Blasting Solutions","Method":"Road","Product_tr":"Initiating System","Segment_id":1718,"Shape_Le_1":0.00074401446945200004,"Road":"Road_1","Length":70.439273106300007,"ID":"Road_1_1718"}},{"type":"Feature","id":2243,"geometry":{"type":"LineString","coordinates":[[120.74784808761922,36.629551872421018],[120.74719936885583,36.629192018596825]]},"properties":{"FID":2243,"Source_id":1,"Shape_Leng":125.63629865,"Region":"ASIA","Segment":"Blasting Solutions","Method":"Road","Product_tr":"Initiating System","Segment_id":1719,"Shape_Le_1":0.000741842846401,"Road":"Road_1","Length":70.436387073899994,"ID":"Road_1_1719"}},{"type":"Feature","id":2244,"geometry":{"type":"LineString","coordinates":[[120.74719936885583,36.629192018596825],[120.74654514534222,36.628838675864245]]},"properties":{"FID":2244,"Source_id":1,"Shape_Leng":125.63629865,"Region":"ASIA","Segment":"Blasting Solutions","Method":"Road","Product_tr":"Initiating System","Segment_id":1720,"Shape_Le_1":0.00074354521881500005,"Road":"Road_1","Length":70.437980768000003,"ID":"Road_1_1720"}},{"type":"Feature","id":2245,"geometry":{"type":"LineString","coordinates":[[120.74654514534222,36.628838675864245],[120.74588879762996,36.628487815260542]]},"properties":{"FID":2245,"Source_id":1,"Shape_Leng":125.63629865,"Region":"ASIA","Segment":"Blasting Solutions","Method":"Road","Product_tr":"Initiating System","Segment_id":1721,"Shape_Le_1":0.00074424154857600003,"Road":"Road_1","Length":70.443499234599997,"ID":"Road_1_1721"}},{"type":"Feature","id":2246,"geometry":{"type":"LineString","coordinates":[[120.74588879762996,36.628487815260542],[120.74523527558756,36.628133556118769]]},"properties":{"FID":2246,"Source_id":1,"Shape_Leng":125.63629865,"Region":"ASIA","Segment":"Blasting Solutions","Method":"Road","Product_tr":"Initiating System","Segment_id":1722,"Shape_Le_1":0.00074336437864000004,"Road":"Road_1","Length":70.443010021399999,"ID":"Road_1_1722"}},{"type":"Feature","id":2247,"geometry":{"type":"LineString","coordinates":[[120.74523527558756,36.628133556118769],[120.74458331476819,36.627777442574939]]},"properties":{"FID":2247,"Source_id":1,"Shape_Leng":125.63629865,"Region":"ASIA","Segment":"Blasting Solutions","Method":"Road","Product_tr":"Initiating System","Segment_id":1723,"Shape_Le_1":0.00074287937519600003,"Road":"Road_1","Length":70.442639402099999,"ID":"Road_1_1723"}},{"type":"Feature","id":2248,"geometry":{"type":"LineString","coordinates":[[120.74458331476819,36.627777442574939],[120.74392752823292,36.62742596323767]]},"properties":{"FID":2248,"Source_id":1,"Shape_Leng":125.63629865,"Region":"ASIA","Segment":"Blasting Solutions","Method":"Road","Product_tr":"Initiating System","Segment_id":1724,"Shape_Le_1":0.00074403877881199995,"Road":"Road_1","Length":70.440337196100003,"ID":"Road_1_1724"}},{"type":"Feature","id":2249,"geometry":{"type":"LineString","coordinates":[[120.74392752823292,36.62742596323767],[120.74327490371388,36.627070812867771]]},"properties":{"FID":2249,"Source_id":1,"Shape_Leng":125.63629865,"Region":"ASIA","Segment":"Blasting Solutions","Method":"Road","Product_tr":"Initiating System","Segment_id":1725,"Shape_Le_1":0.00074300104177900004,"Road":"Road_1","Length":70.432364507200006,"ID":"Road_1_1725"}},{"type":"Feature","id":2250,"geometry":{"type":"LineString","coordinates":[[120.74327490371388,36.627070812867771],[120.74259690302472,36.626753452010234]]},"properties":{"FID":2250,"Source_id":1,"Shape_Leng":125.63629865,"Region":"ASIA","Segment":"Blasting Solutions","Method":"Road","Product_tr":"Initiating System","Segment_id":1726,"Shape_Le_1":0.00074860059337500005,"Road":"Road_1","Length":70.127952772800001,"ID":"Road_1_1726"}},{"type":"Feature","id":2251,"geometry":{"type":"LineString","coordinates":[[120.74259690302472,36.626753452010234],[120.7419195309617,36.626430594496412]]},"properties":{"FID":2251,"Source_id":1,"Shape_Leng":125.63629865,"Region":"ASIA","Segment":"Blasting Solutions","Method":"Road","Product_tr":"Initiating System","Segment_id":1727,"Shape_Le_1":0.00075037982781800004,"Road":"Road_1","Length":70.388059563599995,"ID":"Road_1_1727"}},{"type":"Feature","id":2252,"geometry":{"type":"LineString","coordinates":[[120.7419195309617,36.626430594496412],[120.74122748466073,36.626127981621096]]},"properties":{"FID":2252,"Source_id":1,"Shape_Leng":125.63629865,"Region":"ASIA","Segment":"Blasting Solutions","Method":"Road","Product_tr":"Initiating System","Segment_id":1728,"Shape_Le_1":0.00075531624833099999,"Road":"Road_1","Length":70.422640290999993,"ID":"Road_1_1728"}},{"type":"Feature","id":2253,"geometry":{"type":"LineString","coordinates":[[120.74122748466073,36.626127981621096],[120.74048132525297,36.626037602453437]]},"properties":{"FID":2253,"Source_id":1,"Shape_Leng":125.63629865,"Region":"ASIA","Segment":"Blasting Solutions","Method":"Road","Product_tr":"Initiating System","Segment_id":1729,"Shape_Le_1":0.00075161310241800001,"Road":"Road_1","Length":67.490077533900006,"ID":"Road_1_1729"}},{"type":"Feature","id":2254,"geometry":{"type":"LineString","coordinates":[[120.74048132525297,36.626037602453437],[120.74005764654316,36.62652941290213]]},"properties":{"FID":2254,"Source_id":1,"Shape_Leng":125.63629865,"Region":"ASIA","Segment":"Blasting Solutions","Method":"Road","Product_tr":"Initiating System","Segment_id":1730,"Shape_Le_1":0.00064913878838699995,"Road":"Road_1","Length":66.443302715000002,"ID":"Road_1_1730"}},{"type":"Feature","id":2255,"geometry":{"type":"LineString","coordinates":[[120.74005764654316,36.62652941290213],[120.74030015682683,36.627110157307982]]},"properties":{"FID":2255,"Source_id":1,"Shape_Leng":125.63629865,"Region":"ASIA","Segment":"Blasting Solutions","Method":"Road","Product_tr":"Initiating System","Segment_id":1731,"Shape_Le_1":0.00062934513791199998,"Road":"Road_1","Length":67.998130810399999,"ID":"Road_1_1731"}},{"type":"Feature","id":2256,"geometry":{"type":"LineString","coordinates":[[120.74030015682683,36.627110157307982],[120.7409094592042,36.627509109158098]]},"properties":{"FID":2256,"Source_id":1,"Shape_Leng":125.63629865,"Region":"ASIA","Segment":"Blasting Solutions","Method":"Road","Product_tr":"Initiating System","Segment_id":1732,"Shape_Le_1":0.00072829387322700001,"Road":"Road_1","Length":70.2146733302,"ID":"Road_1_1732"}},{"type":"Feature","id":2257,"geometry":{"type":"LineString","coordinates":[[120.7409094592042,36.627509109158098],[120.74155284049129,36.627875024412901]]},"properties":{"FID":2257,"Source_id":1,"Shape_Leng":125.63629865,"Region":"ASIA","Segment":"Blasting Solutions","Method":"Road","Product_tr":"Initiating System","Segment_id":1733,"Shape_Le_1":0.00074015772256799998,"Road":"Road_1","Length":70.430320372799997,"ID":"Road_1_1733"}},{"type":"Feature","id":2258,"geometry":{"type":"LineString","coordinates":[[120.74155284049129,36.627875024412901],[120.74218066530557,36.628258192261796]]},"properties":{"FID":2258,"Source_id":1,"Shape_Leng":125.63629865,"Region":"ASIA","Segment":"Blasting Solutions","Method":"Road","Product_tr":"Initiating System","Segment_id":1734,"Shape_Le_1":0.00073551451232799995,"Road":"Road_1","Length":70.436780433099997,"ID":"Road_1_1734"}},{"type":"Feature","id":2259,"geometry":{"type":"LineString","coordinates":[[120.74218066530557,36.628258192261796],[120.74289424137623,36.628307429244501]]},"properties":{"FID":2259,"Source_id":1,"Shape_Leng":125.63629865,"Region":"ASIA","Segment":"Blasting Solutions","Method":"Road","Product_tr":"Initiating System","Segment_id":1735,"Shape_Le_1":0.00071527273755700004,"Road":"Road_1","Length":64.057895854600005,"ID":"Road_1_1735"}},{"type":"Feature","id":2260,"geometry":{"type":"LineString","coordinates":[[120.74289424137623,36.628307429244501],[120.74331852353112,36.627772699550519]]},"properties":{"FID":2260,"Source_id":1,"Shape_Leng":125.63629865,"Region":"ASIA","Segment":"Blasting Solutions","Method":"Road","Product_tr":"Initiating System","Segment_id":1736,"Shape_Le_1":0.00068260617677899996,"Road":"Road_1","Length":70.436486770299993,"ID":"Road_1_1736"}},{"type":"Feature","id":2261,"geometry":{"type":"LineString","coordinates":[[120.74331852353112,36.627772699550519],[120.74373570643775,36.627234704418129]]},"properties":{"FID":2261,"Source_id":1,"Shape_Leng":125.63629865,"Region":"ASIA","Segment":"Blasting Solutions","Method":"Road","Product_tr":"Initiating System","Segment_id":1737,"Shape_Le_1":0.000680793904248,"Road":"Road_1","Length":70.403573168199998,"ID":"Road_1_1737"}},{"type":"Feature","id":2262,"geometry":{"type":"LineString","coordinates":[[120.74373570643775,36.627234704418129],[120.74413810449005,36.626690121751778]]},"properties":{"FID":2262,"Source_id":1,"Shape_Leng":125.63629865,"Region":"ASIA","Segment":"Blasting Solutions","Method":"Road","Product_tr":"Initiating System","Segment_id":1738,"Shape_Le_1":0.00067712219944800005,"Road":"Road_1","Length":70.338892110900005,"ID":"Road_1_1738"}},{"type":"Feature","id":2263,"geometry":{"type":"LineString","coordinates":[[120.74413810449005,36.626690121751778],[120.7445383747463,36.626143665797599]]},"properties":{"FID":2263,"Source_id":1,"Shape_Leng":125.63629865,"Region":"ASIA","Segment":"Blasting Solutions","Method":"Road","Product_tr":"Initiating System","Segment_id":1739,"Shape_Le_1":0.00067737020003599997,"Road":"Road_1","Length":70.420749447199995,"ID":"Road_1_1739"}},{"type":"Feature","id":2264,"geometry":{"type":"LineString","coordinates":[[120.7445383747463,36.626143665797599],[120.74489062480257,36.62558203738115]]},"properties":{"FID":2264,"Source_id":1,"Shape_Leng":125.63629865,"Region":"ASIA","Segment":"Blasting Solutions","Method":"Road","Product_tr":"Initiating System","Segment_id":1740,"Shape_Le_1":0.00066295292465100005,"Road":"Road_1","Length":69.835702712,"ID":"Road_1_1740"}},{"type":"Feature","id":2265,"geometry":{"type":"LineString","coordinates":[[120.74489062480257,36.62558203738115],[120.74528965939032,36.625034807110694]]},"properties":{"FID":2265,"Source_id":1,"Shape_Leng":125.63629865,"Region":"ASIA","Segment":"Blasting Solutions","Method":"Road","Product_tr":"Initiating System","Segment_id":1741,"Shape_Le_1":0.00067726624833300004,"Road":"Road_1","Length":70.438936973200001,"ID":"Road_1_1741"}},{"type":"Feature","id":2266,"geometry":{"type":"LineString","coordinates":[[120.74528965939032,36.625034807110694],[120.74527180425048,36.625320019903029]]},"properties":{"FID":2266,"Source_id":1,"Shape_Leng":125.63629865,"Region":"ASIA","Segment":"Blasting Solutions","Method":"Road","Product_tr":"Initiating System","Segment_id":1742,"Shape_Le_1":0.00028577113732899999,"Road":"Road_1","Length":31.690512655799999,"ID":"Road_1_1742"}},{"type":"Feature","id":2267,"geometry":{"type":"LineString","coordinates":[[120.74527180425048,36.625320019903029],[120.74480377637326,36.625821000738654]]},"properties":{"FID":2267,"Source_id":1,"Shape_Leng":125.63629865,"Region":"ASIA","Segment":"Blasting Solutions","Method":"Road","Product_tr":"Initiating System","Segment_id":1743,"Shape_Le_1":0.00068558871892500004,"Road":"Road_1","Length":69.593455645399999,"ID":"Road_1_1743"}},{"type":"Feature","id":2268,"geometry":{"type":"LineString","coordinates":[[120.74480377637326,36.625821000738654],[120.7443788188275,36.626352314807548]]},"properties":{"FID":2268,"Source_id":1,"Shape_Leng":125.63629865,"Region":"ASIA","Segment":"Blasting Solutions","Method":"Road","Product_tr":"Initiating System","Segment_id":1744,"Shape_Le_1":0.00068035546261,"Road":"Road_1","Length":70.150682935500001,"ID":"Road_1_1744"}},{"type":"Feature","id":2269,"geometry":{"type":"LineString","coordinates":[[120.7443788188275,36.626352314807548],[120.74399391348834,36.626905709930611]]},"properties":{"FID":2269,"Source_id":1,"Shape_Leng":125.63629865,"Region":"ASIA","Segment":"Blasting Solutions","Method":"Road","Product_tr":"Initiating System","Segment_id":1745,"Shape_Le_1":0.00067409070780199997,"Road":"Road_1","Length":70.402711682200007,"ID":"Road_1_1745"}},{"type":"Feature","id":2270,"geometry":{"type":"LineString","coordinates":[[120.74399391348834,36.626905709930611],[120.74358012732102,36.627445063039261]]},"properties":{"FID":2270,"Source_id":1,"Shape_Leng":125.63629865,"Region":"ASIA","Segment":"Blasting Solutions","Method":"Road","Product_tr":"Initiating System","Segment_id":1746,"Shape_Le_1":0.00067979465139900001,"Road":"Road_1","Length":70.371224792999996,"ID":"Road_1_1746"}},{"type":"Feature","id":2271,"geometry":{"type":"LineString","coordinates":[[120.74358012732102,36.627445063039261],[120.743157240914,36.627980458231605]]},"properties":{"FID":2271,"Source_id":1,"Shape_Leng":125.63629865,"Region":"ASIA","Segment":"Blasting Solutions","Method":"Road","Product_tr":"Initiating System","Segment_id":1747,"Shape_Le_1":0.00068226162520699997,"Road":"Road_1","Length":70.431674259399998,"ID":"Road_1_1747"}},{"type":"Feature","id":2272,"geometry":{"type":"LineString","coordinates":[[120.743157240914,36.627980458231605],[120.7427321529666,36.628514668117475]]},"properties":{"FID":2272,"Source_id":1,"Shape_Leng":125.63629865,"Region":"ASIA","Segment":"Blasting Solutions","Method":"Road","Product_tr":"Initiating System","Segment_id":1748,"Shape_Le_1":0.000682700494501,"Road":"Road_1","Length":70.426728620999995,"ID":"Road_1_1748"}},{"type":"Feature","id":2273,"geometry":{"type":"LineString","coordinates":[[120.7427321529666,36.628514668117475],[120.74235281982681,36.628496590845032]]},"properties":{"FID":2273,"Source_id":1,"Shape_Leng":125.63629865,"Region":"ASIA","Segment":"Blasting Solutions","Method":"Road","Product_tr":"Initiating System","Segment_id":1749,"Shape_Le_1":0.00037976363533400001,"Road":"Road_1","Length":33.987882962,"ID":"Road_1_1749"}},{"type":"Feature","id":2274,"geometry":{"type":"LineString","coordinates":[[120.74235281982681,36.628496590845032],[120.74173689394252,36.62810372380784]]},"properties":{"FID":2274,"Source_id":1,"Shape_Leng":125.63629865,"Region":"ASIA","Segment":"Blasting Solutions","Method":"Road","Product_tr":"Initiating System","Segment_id":1750,"Shape_Le_1":0.000730554038967,"Road":"Road_1","Length":70.253938476800002,"ID":"Road_1_1750"}},{"type":"Feature","id":2275,"geometry":{"type":"LineString","coordinates":[[120.74173689394252,36.62810372380784],[120.74110208948991,36.627728468194277]]},"properties":{"FID":2275,"Source_id":1,"Shape_Leng":125.63629865,"Region":"ASIA","Segment":"Blasting Solutions","Method":"Road","Product_tr":"Initiating System","Segment_id":1751,"Shape_Le_1":0.00073742353403799998,"Road":"Road_1","Length":70.412768121200003,"ID":"Road_1_1751"}},{"type":"Feature","id":2276,"geometry":{"type":"LineString","coordinates":[[120.74110208948991,36.627728468194277],[120.74045943755311,36.627361878447971]]},"properties":{"FID":2276,"Source_id":1,"Shape_Leng":125.63629865,"Region":"ASIA","Segment":"Blasting Solutions","Method":"Road","Product_tr":"Initiating System","Segment_id":1752,"Shape_Le_1":0.00073985779307299997,"Road":"Road_1","Length":70.420329176199999,"ID":"Road_1_1752"}},{"type":"Feature","id":2277,"geometry":{"type":"LineString","coordinates":[[120.74045943755311,36.627361878447971],[120.73999135481722,36.626860817572719]]},"properties":{"FID":2277,"Source_id":1,"Shape_Leng":125.63629865,"Region":"ASIA","Segment":"Blasting Solutions","Method":"Road","Product_tr":"Initiating System","Segment_id":1753,"Shape_Le_1":0.00068568465663800004,"Road":"Road_1","Length":69.6030129313,"ID":"Road_1_1753"}},{"type":"Feature","id":2278,"geometry":{"type":"LineString","coordinates":[[120.73999135481722,36.626860817572719],[120.73989700334414,36.626237981297834]]},"properties":{"FID":2278,"Source_id":1,"Shape_Leng":125.63629865,"Region":"ASIA","Segment":"Blasting Solutions","Method":"Road","Product_tr":"Initiating System","Segment_id":1754,"Shape_Le_1":0.00062994224003900005,"Road":"Road_1","Length":69.629870987800004,"ID":"Road_1_1754"}},{"type":"Feature","id":2279,"geometry":{"type":"LineString","coordinates":[[120.73989700334414,36.626237981297834],[120.74014456422037,36.625635959831754]]},"properties":{"FID":2279,"Source_id":1,"Shape_Leng":125.63629865,"Region":"ASIA","Segment":"Blasting Solutions","Method":"Road","Product_tr":"Initiating System","Segment_id":1755,"Shape_Le_1":0.00065093489156899998,"Road":"Road_1","Length":70.380831632400003,"ID":"Road_1_1755"}},{"type":"Feature","id":2280,"geometry":{"type":"LineString","coordinates":[[120.74014456422037,36.625635959831754],[120.7404179338406,36.625042149175897]]},"properties":{"FID":2280,"Source_id":1,"Shape_Leng":125.63629865,"Region":"ASIA","Segment":"Blasting Solutions","Method":"Road","Product_tr":"Initiating System","Segment_id":1756,"Shape_Le_1":0.00065371403860999997,"Road":"Road_1","Length":70.285993489600003,"ID":"Road_1_1756"}},{"type":"Feature","id":2281,"geometry":{"type":"LineString","coordinates":[[120.7404179338406,36.625042149175897],[120.74047912011531,36.624417362271515]]},"properties":{"FID":2281,"Source_id":1,"Shape_Leng":125.63629865,"Region":"ASIA","Segment":"Blasting Solutions","Method":"Road","Product_tr":"Initiating System","Segment_id":1757,"Shape_Le_1":0.00062777578489399996,"Road":"Road_1","Length":69.548665290399995,"ID":"Road_1_1757"}},{"type":"Feature","id":2282,"geometry":{"type":"LineString","coordinates":[[120.74047912011531,36.624417362271515],[120.74000026799808,36.623945080601061]]},"properties":{"FID":2282,"Source_id":1,"Shape_Leng":125.63629865,"Region":"ASIA","Segment":"Blasting Solutions","Method":"Road","Product_tr":"Initiating System","Segment_id":1758,"Shape_Le_1":0.00067256919823800005,"Road":"Road_1","Length":67.685657121399998,"ID":"Road_1_1758"}},{"type":"Feature","id":2283,"geometry":{"type":"LineString","coordinates":[[120.74000026799808,36.623945080601061],[120.73931571394905,36.624100358444821]]},"properties":{"FID":2283,"Source_id":1,"Shape_Leng":125.63629865,"Region":"ASIA","Segment":"Blasting Solutions","Method":"Road","Product_tr":"Initiating System","Segment_id":1759,"Shape_Le_1":0.00070194405390100001,"Road":"Road_1","Length":63.610334087399998,"ID":"Road_1_1759"}},{"type":"Feature","id":2284,"geometry":{"type":"LineString","coordinates":[[120.73931571394905,36.624100358444821],[120.73942254891153,36.624679117147593]]},"properties":{"FID":2284,"Source_id":1,"Shape_Leng":125.63629865,"Region":"ASIA","Segment":"Blasting Solutions","Method":"Road","Product_tr":"Initiating System","Segment_id":1760,"Shape_Le_1":0.00058853661334100002,"Road":"Road_1","Length":64.932250978200003,"ID":"Road_1_1760"}},{"type":"Feature","id":2285,"geometry":{"type":"LineString","coordinates":[[120.73942254891153,36.624679117147593],[120.73999794414988,36.625103617837738]]},"properties":{"FID":2285,"Source_id":1,"Shape_Leng":125.63629865,"Region":"ASIA","Segment":"Blasting Solutions","Method":"Road","Product_tr":"Initiating System","Segment_id":1761,"Shape_Le_1":0.00071503882149199995,"Road":"Road_1","Length":69.770846684000006,"ID":"Road_1_1761"}},{"type":"Feature","id":2286,"geometry":{"type":"LineString","coordinates":[[120.73999794414988,36.625103617837738],[120.74065535396153,36.625452901030599]]},"properties":{"FID":2286,"Source_id":1,"Shape_Leng":125.63629865,"Region":"ASIA","Segment":"Blasting Solutions","Method":"Road","Product_tr":"Initiating System","Segment_id":1762,"Shape_Le_1":0.00074443697468000003,"Road":"Road_1","Length":70.4283300938,"ID":"Road_1_1762"}},{"type":"Feature","id":2287,"geometry":{"type":"LineString","coordinates":[[120.74065535396153,36.625452901030599],[120.74131641412123,36.625797743371209]]},"properties":{"FID":2287,"Source_id":1,"Shape_Leng":125.63629865,"Region":"ASIA","Segment":"Blasting Solutions","Method":"Road","Product_tr":"Initiating System","Segment_id":1763,"Shape_Le_1":0.00074559826623999998,"Road":"Road_1","Length":70.431990631600002,"ID":"Road_1_1763"}},{"type":"Feature","id":2288,"geometry":{"type":"LineString","coordinates":[[120.74131641412123,36.625797743371209],[120.74196736680062,36.626154608748266]]},"properties":{"FID":2288,"Source_id":1,"Shape_Leng":125.63629865,"Region":"ASIA","Segment":"Blasting Solutions","Method":"Road","Product_tr":"Initiating System","Segment_id":1764,"Shape_Le_1":0.00074235590396499996,"Road":"Road_1","Length":70.416123983700004,"ID":"Road_1_1764"}},{"type":"Feature","id":2289,"geometry":{"type":"LineString","coordinates":[[120.74196736680062,36.626154608748266],[120.7426199148772,36.626509953371681]]},"properties":{"FID":2289,"Source_id":1,"Shape_Leng":125.63629865,"Region":"ASIA","Segment":"Blasting Solutions","Method":"Road","Product_tr":"Initiating System","Segment_id":1765,"Shape_Le_1":0.00074302677854100004,"Road":"Road_1","Length":70.439332276299993,"ID":"Road_1_1765"}},{"type":"Feature","id":2290,"geometry":{"type":"LineString","coordinates":[[120.7426199148772,36.626509953371681],[120.74327483086881,36.626862004677832]]},"properties":{"FID":2290,"Source_id":1,"Shape_Leng":125.63629865,"Region":"ASIA","Segment":"Blasting Solutions","Method":"Road","Product_tr":"Initiating System","Segment_id":1766,"Shape_Le_1":0.00074354225047399997,"Road":"Road_1","Length":70.411282601899998,"ID":"Road_1_1766"}},{"type":"Feature","id":2291,"geometry":{"type":"LineString","coordinates":[[120.74327483086881,36.626862004677832],[120.74392511175461,36.627220063455241]]},"properties":{"FID":2291,"Source_id":1,"Shape_Leng":125.63629865,"Region":"ASIA","Segment":"Blasting Solutions","Method":"Road","Product_tr":"Initiating System","Segment_id":1767,"Shape_Le_1":0.00074234178011699996,"Road":"Road_1","Length":70.4404063777,"ID":"Road_1_1767"}},{"type":"Feature","id":2292,"geometry":{"type":"LineString","coordinates":[[120.74392511175461,36.627220063455241],[120.74457482516812,36.627578780536339]]},"properties":{"FID":2292,"Source_id":1,"Shape_Leng":125.63629865,"Region":"ASIA","Segment":"Blasting Solutions","Method":"Road","Product_tr":"Initiating System","Segment_id":1768,"Shape_Le_1":0.00074216269373100004,"Road":"Road_1","Length":70.439537997299993,"ID":"Road_1_1768"}},{"type":"Feature","id":2293,"geometry":{"type":"LineString","coordinates":[[120.74457482516812,36.627578780536339],[120.74522860891318,36.627932709626918]]},"properties":{"FID":2293,"Source_id":1,"Shape_Leng":125.63629865,"Region":"ASIA","Segment":"Blasting Solutions","Method":"Road","Product_tr":"Initiating System","Segment_id":1769,"Shape_Le_1":0.00074343727810100002,"Road":"Road_1","Length":70.442352733800007,"ID":"Road_1_1769"}},{"type":"Feature","id":2294,"geometry":{"type":"LineString","coordinates":[[120.74522860891318,36.627932709626918],[120.74587999956236,36.628279999922086]]},"properties":{"FID":2294,"Source_id":1,"Shape_Leng":125.63629865,"Region":"ASIA","Segment":"Blasting Solutions","Method":"Road","Product_tr":"Initiating System","Segment_id":1770,"Shape_Le_1":0.00073818718964699999,"Road":"Road_1","Length":69.855419351199998,"ID":"Road_1_1770"}}]
}